Job Id;Start Time;End Time;Cluster Id;Nr Nodes;Compute Nodes;Locations
gromacs+1;0;140;0;674;{0, 1, 2, 3, 4, 5, 6, 7, 8, 9, 10, 11, 12, 13, 14, 15, 16, 17, 18, 19, 20, 21, 22, 23, 24, 25, 26, 27, 28, 29, 30, 31, 32, 33, 34, 35, 36, 37, 38, 39, 40, 41, 42, 43, 44, 45, 46, 47, 48, 49, 50, 51, 52, 53, 54, 55, 56, 57, 58, 59, 60, 61, 62, 63, 64, 65, 66, 67, 68, 69, 70, 71, 72, 73, 74, 75, 76, 77, 78, 79, 80, 81, 82, 83, 84, 85, 86, 87, 88, 89, 90, 91, 92, 93, 94, 95, 96, 97, 98, 99, 100, 101, 102, 103, 104, 105, 106, 107, 108, 109, 110, 111, 112, 113, 114, 115, 116, 117, 118, 119, 120, 121, 122, 123, 124, 125, 126, 127, 128, 129, 130, 131, 132, 133, 134, 135, 136, 137, 138, 139, 140, 141, 142, 143, 144, 145, 146, 147, 148, 149, 150, 151, 152, 153, 154, 155, 156, 157, 158, 159, 160, 161, 162, 163, 164, 165, 166, 167, 168, 169, 170, 171, 172, 173, 174, 175, 176, 177, 178, 179, 180, 181, 182, 183, 184, 185, 186, 187, 188, 189, 190, 191, 192, 193, 194, 195, 196, 197, 198, 199, 200, 201, 202, 203, 204, 205, 206, 207, 208, 209, 210, 211, 212, 213, 214, 215, 216, 217, 218, 219, 220, 221, 222, 223, 224, 225, 226, 227, 228, 229, 230, 231, 232, 233, 234, 235, 236, 237, 238, 239, 240, 241, 242, 243, 244, 245, 246, 247, 248, 249, 250, 251, 252, 253, 254, 255, 256, 257, 258, 259, 260, 261, 262, 263, 264, 265, 266, 267, 268, 269, 270, 271, 272, 273, 274, 275, 276, 277, 278, 279, 280, 281, 282, 283, 284, 285, 286, 287, 288, 289, 290, 291, 292, 293, 294, 295, 296, 297, 298, 299, 300, 301, 302, 303, 304, 305, 306, 307, 308, 309, 310, 311, 312, 313, 314, 315, 316, 317, 318, 319, 320, 321, 322, 323, 324, 325, 326, 327, 328, 329, 330, 331, 332, 333, 334, 335, 336, 337, 338, 339, 340, 341, 342, 343, 344, 345, 346, 347, 348, 349, 350, 351, 352, 353, 354, 355, 356, 357, 358, 359, 360, 361, 362, 363, 364, 365, 366, 367, 368, 369, 370, 371, 372, 373, 374, 375, 376, 377, 378, 379, 380, 381, 382, 383, 384, 385, 386, 387, 388, 389, 390, 391, 392, 393, 394, 395, 396, 397, 398, 399, 400, 401, 402, 403, 404, 405, 406, 407, 408, 409, 410, 411, 412, 413, 414, 415, 416, 417, 418, 419, 420, 421, 422, 423, 424, 425, 426, 427, 428, 429, 430, 431, 432, 433, 434, 435, 436, 437, 438, 439, 440, 441, 442, 443, 444, 445, 446, 447, 448, 449, 450, 451, 452, 453, 454, 455, 456, 457, 458, 459, 460, 461, 462, 463, 464, 465, 466, 467, 468, 469, 470, 471, 472, 473, 474, 475, 476, 477, 478, 479, 480, 481, 482, 483, 484, 485, 486, 487, 488, 489, 490, 491, 492, 493, 494, 495, 496, 497, 498, 499, 500, 501, 502, 503, 504, 505, 506, 507, 508, 509, 510, 511, 512, 513, 514, 515, 516, 517, 518, 519, 520, 521, 522, 523, 524, 525, 526, 527, 528, 529, 530, 531, 532, 533, 534, 535, 536, 537, 538, 539, 540, 541, 542, 543, 544, 545, 546, 547, 548, 549, 550, 551, 552, 553, 554, 555, 556, 557, 558, 559, 560, 561, 562, 563, 564, 565, 566, 567, 568, 569, 570, 571, 572, 573, 574, 575, 576, 577, 578, 579, 580, 581, 582, 583, 584, 585, 586, 587, 588, 589, 590, 591, 592, 593, 594, 595, 596, 597, 598, 599, 600, 601, 602, 603, 604, 605, 606, 607, 608, 609, 610, 611, 612, 613, 614, 615, 616, 617, 618, 619, 620, 621, 622, 623, 624, 625, 626, 627, 628, 629, 630, 631, 632, 633, 634, 635, 636, 637, 638, 639, 640, 641, 642, 643, 644, 645, 646, 647, 648, 649, 650, 651, 652, 653, 654, 655, 656, 657, 658, 659, 660, 661, 662, 663, 664, 665, 666, 667, 668, 669, 670, 671, 672, 673};local
resnet+2;0;360;1;926;{0, 1, 2, 3, 4, 5, 6, 7, 8, 9, 10, 11, 12, 13, 14, 15, 16, 17, 18, 19, 20, 21, 22, 23, 24, 25, 26, 27, 28, 29, 30, 31, 32, 33, 34, 35, 36, 37, 38, 39, 40, 41, 42, 43, 44, 45, 46, 47, 48, 49, 50, 51, 52, 53, 54, 55, 56, 57, 58, 59, 60, 61, 62, 63, 64, 65, 66, 67, 68, 69, 70, 71, 72, 73, 74, 75, 76, 77, 78, 79, 80, 81, 82, 83, 84, 85, 86, 87, 88, 89, 90, 91, 92, 93, 94, 95, 96, 97, 98, 99, 100, 101, 102, 103, 104, 105, 106, 107, 108, 109, 110, 111, 112, 113, 114, 115, 116, 117, 118, 119, 120, 121, 122, 123, 124, 125, 126, 127, 128, 129, 130, 131, 132, 133, 134, 135, 136, 137, 138, 139, 140, 141, 142, 143, 144, 145, 146, 147, 148, 149, 150, 151, 152, 153, 154, 155, 156, 157, 158, 159, 160, 161, 162, 163, 164, 165, 166, 167, 168, 169, 170, 171, 172, 173, 174, 175, 176, 177, 178, 179, 180, 181, 182, 183, 184, 185, 186, 187, 188, 189, 190, 191, 192, 193, 194, 195, 196, 197, 198, 199, 200, 201, 202, 203, 204, 205, 206, 207, 208, 209, 210, 211, 212, 213, 214, 215, 216, 217, 218, 219, 220, 221, 222, 223, 224, 225, 226, 227, 228, 229, 230, 231, 232, 233, 234, 235, 236, 237, 238, 239, 240, 241, 242, 243, 244, 245, 246, 247, 248, 249, 250, 251, 252, 253, 254, 255, 256, 257, 258, 259, 260, 261, 262, 263, 264, 265, 266, 267, 268, 269, 270, 271, 272, 273, 274, 275, 276, 277, 278, 279, 280, 281, 282, 283, 284, 285, 286, 287, 288, 289, 290, 291, 292, 293, 294, 295, 296, 297, 298, 299, 300, 301, 302, 303, 304, 305, 306, 307, 308, 309, 310, 311, 312, 313, 314, 315, 316, 317, 318, 319, 320, 321, 322, 323, 324, 325, 326, 327, 328, 329, 330, 331, 332, 333, 334, 335, 336, 337, 338, 339, 340, 341, 342, 343, 344, 345, 346, 347, 348, 349, 350, 351, 352, 353, 354, 355, 356, 357, 358, 359, 360, 361, 362, 363, 364, 365, 366, 367, 368, 369, 370, 371, 372, 373, 374, 375, 376, 377, 378, 379, 380, 381, 382, 383, 384, 385, 386, 387, 388, 389, 390, 391, 392, 393, 394, 395, 396, 397, 398, 399, 400, 401, 402, 403, 404, 405, 406, 407, 408, 409, 410, 411, 412, 413, 414, 415, 416, 417, 418, 419, 420, 421, 422, 423, 424, 425, 426, 427, 428, 429, 430, 431, 432, 433, 434, 435, 436, 437, 438, 439, 440, 441, 442, 443, 444, 445, 446, 447, 448, 449, 450, 451, 452, 453, 454, 455, 456, 457, 458, 459, 460, 461, 462, 463, 464, 465, 466, 467, 468, 469, 470, 471, 472, 473, 474, 475, 476, 477, 478, 479, 480, 481, 482, 483, 484, 485, 486, 487, 488, 489, 490, 491, 492, 493, 494, 495, 496, 497, 498, 499, 500, 501, 502, 503, 504, 505, 506, 507, 508, 509, 510, 511, 512, 513, 514, 515, 516, 517, 518, 519, 520, 521, 522, 523, 524, 525, 526, 527, 528, 529, 530, 531, 532, 533, 534, 535, 536, 537, 538, 539, 540, 541, 542, 543, 544, 545, 546, 547, 548, 549, 550, 551, 552, 553, 554, 555, 556, 557, 558, 559, 560, 561, 562, 563, 564, 565, 566, 567, 568, 569, 570, 571, 572, 573, 574, 575, 576, 577, 578, 579, 580, 581, 582, 583, 584, 585, 586, 587, 588, 589, 590, 591, 592, 593, 594, 595, 596, 597, 598, 599, 600, 601, 602, 603, 604, 605, 606, 607, 608, 609, 610, 611, 612, 613, 614, 615, 616, 617, 618, 619, 620, 621, 622, 623, 624, 625, 626, 627, 628, 629, 630, 631, 632, 633, 634, 635, 636, 637, 638, 639, 640, 641, 642, 643, 644, 645, 646, 647, 648, 649, 650, 651, 652, 653, 654, 655, 656, 657, 658, 659, 660, 661, 662, 663, 664, 665, 666, 667, 668, 669, 670, 671, 672, 673, 674, 675, 676, 677, 678, 679, 680, 681, 682, 683, 684, 685, 686, 687, 688, 689, 690, 691, 692, 693, 694, 695, 696, 697, 698, 699, 700, 701, 702, 703, 704, 705, 706, 707, 708, 709, 710, 711, 712, 713, 714, 715, 716, 717, 718, 719, 720, 721, 722, 723, 724, 725, 726, 727, 728, 729, 730, 731, 732, 733, 734, 735, 736, 737, 738, 739, 740, 741, 742, 743, 744, 745, 746, 747, 748, 749, 750, 751, 752, 753, 754, 755, 756, 757, 758, 759, 760, 761, 762, 763, 764, 765, 766, 767, 768, 769, 770, 771, 772, 773, 774, 775, 776, 777, 778, 779, 780, 781, 782, 783, 784, 785, 786, 787, 788, 789, 790, 791, 792, 793, 794, 795, 796, 797, 798, 799, 800, 801, 802, 803, 804, 805, 806, 807, 808, 809, 810, 811, 812, 813, 814, 815, 816, 817, 818, 819, 820, 821, 822, 823, 824, 825, 826, 827, 828, 829, 830, 831, 832, 833, 834, 835, 836, 837, 838, 839, 840, 841, 842, 843, 844, 845, 846, 847, 848, 849, 850, 851, 852, 853, 854, 855, 856, 857, 858, 859, 860, 861, 862, 863, 864, 865, 866, 867, 868, 869, 870, 871, 872, 873, 874, 875, 876, 877, 878, 879, 880, 881, 882, 883, 884, 885, 886, 887, 888, 889, 890, 891, 892, 893, 894, 895, 896, 897, 898, 899, 900, 901, 902, 903, 904, 905, 906, 907, 908, 909, 910, 911, 912, 913, 914, 915, 916, 917, 918, 919, 920, 921, 922, 923, 924, 925};local
gromacs+3;0;250;2;584;{0, 1, 2, 3, 4, 5, 6, 7, 8, 9, 10, 11, 12, 13, 14, 15, 16, 17, 18, 19, 20, 21, 22, 23, 24, 25, 26, 27, 28, 29, 30, 31, 32, 33, 34, 35, 36, 37, 38, 39, 40, 41, 42, 43, 44, 45, 46, 47, 48, 49, 50, 51, 52, 53, 54, 55, 56, 57, 58, 59, 60, 61, 62, 63, 64, 65, 66, 67, 68, 69, 70, 71, 72, 73, 74, 75, 76, 77, 78, 79, 80, 81, 82, 83, 84, 85, 86, 87, 88, 89, 90, 91, 92, 93, 94, 95, 96, 97, 98, 99, 100, 101, 102, 103, 104, 105, 106, 107, 108, 109, 110, 111, 112, 113, 114, 115, 116, 117, 118, 119, 120, 121, 122, 123, 124, 125, 126, 127, 128, 129, 130, 131, 132, 133, 134, 135, 136, 137, 138, 139, 140, 141, 142, 143, 144, 145, 146, 147, 148, 149, 150, 151, 152, 153, 154, 155, 156, 157, 158, 159, 160, 161, 162, 163, 164, 165, 166, 167, 168, 169, 170, 171, 172, 173, 174, 175, 176, 177, 178, 179, 180, 181, 182, 183, 184, 185, 186, 187, 188, 189, 190, 191, 192, 193, 194, 195, 196, 197, 198, 199, 200, 201, 202, 203, 204, 205, 206, 207, 208, 209, 210, 211, 212, 213, 214, 215, 216, 217, 218, 219, 220, 221, 222, 223, 224, 225, 226, 227, 228, 229, 230, 231, 232, 233, 234, 235, 236, 237, 238, 239, 240, 241, 242, 243, 244, 245, 246, 247, 248, 249, 250, 251, 252, 253, 254, 255, 256, 257, 258, 259, 260, 261, 262, 263, 264, 265, 266, 267, 268, 269, 270, 271, 272, 273, 274, 275, 276, 277, 278, 279, 280, 281, 282, 283, 284, 285, 286, 287, 288, 289, 290, 291, 292, 293, 294, 295, 296, 297, 298, 299, 300, 301, 302, 303, 304, 305, 306, 307, 308, 309, 310, 311, 312, 313, 314, 315, 316, 317, 318, 319, 320, 321, 322, 323, 324, 325, 326, 327, 328, 329, 330, 331, 332, 333, 334, 335, 336, 337, 338, 339, 340, 341, 342, 343, 344, 345, 346, 347, 348, 349, 350, 351, 352, 353, 354, 355, 356, 357, 358, 359, 360, 361, 362, 363, 364, 365, 366, 367, 368, 369, 370, 371, 372, 373, 374, 375, 376, 377, 378, 379, 380, 381, 382, 383, 384, 385, 386, 387, 388, 389, 390, 391, 392, 393, 394, 395, 396, 397, 398, 399, 400, 401, 402, 403, 404, 405, 406, 407, 408, 409, 410, 411, 412, 413, 414, 415, 416, 417, 418, 419, 420, 421, 422, 423, 424, 425, 426, 427, 428, 429, 430, 431, 432, 433, 434, 435, 436, 437, 438, 439, 440, 441, 442, 443, 444, 445, 446, 447, 448, 449, 450, 451, 452, 453, 454, 455, 456, 457, 458, 459, 460, 461, 462, 463, 464, 465, 466, 467, 468, 469, 470, 471, 472, 473, 474, 475, 476, 477, 478, 479, 480, 481, 482, 483, 484, 485, 486, 487, 488, 489, 490, 491, 492, 493, 494, 495, 496, 497, 498, 499, 500, 501, 502, 503, 504, 505, 506, 507, 508, 509, 510, 511, 512, 513, 514, 515, 516, 517, 518, 519, 520, 521, 522, 523, 524, 525, 526, 527, 528, 529, 530, 531, 532, 533, 534, 535, 536, 537, 538, 539, 540, 541, 542, 543, 544, 545, 546, 547, 548, 549, 550, 551, 552, 553, 554, 555, 556, 557, 558, 559, 560, 561, 562, 563, 564, 565, 566, 567, 568, 569, 570, 571, 572, 573, 574, 575, 576, 577, 578, 579, 580, 581, 582, 583};local
resnet+4;0;52160;3;407;{0, 1, 2, 3, 4, 5, 6, 7, 8, 9, 10, 11, 12, 13, 14, 15, 16, 17, 18, 19, 20, 21, 22, 23, 24, 25, 26, 27, 28, 29, 30, 31, 32, 33, 34, 35, 36, 37, 38, 39, 40, 41, 42, 43, 44, 45, 46, 47, 48, 49, 50, 51, 52, 53, 54, 55, 56, 57, 58, 59, 60, 61, 62, 63, 64, 65, 66, 67, 68, 69, 70, 71, 72, 73, 74, 75, 76, 77, 78, 79, 80, 81, 82, 83, 84, 85, 86, 87, 88, 89, 90, 91, 92, 93, 94, 95, 96, 97, 98, 99, 100, 101, 102, 103, 104, 105, 106, 107, 108, 109, 110, 111, 112, 113, 114, 115, 116, 117, 118, 119, 120, 121, 122, 123, 124, 125, 126, 127, 128, 129, 130, 131, 132, 133, 134, 135, 136, 137, 138, 139, 140, 141, 142, 143, 144, 145, 146, 147, 148, 149, 150, 151, 152, 153, 154, 155, 156, 157, 158, 159, 160, 161, 162, 163, 164, 165, 166, 167, 168, 169, 170, 171, 172, 173, 174, 175, 176, 177, 178, 179, 180, 181, 182, 183, 184, 185, 186, 187, 188, 189, 190, 191, 192, 193, 194, 195, 196, 197, 198, 199, 200, 201, 202, 203, 204, 205, 206, 207, 208, 209, 210, 211, 212, 213, 214, 215, 216, 217, 218, 219, 220, 221, 222, 223, 224, 225, 226, 227, 228, 229, 230, 231, 232, 233, 234, 235, 236, 237, 238, 239, 240, 241, 242, 243, 244, 245, 246, 247, 248, 249, 250, 251, 252, 253, 254, 255, 256, 257, 258, 259, 260, 261, 262, 263, 264, 265, 266, 267, 268, 269, 270, 271, 272, 273, 274, 275, 276, 277, 278, 279, 280, 281, 282, 283, 284, 285, 286, 287, 288, 289, 290, 291, 292, 293, 294, 295, 296, 297, 298, 299, 300, 301, 302, 303, 304, 305, 306, 307, 308, 309, 310, 311, 312, 313, 314, 315, 316, 317, 318, 319, 320, 321, 322, 323, 324, 325, 326, 327, 328, 329, 330, 331, 332, 333, 334, 335, 336, 337, 338, 339, 340, 341, 342, 343, 344, 345, 346, 347, 348, 349, 350, 351, 352, 353, 354, 355, 356, 357, 358, 359, 360, 361, 362, 363, 364, 365, 366, 367, 368, 369, 370, 371, 372, 373, 374, 375, 376, 377, 378, 379, 380, 381, 382, 383, 384, 385, 386, 387, 388, 389, 390, 391, 392, 393, 394, 395, 396, 397, 398, 399, 400, 401, 402, 403, 404, 405, 406};local
gromacs+5;0;60;3;495;{407, 408, 409, 410, 411, 412, 413, 414, 415, 416, 417, 418, 419, 420, 421, 422, 423, 424, 425, 426, 427, 428, 429, 430, 431, 432, 433, 434, 435, 436, 437, 438, 439, 440, 441, 442, 443, 444, 445, 446, 447, 448, 449, 450, 451, 452, 453, 454, 455, 456, 457, 458, 459, 460, 461, 462, 463, 464, 465, 466, 467, 468, 469, 470, 471, 472, 473, 474, 475, 476, 477, 478, 479, 480, 481, 482, 483, 484, 485, 486, 487, 488, 489, 490, 491, 492, 493, 494, 495, 496, 497, 498, 499, 500, 501, 502, 503, 504, 505, 506, 507, 508, 509, 510, 511, 512, 513, 514, 515, 516, 517, 518, 519, 520, 521, 522, 523, 524, 525, 526, 527, 528, 529, 530, 531, 532, 533, 534, 535, 536, 537, 538, 539, 540, 541, 542, 543, 544, 545, 546, 547, 548, 549, 550, 551, 552, 553, 554, 555, 556, 557, 558, 559, 560, 561, 562, 563, 564, 565, 566, 567, 568, 569, 570, 571, 572, 573, 574, 575, 576, 577, 578, 579, 580, 581, 582, 583, 584, 585, 586, 587, 588, 589, 590, 591, 592, 593, 594, 595, 596, 597, 598, 599, 600, 601, 602, 603, 604, 605, 606, 607, 608, 609, 610, 611, 612, 613, 614, 615, 616, 617, 618, 619, 620, 621, 622, 623, 624, 625, 626, 627, 628, 629, 630, 631, 632, 633, 634, 635, 636, 637, 638, 639, 640, 641, 642, 643, 644, 645, 646, 647, 648, 649, 650, 651, 652, 653, 654, 655, 656, 657, 658, 659, 660, 661, 662, 663, 664, 665, 666, 667, 668, 669, 670, 671, 672, 673, 674, 675, 676, 677, 678, 679, 680, 681, 682, 683, 684, 685, 686, 687, 688, 689, 690, 691, 692, 693, 694, 695, 696, 697, 698, 699, 700, 701, 702, 703, 704, 705, 706, 707, 708, 709, 710, 711, 712, 713, 714, 715, 716, 717, 718, 719, 720, 721, 722, 723, 724, 725, 726, 727, 728, 729, 730, 731, 732, 733, 734, 735, 736, 737, 738, 739, 740, 741, 742, 743, 744, 745, 746, 747, 748, 749, 750, 751, 752, 753, 754, 755, 756, 757, 758, 759, 760, 761, 762, 763, 764, 765, 766, 767, 768, 769, 770, 771, 772, 773, 774, 775, 776, 777, 778, 779, 780, 781, 782, 783, 784, 785, 786, 787, 788, 789, 790, 791, 792, 793, 794, 795, 796, 797, 798, 799, 800, 801, 802, 803, 804, 805, 806, 807, 808, 809, 810, 811, 812, 813, 814, 815, 816, 817, 818, 819, 820, 821, 822, 823, 824, 825, 826, 827, 828, 829, 830, 831, 832, 833, 834, 835, 836, 837, 838, 839, 840, 841, 842, 843, 844, 845, 846, 847, 848, 849, 850, 851, 852, 853, 854, 855, 856, 857, 858, 859, 860, 861, 862, 863, 864, 865, 866, 867, 868, 869, 870, 871, 872, 873, 874, 875, 876, 877, 878, 879, 880, 881, 882, 883, 884, 885, 886, 887, 888, 889, 890, 891, 892, 893, 894, 895, 896, 897, 898, 899, 900, 901};local
resnet+6;0;46070;2;303;{584, 585, 586, 587, 588, 589, 590, 591, 592, 593, 594, 595, 596, 597, 598, 599, 600, 601, 602, 603, 604, 605, 606, 607, 608, 609, 610, 611, 612, 613, 614, 615, 616, 617, 618, 619, 620, 621, 622, 623, 624, 625, 626, 627, 628, 629, 630, 631, 632, 633, 634, 635, 636, 637, 638, 639, 640, 641, 642, 643, 644, 645, 646, 647, 648, 649, 650, 651, 652, 653, 654, 655, 656, 657, 658, 659, 660, 661, 662, 663, 664, 665, 666, 667, 668, 669, 670, 671, 672, 673, 674, 675, 676, 677, 678, 679, 680, 681, 682, 683, 684, 685, 686, 687, 688, 689, 690, 691, 692, 693, 694, 695, 696, 697, 698, 699, 700, 701, 702, 703, 704, 705, 706, 707, 708, 709, 710, 711, 712, 713, 714, 715, 716, 717, 718, 719, 720, 721, 722, 723, 724, 725, 726, 727, 728, 729, 730, 731, 732, 733, 734, 735, 736, 737, 738, 739, 740, 741, 742, 743, 744, 745, 746, 747, 748, 749, 750, 751, 752, 753, 754, 755, 756, 757, 758, 759, 760, 761, 762, 763, 764, 765, 766, 767, 768, 769, 770, 771, 772, 773, 774, 775, 776, 777, 778, 779, 780, 781, 782, 783, 784, 785, 786, 787, 788, 789, 790, 791, 792, 793, 794, 795, 796, 797, 798, 799, 800, 801, 802, 803, 804, 805, 806, 807, 808, 809, 810, 811, 812, 813, 814, 815, 816, 817, 818, 819, 820, 821, 822, 823, 824, 825, 826, 827, 828, 829, 830, 831, 832, 833, 834, 835, 836, 837, 838, 839, 840, 841, 842, 843, 844, 845, 846, 847, 848, 849, 850, 851, 852, 853, 854, 855, 856, 857, 858, 859, 860, 861, 862, 863, 864, 865, 866, 867, 868, 869, 870, 871, 872, 873, 874, 875, 876, 877, 878, 879, 880, 881, 882, 883, 884, 885, 886};local
gromacs+7;0;3530;0;247;{674, 675, 676, 677, 678, 679, 680, 681, 682, 683, 684, 685, 686, 687, 688, 689, 690, 691, 692, 693, 694, 695, 696, 697, 698, 699, 700, 701, 702, 703, 704, 705, 706, 707, 708, 709, 710, 711, 712, 713, 714, 715, 716, 717, 718, 719, 720, 721, 722, 723, 724, 725, 726, 727, 728, 729, 730, 731, 732, 733, 734, 735, 736, 737, 738, 739, 740, 741, 742, 743, 744, 745, 746, 747, 748, 749, 750, 751, 752, 753, 754, 755, 756, 757, 758, 759, 760, 761, 762, 763, 764, 765, 766, 767, 768, 769, 770, 771, 772, 773, 774, 775, 776, 777, 778, 779, 780, 781, 782, 783, 784, 785, 786, 787, 788, 789, 790, 791, 792, 793, 794, 795, 796, 797, 798, 799, 800, 801, 802, 803, 804, 805, 806, 807, 808, 809, 810, 811, 812, 813, 814, 815, 816, 817, 818, 819, 820, 821, 822, 823, 824, 825, 826, 827, 828, 829, 830, 831, 832, 833, 834, 835, 836, 837, 838, 839, 840, 841, 842, 843, 844, 845, 846, 847, 848, 849, 850, 851, 852, 853, 854, 855, 856, 857, 858, 859, 860, 861, 862, 863, 864, 865, 866, 867, 868, 869, 870, 871, 872, 873, 874, 875, 876, 877, 878, 879, 880, 881, 882, 883, 884, 885, 886, 887, 888, 889, 890, 891, 892, 893, 894, 895, 896, 897, 898, 899, 900, 901, 902, 903, 904, 905, 906, 907, 908, 909, 910, 911, 912, 913, 914, 915, 916, 917, 918, 919, 920};local
resnet+8;0;50;2;253;{1024, 1025, 1026, 1027, 1028, 1029, 1030, 1031, 1032, 1033, 1034, 1035, 1036, 1037, 1038, 1039, 1040, 1041, 1042, 1043, 1044, 1045, 1046, 1047, 1048, 1049, 1050, 1051, 1052, 1053, 1054, 1055, 1056, 1057, 1058, 1059, 1060, 1061, 1062, 1063, 1064, 1065, 1066, 1067, 1068, 1069, 1070, 1071, 1072, 1073, 1074, 1075, 1076, 1077, 1078, 1079, 1080, 1081, 1082, 1083, 1084, 1085, 1086, 1087, 1088, 1089, 1090, 1091, 1092, 1093, 1094, 1095, 1096, 1097, 1098, 1099, 1100, 1101, 1102, 1103, 1104, 1105, 1106, 1107, 1108, 1109, 1110, 1111, 1112, 1113, 1114, 1115, 1116, 1117, 1118, 1119, 1120, 1121, 1122, 1123, 1124, 1125, 1126, 1127, 1128, 1129, 1130, 1131, 1132, 1133, 1134, 1135, 1136, 1137, 1138, 1139, 887, 888, 889, 890, 891, 892, 893, 894, 895, 896, 897, 898, 899, 900, 901, 902, 903, 904, 905, 906, 907, 908, 909, 910, 911, 912, 913, 914, 915, 916, 917, 918, 919, 920, 921, 922, 923, 924, 925, 926, 927, 928, 929, 930, 931, 932, 933, 934, 935, 936, 937, 938, 939, 940, 941, 942, 943, 944, 945, 946, 947, 948, 949, 950, 951, 952, 953, 954, 955, 956, 957, 958, 959, 960, 961, 962, 963, 964, 965, 966, 967, 968, 969, 970, 971, 972, 973, 974, 975, 976, 977, 978, 979, 980, 981, 982, 983, 984, 985, 986, 987, 988, 989, 990, 991, 992, 993, 994, 995, 996, 997, 998, 999, 1000, 1001, 1002, 1003, 1004, 1005, 1006, 1007, 1008, 1009, 1010, 1011, 1012, 1013, 1014, 1015, 1016, 1017, 1018, 1019, 1020, 1021, 1022, 1023};local
gromacs+9;0;50;3;198;{1024, 1025, 1026, 1027, 1028, 1029, 1030, 1031, 1032, 1033, 1034, 1035, 1036, 1037, 1038, 1039, 1040, 1041, 1042, 1043, 1044, 1045, 1046, 1047, 1048, 1049, 1050, 1051, 1052, 1053, 1054, 1055, 1056, 1057, 1058, 1059, 1060, 1061, 1062, 1063, 1064, 1065, 1066, 1067, 1068, 1069, 1070, 1071, 1072, 1073, 1074, 1075, 1076, 1077, 1078, 1079, 1080, 1081, 1082, 1083, 1084, 1085, 1086, 1087, 1088, 1089, 1090, 1091, 1092, 1093, 1094, 1095, 1096, 1097, 1098, 1099, 902, 903, 904, 905, 906, 907, 908, 909, 910, 911, 912, 913, 914, 915, 916, 917, 918, 919, 920, 921, 922, 923, 924, 925, 926, 927, 928, 929, 930, 931, 932, 933, 934, 935, 936, 937, 938, 939, 940, 941, 942, 943, 944, 945, 946, 947, 948, 949, 950, 951, 952, 953, 954, 955, 956, 957, 958, 959, 960, 961, 962, 963, 964, 965, 966, 967, 968, 969, 970, 971, 972, 973, 974, 975, 976, 977, 978, 979, 980, 981, 982, 983, 984, 985, 986, 987, 988, 989, 990, 991, 992, 993, 994, 995, 996, 997, 998, 999, 1000, 1001, 1002, 1003, 1004, 1005, 1006, 1007, 1008, 1009, 1010, 1011, 1012, 1013, 1014, 1015, 1016, 1017, 1018, 1019, 1020, 1021, 1022, 1023};local
resnet+10;0;55970;0;195;{1024, 1025, 1026, 1027, 1028, 1029, 1030, 1031, 1032, 1033, 1034, 1035, 1036, 1037, 1038, 1039, 1040, 1041, 1042, 1043, 1044, 1045, 1046, 1047, 1048, 1049, 1050, 1051, 1052, 1053, 1054, 1055, 1056, 1057, 1058, 1059, 1060, 1061, 1062, 1063, 1064, 1065, 1066, 1067, 1068, 1069, 1070, 1071, 1072, 1073, 1074, 1075, 1076, 1077, 1078, 1079, 1080, 1081, 1082, 1083, 1084, 1085, 1086, 1087, 1088, 1089, 1090, 1091, 1092, 1093, 1094, 1095, 1096, 1097, 1098, 1099, 1100, 1101, 1102, 1103, 1104, 1105, 1106, 1107, 1108, 1109, 1110, 1111, 1112, 1113, 1114, 1115, 921, 922, 923, 924, 925, 926, 927, 928, 929, 930, 931, 932, 933, 934, 935, 936, 937, 938, 939, 940, 941, 942, 943, 944, 945, 946, 947, 948, 949, 950, 951, 952, 953, 954, 955, 956, 957, 958, 959, 960, 961, 962, 963, 964, 965, 966, 967, 968, 969, 970, 971, 972, 973, 974, 975, 976, 977, 978, 979, 980, 981, 982, 983, 984, 985, 986, 987, 988, 989, 990, 991, 992, 993, 994, 995, 996, 997, 998, 999, 1000, 1001, 1002, 1003, 1004, 1005, 1006, 1007, 1008, 1009, 1010, 1011, 1012, 1013, 1014, 1015, 1016, 1017, 1018, 1019, 1020, 1021, 1022, 1023};local
gromacs+11;0;20;1;196;{1024, 1025, 1026, 1027, 1028, 1029, 1030, 1031, 1032, 1033, 1034, 1035, 1036, 1037, 1038, 1039, 1040, 1041, 1042, 1043, 1044, 1045, 1046, 1047, 1048, 1049, 1050, 1051, 1052, 1053, 1054, 1055, 1056, 1057, 1058, 1059, 1060, 1061, 1062, 1063, 1064, 1065, 1066, 1067, 1068, 1069, 1070, 1071, 1072, 1073, 1074, 1075, 1076, 1077, 1078, 1079, 1080, 1081, 1082, 1083, 1084, 1085, 1086, 1087, 1088, 1089, 1090, 1091, 1092, 1093, 1094, 1095, 1096, 1097, 1098, 1099, 1100, 1101, 1102, 1103, 1104, 1105, 1106, 1107, 1108, 1109, 1110, 1111, 1112, 1113, 1114, 1115, 1116, 1117, 1118, 1119, 1120, 1121, 926, 927, 928, 929, 930, 931, 932, 933, 934, 935, 936, 937, 938, 939, 940, 941, 942, 943, 944, 945, 946, 947, 948, 949, 950, 951, 952, 953, 954, 955, 956, 957, 958, 959, 960, 961, 962, 963, 964, 965, 966, 967, 968, 969, 970, 971, 972, 973, 974, 975, 976, 977, 978, 979, 980, 981, 982, 983, 984, 985, 986, 987, 988, 989, 990, 991, 992, 993, 994, 995, 996, 997, 998, 999, 1000, 1001, 1002, 1003, 1004, 1005, 1006, 1007, 1008, 1009, 1010, 1011, 1012, 1013, 1014, 1015, 1016, 1017, 1018, 1019, 1020, 1021, 1022, 1023};local
resnet+12;0;70;3;192;{1100, 1101, 1102, 1103, 1104, 1105, 1106, 1107, 1108, 1109, 1110, 1111, 1112, 1113, 1114, 1115, 1116, 1117, 1118, 1119, 1120, 1121, 1122, 1123, 1124, 1125, 1126, 1127, 1128, 1129, 1130, 1131, 1132, 1133, 1134, 1135, 1136, 1137, 1138, 1139, 1140, 1141, 1142, 1143, 1144, 1145, 1146, 1147, 1148, 1149, 1150, 1151, 1152, 1153, 1154, 1155, 1156, 1157, 1158, 1159, 1160, 1161, 1162, 1163, 1164, 1165, 1166, 1167, 1168, 1169, 1170, 1171, 1172, 1173, 1174, 1175, 1176, 1177, 1178, 1179, 1180, 1181, 1182, 1183, 1184, 1185, 1186, 1187, 1188, 1189, 1190, 1191, 1192, 1193, 1194, 1195, 1196, 1197, 1198, 1199, 1200, 1201, 1202, 1203, 1204, 1205, 1206, 1207, 1208, 1209, 1210, 1211, 1212, 1213, 1214, 1215, 1216, 1217, 1218, 1219, 1220, 1221, 1222, 1223, 1224, 1225, 1226, 1227, 1228, 1229, 1230, 1231, 1232, 1233, 1234, 1235, 1236, 1237, 1238, 1239, 1240, 1241, 1242, 1243, 1244, 1245, 1246, 1247, 1248, 1249, 1250, 1251, 1252, 1253, 1254, 1255, 1256, 1257, 1258, 1259, 1260, 1261, 1262, 1263, 1264, 1265, 1266, 1267, 1268, 1269, 1270, 1271, 1272, 1273, 1274, 1275, 1276, 1277, 1278, 1279, 1280, 1281, 1282, 1283, 1284, 1285, 1286, 1287, 1288, 1289, 1290, 1291};local
gromacs+13;0;60;0;129;{1116, 1117, 1118, 1119, 1120, 1121, 1122, 1123, 1124, 1125, 1126, 1127, 1128, 1129, 1130, 1131, 1132, 1133, 1134, 1135, 1136, 1137, 1138, 1139, 1140, 1141, 1142, 1143, 1144, 1145, 1146, 1147, 1148, 1149, 1150, 1151, 1152, 1153, 1154, 1155, 1156, 1157, 1158, 1159, 1160, 1161, 1162, 1163, 1164, 1165, 1166, 1167, 1168, 1169, 1170, 1171, 1172, 1173, 1174, 1175, 1176, 1177, 1178, 1179, 1180, 1181, 1182, 1183, 1184, 1185, 1186, 1187, 1188, 1189, 1190, 1191, 1192, 1193, 1194, 1195, 1196, 1197, 1198, 1199, 1200, 1201, 1202, 1203, 1204, 1205, 1206, 1207, 1208, 1209, 1210, 1211, 1212, 1213, 1214, 1215, 1216, 1217, 1218, 1219, 1220, 1221, 1222, 1223, 1224, 1225, 1226, 1227, 1228, 1229, 1230, 1231, 1232, 1233, 1234, 1235, 1236, 1237, 1238, 1239, 1240, 1241, 1242, 1243, 1244};local
resnet+14;0;300;1;137;{1122, 1123, 1124, 1125, 1126, 1127, 1128, 1129, 1130, 1131, 1132, 1133, 1134, 1135, 1136, 1137, 1138, 1139, 1140, 1141, 1142, 1143, 1144, 1145, 1146, 1147, 1148, 1149, 1150, 1151, 1152, 1153, 1154, 1155, 1156, 1157, 1158, 1159, 1160, 1161, 1162, 1163, 1164, 1165, 1166, 1167, 1168, 1169, 1170, 1171, 1172, 1173, 1174, 1175, 1176, 1177, 1178, 1179, 1180, 1181, 1182, 1183, 1184, 1185, 1186, 1187, 1188, 1189, 1190, 1191, 1192, 1193, 1194, 1195, 1196, 1197, 1198, 1199, 1200, 1201, 1202, 1203, 1204, 1205, 1206, 1207, 1208, 1209, 1210, 1211, 1212, 1213, 1214, 1215, 1216, 1217, 1218, 1219, 1220, 1221, 1222, 1223, 1224, 1225, 1226, 1227, 1228, 1229, 1230, 1231, 1232, 1233, 1234, 1235, 1236, 1237, 1238, 1239, 1240, 1241, 1242, 1243, 1244, 1245, 1246, 1247, 1248, 1249, 1250, 1251, 1252, 1253, 1254, 1255, 1256, 1257, 1258};local
gromacs+54;0;10;2;64;{1152, 1153, 1154, 1155, 1156, 1157, 1158, 1159, 1160, 1161, 1162, 1163, 1164, 1165, 1166, 1167, 1168, 1169, 1170, 1171, 1172, 1173, 1174, 1175, 1176, 1177, 1178, 1179, 1180, 1181, 1182, 1183, 1184, 1185, 1186, 1187, 1188, 1189, 1190, 1191, 1192, 1193, 1194, 1195, 1196, 1197, 1198, 1199, 1200, 1201, 1202, 1203, 1140, 1141, 1142, 1143, 1144, 1145, 1146, 1147, 1148, 1149, 1150, 1151};local
resnet+201;70;120;2;5;{1140, 1141, 1142, 1143, 1144};local
gromacs+15;80;400;1;222;{1024, 1025, 1026, 1027, 1028, 1029, 1030, 1031, 1032, 1033, 1034, 1035, 1036, 1037, 1038, 1039, 1040, 1041, 1042, 1043, 1044, 1045, 1046, 1047, 1048, 1049, 1050, 1051, 1052, 1053, 1054, 1055, 1056, 1057, 1058, 1059, 1060, 1061, 1062, 1063, 1064, 1065, 1066, 1067, 1068, 1069, 1070, 1071, 1072, 1073, 1074, 1075, 1076, 1077, 1078, 1079, 1080, 1081, 1082, 1083, 1084, 1085, 1086, 1087, 1088, 1089, 1090, 1091, 1092, 1093, 1094, 1095, 1096, 1097, 1098, 1099, 1100, 1101, 1102, 1103, 1104, 1105, 1106, 1107, 1108, 1109, 1110, 1111, 1112, 1113, 1114, 1115, 1116, 1117, 1118, 1119, 1120, 1121, 1259, 1260, 1261, 1262, 1263, 1264, 1265, 1266, 1267, 1268, 1269, 1270, 1271, 1272, 1273, 1274, 1275, 1276, 1277, 1278, 1279, 1280, 1281, 1282, 1283, 1284, 926, 927, 928, 929, 930, 931, 932, 933, 934, 935, 936, 937, 938, 939, 940, 941, 942, 943, 944, 945, 946, 947, 948, 949, 950, 951, 952, 953, 954, 955, 956, 957, 958, 959, 960, 961, 962, 963, 964, 965, 966, 967, 968, 969, 970, 971, 972, 973, 974, 975, 976, 977, 978, 979, 980, 981, 982, 983, 984, 985, 986, 987, 988, 989, 990, 991, 992, 993, 994, 995, 996, 997, 998, 999, 1000, 1001, 1002, 1003, 1004, 1005, 1006, 1007, 1008, 1009, 1010, 1011, 1012, 1013, 1014, 1015, 1016, 1017, 1018, 1019, 1020, 1021, 1022, 1023};local
resnet+16;110;53520;2;242;{1024, 1025, 1026, 1027, 1028, 1029, 1030, 1031, 1032, 1033, 1034, 1035, 1036, 1037, 1038, 1039, 1040, 1041, 1042, 1043, 1044, 1045, 1046, 1047, 1048, 1049, 1050, 1051, 1052, 1053, 1054, 1055, 1056, 1057, 1058, 1059, 1060, 1061, 1062, 1063, 1064, 1065, 1066, 1067, 1068, 1069, 1070, 1071, 1072, 1073, 1074, 1075, 1076, 1077, 1078, 1079, 1080, 1081, 1082, 1083, 1084, 1085, 1086, 1087, 1088, 1089, 1090, 1091, 1092, 1093, 1094, 1095, 1096, 1097, 1098, 1099, 1100, 1101, 1102, 1103, 1104, 1105, 1106, 1107, 1108, 1109, 1110, 1111, 1112, 1113, 1114, 1115, 1116, 1117, 1118, 1119, 1120, 1121, 1122, 1123, 1124, 1125, 1126, 1127, 1128, 887, 888, 889, 890, 891, 892, 893, 894, 895, 896, 897, 898, 899, 900, 901, 902, 903, 904, 905, 906, 907, 908, 909, 910, 911, 912, 913, 914, 915, 916, 917, 918, 919, 920, 921, 922, 923, 924, 925, 926, 927, 928, 929, 930, 931, 932, 933, 934, 935, 936, 937, 938, 939, 940, 941, 942, 943, 944, 945, 946, 947, 948, 949, 950, 951, 952, 953, 954, 955, 956, 957, 958, 959, 960, 961, 962, 963, 964, 965, 966, 967, 968, 969, 970, 971, 972, 973, 974, 975, 976, 977, 978, 979, 980, 981, 982, 983, 984, 985, 986, 987, 988, 989, 990, 991, 992, 993, 994, 995, 996, 997, 998, 999, 1000, 1001, 1002, 1003, 1004, 1005, 1006, 1007, 1008, 1009, 1010, 1011, 1012, 1013, 1014, 1015, 1016, 1017, 1018, 1019, 1020, 1021, 1022, 1023};local
gromacs+17;110;240;3;240;{1024, 1025, 1026, 1027, 1028, 1029, 1030, 1031, 1032, 1033, 1034, 1035, 1036, 1037, 1038, 1039, 1040, 1041, 1042, 1043, 1044, 1045, 1046, 1047, 1048, 1049, 1050, 1051, 1052, 1053, 1054, 1055, 1056, 1057, 1058, 1059, 1060, 1061, 1062, 1063, 1064, 1065, 1066, 1067, 1068, 1069, 1070, 1071, 1072, 1073, 1074, 1075, 1076, 1077, 1078, 1079, 1080, 1081, 1082, 1083, 1084, 1085, 1086, 1087, 1088, 1089, 1090, 1091, 1092, 1093, 1094, 1095, 1096, 1097, 1098, 1099, 1292, 1293, 1294, 1295, 1296, 1297, 1298, 1299, 1300, 1301, 1302, 1303, 1304, 1305, 1306, 1307, 1308, 1309, 1310, 1311, 1312, 1313, 1314, 1315, 1316, 1317, 1318, 1319, 1320, 1321, 1322, 1323, 1324, 1325, 1326, 1327, 1328, 1329, 1330, 1331, 1332, 1333, 902, 903, 904, 905, 906, 907, 908, 909, 910, 911, 912, 913, 914, 915, 916, 917, 918, 919, 920, 921, 922, 923, 924, 925, 926, 927, 928, 929, 930, 931, 932, 933, 934, 935, 936, 937, 938, 939, 940, 941, 942, 943, 944, 945, 946, 947, 948, 949, 950, 951, 952, 953, 954, 955, 956, 957, 958, 959, 960, 961, 962, 963, 964, 965, 966, 967, 968, 969, 970, 971, 972, 973, 974, 975, 976, 977, 978, 979, 980, 981, 982, 983, 984, 985, 986, 987, 988, 989, 990, 991, 992, 993, 994, 995, 996, 997, 998, 999, 1000, 1001, 1002, 1003, 1004, 1005, 1006, 1007, 1008, 1009, 1010, 1011, 1012, 1013, 1014, 1015, 1016, 1017, 1018, 1019, 1020, 1021, 1022, 1023};local
resnet+18;120;39410;3;231;{512, 513, 514, 515, 516, 517, 518, 519, 520, 521, 522, 523, 524, 525, 526, 527, 528, 529, 530, 531, 532, 533, 534, 535, 536, 537, 538, 539, 540, 541, 542, 543, 544, 545, 546, 547, 548, 549, 550, 551, 552, 553, 554, 555, 556, 557, 558, 559, 560, 561, 562, 563, 564, 565, 566, 567, 568, 569, 570, 571, 572, 573, 574, 575, 576, 577, 578, 579, 580, 581, 582, 583, 584, 585, 586, 587, 588, 589, 590, 591, 592, 593, 594, 595, 596, 597, 598, 599, 600, 601, 602, 603, 604, 605, 606, 607, 608, 609, 610, 611, 612, 613, 614, 615, 616, 617, 618, 619, 620, 621, 622, 623, 624, 625, 626, 627, 628, 629, 630, 631, 632, 633, 634, 635, 636, 637, 407, 408, 409, 410, 411, 412, 413, 414, 415, 416, 417, 418, 419, 420, 421, 422, 423, 424, 425, 426, 427, 428, 429, 430, 431, 432, 433, 434, 435, 436, 437, 438, 439, 440, 441, 442, 443, 444, 445, 446, 447, 448, 449, 450, 451, 452, 453, 454, 455, 456, 457, 458, 459, 460, 461, 462, 463, 464, 465, 466, 467, 468, 469, 470, 471, 472, 473, 474, 475, 476, 477, 478, 479, 480, 481, 482, 483, 484, 485, 486, 487, 488, 489, 490, 491, 492, 493, 494, 495, 496, 497, 498, 499, 500, 501, 502, 503, 504, 505, 506, 507, 508, 509, 510, 511};local
gromacs+19;120;600;3;256;{638, 639, 640, 641, 642, 643, 644, 645, 646, 647, 648, 649, 650, 651, 652, 653, 654, 655, 656, 657, 658, 659, 660, 661, 662, 663, 664, 665, 666, 667, 668, 669, 670, 671, 672, 673, 674, 675, 676, 677, 678, 679, 680, 681, 682, 683, 684, 685, 686, 687, 688, 689, 690, 691, 692, 693, 694, 695, 696, 697, 698, 699, 700, 701, 702, 703, 704, 705, 706, 707, 708, 709, 710, 711, 712, 713, 714, 715, 716, 717, 718, 719, 720, 721, 722, 723, 724, 725, 726, 727, 728, 729, 730, 731, 732, 733, 734, 735, 736, 737, 738, 739, 740, 741, 742, 743, 744, 745, 746, 747, 748, 749, 750, 751, 752, 753, 754, 755, 756, 757, 758, 759, 760, 761, 762, 763, 764, 765, 766, 767, 768, 769, 770, 771, 772, 773, 774, 775, 776, 777, 778, 779, 780, 781, 782, 783, 784, 785, 786, 787, 788, 789, 790, 791, 792, 793, 794, 795, 796, 797, 798, 799, 800, 801, 802, 803, 804, 805, 806, 807, 808, 809, 810, 811, 812, 813, 814, 815, 816, 817, 818, 819, 820, 821, 822, 823, 824, 825, 826, 827, 828, 829, 830, 831, 832, 833, 834, 835, 836, 837, 838, 839, 840, 841, 842, 843, 844, 845, 846, 847, 848, 849, 850, 851, 852, 853, 854, 855, 856, 857, 858, 859, 860, 861, 862, 863, 864, 865, 866, 867, 868, 869, 870, 871, 872, 873, 874, 875, 876, 877, 878, 879, 880, 881, 882, 883, 884, 885, 886, 887, 888, 889, 890, 891, 892, 893};local
resnet+60;120;130;0;60;{1152, 1153, 1154, 1155, 1156, 1157, 1158, 1159, 1160, 1161, 1162, 1163, 1164, 1165, 1166, 1167, 1168, 1169, 1170, 1171, 1172, 1173, 1174, 1175, 1116, 1117, 1118, 1119, 1120, 1121, 1122, 1123, 1124, 1125, 1126, 1127, 1128, 1129, 1130, 1131, 1132, 1133, 1134, 1135, 1136, 1137, 1138, 1139, 1140, 1141, 1142, 1143, 1144, 1145, 1146, 1147, 1148, 1149, 1150, 1151};local
gromacs+95;120;140;2;28;{1152, 1153, 1154, 1155, 1156, 1157, 1158, 1159, 1160, 1161, 1129, 1130, 1131, 1132, 1133, 1134, 1135, 1136, 1137, 1138, 1139, 1145, 1146, 1147, 1148, 1149, 1150, 1151};local
resnet+20;130;660;3;243;{1100, 1101, 1102, 1103, 1104, 1105, 1106, 1107, 1108, 1109, 1110, 1111, 1112, 1113, 1114, 1115, 1116, 1117, 1118, 1119, 1120, 1121, 1122, 1123, 1124, 1125, 1126, 1127, 1128, 1129, 1130, 1131, 1132, 1133, 1134, 1135, 1136, 1137, 1138, 1139, 1140, 1141, 1142, 1143, 1144, 1145, 1146, 1147, 1148, 1149, 1150, 1151, 1152, 1153, 1154, 1155, 1156, 1157, 1158, 1159, 1160, 1161, 1162, 1163, 1164, 1165, 1166, 1167, 1168, 1169, 1170, 1171, 1172, 1173, 1174, 1175, 1176, 1177, 1178, 1179, 1180, 1181, 1182, 1183, 1184, 1185, 1186, 1187, 1188, 1189, 1190, 1191, 1192, 1193, 1194, 1195, 1196, 1197, 1198, 1199, 1200, 1201, 1202, 1203, 1204, 1205, 1206, 1207, 1208, 1209, 1210, 1211, 1212, 1213, 1214, 1215, 1216, 1217, 1218, 1219, 1220, 1221, 1222, 1223, 1224, 1225, 1226, 1227, 1228, 1229, 1230, 1231, 1232, 1233, 1234, 1235, 1236, 1237, 1238, 1239, 1240, 1241, 1242, 1243, 1244, 1245, 1246, 1247, 1248, 1249, 1250, 1251, 1252, 1253, 1254, 1255, 1256, 1257, 1258, 1259, 1260, 1261, 1262, 1263, 1264, 1265, 1266, 1267, 1268, 1269, 1270, 1271, 1272, 1273, 1274, 1275, 1276, 1277, 1278, 1279, 1280, 1281, 1282, 1283, 1284, 1285, 1286, 1287, 1288, 1289, 1290, 1291, 1334, 1335, 1336, 1337, 1338, 1339, 1340, 1341, 1342, 1343, 1344, 1345, 1346, 1347, 1348, 1349, 1350, 1351, 1352, 1353, 1354, 1355, 1356, 1357, 1358, 1359, 1360, 1361, 1362, 1363, 1364, 1365, 1366, 1367, 1368, 1369, 1370, 1371, 1372, 1373, 1374, 1375, 1376, 894, 895, 896, 897, 898, 899, 900, 901};local
gromacs+175;190;200;0;10;{1120, 1121, 1122, 1123, 1124, 1125, 1116, 1117, 1118, 1119};local
resnet+21;200;2270;0;157;{0, 1, 2, 3, 4, 5, 6, 7, 8, 9, 10, 11, 12, 13, 14, 15, 16, 17, 18, 19, 20, 21, 22, 23, 24, 25, 26, 27, 28, 29, 30, 31, 32, 33, 34, 35, 36, 37, 38, 39, 40, 41, 42, 43, 44, 45, 46, 47, 48, 49, 50, 51, 52, 53, 54, 55, 56, 57, 58, 59, 60, 61, 62, 63, 64, 65, 66, 67, 68, 69, 70, 71, 72, 73, 74, 75, 76, 77, 78, 79, 80, 81, 82, 83, 84, 85, 86, 87, 88, 89, 90, 91, 92, 93, 94, 95, 96, 97, 98, 99, 100, 101, 102, 103, 104, 105, 106, 107, 108, 109, 110, 111, 112, 113, 114, 115, 116, 117, 118, 119, 120, 121, 122, 123, 124, 125, 126, 127, 128, 129, 130, 131, 132, 133, 134, 135, 136, 137, 138, 139, 140, 141, 142, 143, 144, 145, 146, 147, 148, 149, 150, 151, 152, 153, 154, 155, 156};local
gromacs+22;200;29600;0;182;{157, 158, 159, 160, 161, 162, 163, 164, 165, 166, 167, 168, 169, 170, 171, 172, 173, 174, 175, 176, 177, 178, 179, 180, 181, 182, 183, 184, 185, 186, 187, 188, 189, 190, 191, 192, 193, 194, 195, 196, 197, 198, 199, 200, 201, 202, 203, 204, 205, 206, 207, 208, 209, 210, 211, 212, 213, 214, 215, 216, 217, 218, 219, 220, 221, 222, 223, 224, 225, 226, 227, 228, 229, 230, 231, 232, 233, 234, 235, 236, 237, 238, 239, 240, 241, 242, 243, 244, 245, 246, 247, 248, 249, 250, 251, 252, 253, 254, 255, 256, 257, 258, 259, 260, 261, 262, 263, 264, 265, 266, 267, 268, 269, 270, 271, 272, 273, 274, 275, 276, 277, 278, 279, 280, 281, 282, 283, 284, 285, 286, 287, 288, 289, 290, 291, 292, 293, 294, 295, 296, 297, 298, 299, 300, 301, 302, 303, 304, 305, 306, 307, 308, 309, 310, 311, 312, 313, 314, 315, 316, 317, 318, 319, 320, 321, 322, 323, 324, 325, 326, 327, 328, 329, 330, 331, 332, 333, 334, 335, 336, 337, 338};local
resnet+23;200;250;0;138;{339, 340, 341, 342, 343, 344, 345, 346, 347, 348, 349, 350, 351, 352, 353, 354, 355, 356, 357, 358, 359, 360, 361, 362, 363, 364, 365, 366, 367, 368, 369, 370, 371, 372, 373, 374, 375, 376, 377, 378, 379, 380, 381, 382, 383, 384, 385, 386, 387, 388, 389, 390, 391, 392, 393, 394, 395, 396, 397, 398, 399, 400, 401, 402, 403, 404, 405, 406, 407, 408, 409, 410, 411, 412, 413, 414, 415, 416, 417, 418, 419, 420, 421, 422, 423, 424, 425, 426, 427, 428, 429, 430, 431, 432, 433, 434, 435, 436, 437, 438, 439, 440, 441, 442, 443, 444, 445, 446, 447, 448, 449, 450, 451, 452, 453, 454, 455, 456, 457, 458, 459, 460, 461, 462, 463, 464, 465, 466, 467, 468, 469, 470, 471, 472, 473, 474, 475, 476};local
gromacs+24;200;74040;0;157;{512, 513, 514, 515, 516, 517, 518, 519, 520, 521, 522, 523, 524, 525, 526, 527, 528, 529, 530, 531, 532, 533, 534, 535, 536, 537, 538, 539, 540, 541, 542, 543, 544, 545, 546, 547, 548, 549, 550, 551, 552, 553, 554, 555, 556, 557, 558, 559, 560, 561, 562, 563, 564, 565, 566, 567, 568, 569, 570, 571, 572, 573, 574, 575, 576, 577, 578, 579, 580, 581, 582, 583, 584, 585, 586, 587, 588, 589, 590, 591, 592, 593, 594, 595, 596, 597, 598, 599, 600, 601, 602, 603, 604, 605, 606, 607, 608, 609, 610, 611, 612, 613, 614, 615, 616, 617, 618, 619, 620, 621, 622, 623, 624, 625, 626, 627, 628, 629, 630, 631, 632, 633, 477, 478, 479, 480, 481, 482, 483, 484, 485, 486, 487, 488, 489, 490, 491, 492, 493, 494, 495, 496, 497, 498, 499, 500, 501, 502, 503, 504, 505, 506, 507, 508, 509, 510, 511};local
resnet+26;200;220;0;123;{635, 634, 1126, 1127, 1128, 1129, 1130, 1131, 1132, 1133, 1134, 1135, 1136, 1137, 1138, 1139, 1140, 1141, 1142, 1143, 1144, 1145, 1146, 1147, 1148, 1149, 1150, 1151, 640, 641, 642, 643, 644, 645, 646, 647, 648, 649, 650, 651, 652, 653, 654, 655, 656, 657, 658, 659, 660, 661, 662, 663, 664, 665, 666, 667, 668, 669, 670, 671, 672, 673, 636, 637, 1179, 1152, 1181, 1182, 1183, 1184, 1153, 1186, 1187, 1188, 1189, 1154, 1191, 1192, 1193, 638, 1155, 1196, 1197, 1198, 1199, 1156, 1201, 1202, 1203, 1204, 1157, 1206, 1207, 1208, 1158, 1159, 639, 1160, 1161, 1162, 1163, 1164, 1165, 1166, 1167, 1168, 1169, 1170, 1171, 1172, 1173, 1174, 1175, 1176, 1177, 1178, 1180, 1185, 1190, 1194, 1195, 1200, 1205};local
openfoam+523;260;320;2;1;{1129};local
gromacs+27;280;300;0;114;{635, 634, 1116, 1117, 1118, 1119, 1120, 1121, 1122, 1123, 1124, 1125, 1126, 1127, 1128, 1129, 1130, 1131, 1132, 1133, 1134, 1135, 1136, 1137, 1138, 1139, 1140, 1141, 1142, 1143, 1144, 1145, 1146, 1147, 1148, 1149, 1150, 1151, 640, 641, 642, 643, 644, 645, 646, 647, 648, 649, 650, 651, 652, 653, 654, 655, 656, 657, 658, 659, 660, 661, 662, 663, 664, 665, 666, 667, 668, 669, 670, 671, 672, 673, 636, 637, 1179, 1152, 1181, 1182, 1183, 1184, 1153, 1186, 1187, 1188, 1189, 1154, 638, 1155, 1156, 1157, 1158, 1159, 639, 1160, 1161, 1162, 1163, 1164, 1165, 1166, 1167, 1168, 1169, 1170, 1171, 1172, 1173, 1174, 1175, 1176, 1177, 1178, 1180, 1185};local
resnet+122;280;290;2;15;{1130, 1131, 1132, 1133, 1134, 1135, 1136, 1137, 1138, 1139, 1140, 1141, 1142, 1143, 1144};local
gromacs+25;300;720;3;151;{1024, 1025, 1026, 1027, 1028, 1029, 1030, 1031, 1032, 1033, 1034, 1035, 1036, 1037, 1038, 1039, 1040, 1041, 1042, 1043, 1044, 1045, 1046, 1047, 1048, 1049, 1050, 1051, 1052, 902, 903, 904, 905, 906, 907, 908, 909, 910, 911, 912, 913, 914, 915, 916, 917, 918, 919, 920, 921, 922, 923, 924, 925, 926, 927, 928, 929, 930, 931, 932, 933, 934, 935, 936, 937, 938, 939, 940, 941, 942, 943, 944, 945, 946, 947, 948, 949, 950, 951, 952, 953, 954, 955, 956, 957, 958, 959, 960, 961, 962, 963, 964, 965, 966, 967, 968, 969, 970, 971, 972, 973, 974, 975, 976, 977, 978, 979, 980, 981, 982, 983, 984, 985, 986, 987, 988, 989, 990, 991, 992, 993, 994, 995, 996, 997, 998, 999, 1000, 1001, 1002, 1003, 1004, 1005, 1006, 1007, 1008, 1009, 1010, 1011, 1012, 1013, 1014, 1015, 1016, 1017, 1018, 1019, 1020, 1021, 1022, 1023};local
resnet+28;300;720;2;79;{1145, 1146, 1147, 1148, 1149, 1150, 1151, 1152, 1153, 1154, 1155, 1156, 1157, 1158, 1159, 1160, 1161, 1162, 1163, 1164, 1165, 1166, 1167, 1168, 1169, 1170, 1171, 1172, 1173, 1174, 1175, 1176, 1177, 1178, 1179, 1180, 1181, 1182, 1183, 1184, 1185, 1186, 1187, 1188, 1189, 1190, 1191, 1192, 1193, 1194, 1195, 1196, 1197, 1198, 1199, 1200, 1201, 1202, 1203, 1204, 1205, 1206, 1207, 1208, 1209, 1210, 1211, 1212, 1213, 1214, 1215, 1216, 1217, 1218, 1219, 1220, 1221, 1222, 1223};local
gromacs+192;300;310;0;7;{1190, 1191, 1192, 1193, 1194, 1195, 1196};local
resnet+29;310;46460;2;103;{0, 1, 2, 3, 4, 5, 6, 7, 8, 9, 10, 11, 12, 13, 14, 15, 16, 17, 18, 19, 20, 21, 22, 23, 24, 25, 26, 27, 28, 29, 30, 31, 32, 33, 34, 35, 36, 37, 38, 39, 40, 41, 42, 43, 44, 45, 46, 47, 48, 49, 50, 51, 52, 53, 54, 55, 56, 57, 58, 59, 60, 61, 62, 63, 64, 65, 66, 67, 68, 69, 70, 71, 72, 73, 74, 75, 76, 77, 78, 79, 80, 81, 82, 83, 84, 85, 86, 87, 88, 89, 90, 91, 92, 93, 94, 95, 96, 97, 98, 99, 100, 101, 102};local
gromacs+30;310;27580;2;80;{103, 104, 105, 106, 107, 108, 109, 110, 111, 112, 113, 114, 115, 116, 117, 118, 119, 120, 121, 122, 123, 124, 125, 126, 127, 128, 129, 130, 131, 132, 133, 134, 135, 136, 137, 138, 139, 140, 141, 142, 143, 144, 145, 146, 147, 148, 149, 150, 151, 152, 153, 154, 155, 156, 157, 158, 159, 160, 161, 162, 163, 164, 165, 166, 167, 168, 169, 170, 171, 172, 173, 174, 175, 176, 177, 178, 179, 180, 181, 182};local
resnet+31;310;49050;2;123;{183, 184, 185, 186, 187, 188, 189, 190, 191, 192, 193, 194, 195, 196, 197, 198, 199, 200, 201, 202, 203, 204, 205, 206, 207, 208, 209, 210, 211, 212, 213, 214, 215, 216, 217, 218, 219, 220, 221, 222, 223, 224, 225, 226, 227, 228, 229, 230, 231, 232, 233, 234, 235, 236, 237, 238, 239, 240, 241, 242, 243, 244, 245, 246, 247, 248, 249, 250, 251, 252, 253, 254, 255, 256, 257, 258, 259, 260, 261, 262, 263, 264, 265, 266, 267, 268, 269, 270, 271, 272, 273, 274, 275, 276, 277, 278, 279, 280, 281, 282, 283, 284, 285, 286, 287, 288, 289, 290, 291, 292, 293, 294, 295, 296, 297, 298, 299, 300, 301, 302, 303, 304, 305};local
gromacs+32;310;780;2;109;{306, 307, 308, 309, 310, 311, 312, 313, 314, 315, 316, 317, 318, 319, 320, 321, 322, 323, 324, 325, 326, 327, 328, 329, 330, 331, 332, 333, 334, 335, 336, 337, 338, 339, 340, 341, 342, 343, 344, 345, 346, 347, 348, 349, 350, 351, 352, 353, 354, 355, 356, 357, 358, 359, 360, 361, 362, 363, 364, 365, 366, 367, 368, 369, 370, 371, 372, 373, 374, 375, 376, 377, 378, 379, 380, 381, 382, 383, 384, 385, 386, 387, 388, 389, 390, 391, 392, 393, 394, 395, 396, 397, 398, 399, 400, 401, 402, 403, 404, 405, 406, 407, 408, 409, 410, 411, 412, 413, 414};local
resnet+33;310;320;2;125;{512, 513, 514, 515, 516, 517, 518, 519, 520, 521, 522, 523, 524, 525, 526, 527, 528, 529, 530, 531, 532, 533, 534, 535, 536, 537, 538, 539, 415, 416, 417, 418, 419, 420, 421, 422, 423, 424, 425, 426, 427, 428, 429, 430, 431, 432, 433, 434, 435, 436, 437, 438, 439, 440, 441, 442, 443, 444, 445, 446, 447, 448, 449, 450, 451, 452, 453, 454, 455, 456, 457, 458, 459, 460, 461, 462, 463, 464, 465, 466, 467, 468, 469, 470, 471, 472, 473, 474, 475, 476, 477, 478, 479, 480, 481, 482, 483, 484, 485, 486, 487, 488, 489, 490, 491, 492, 493, 494, 495, 496, 497, 498, 499, 500, 501, 502, 503, 504, 505, 506, 507, 508, 509, 510, 511};local
gromacs+34;310;2970;0;71;{384, 385, 386, 387, 388, 389, 390, 391, 392, 393, 394, 395, 396, 397, 398, 399, 400, 401, 402, 403, 404, 405, 406, 407, 408, 409, 339, 340, 341, 342, 343, 344, 345, 346, 347, 348, 349, 350, 351, 352, 353, 354, 355, 356, 357, 358, 359, 360, 361, 362, 363, 364, 365, 366, 367, 368, 369, 370, 371, 372, 373, 374, 375, 376, 377, 378, 379, 380, 381, 382, 383};local
resnet+35;310;72990;0;117;{1197, 1198, 1199, 1200, 1201, 1202, 1203, 1204, 1205, 1206, 1207, 1208, 1209, 1210, 1211, 1212, 1213, 1214, 1215, 1216, 1217, 1218, 1219, 1220, 1221, 1222, 1223, 1224, 1225, 1226, 1227, 1228, 1229, 1230, 1231, 1232, 1233, 1234, 1235, 1236, 1237, 1238, 1239, 1240, 1241, 1242, 1243, 1244, 1245, 1246, 410, 411, 412, 413, 414, 415, 416, 417, 418, 419, 420, 421, 422, 423, 424, 425, 426, 427, 428, 429, 430, 431, 432, 433, 434, 435, 436, 437, 438, 439, 440, 441, 442, 443, 444, 445, 446, 447, 448, 449, 450, 451, 452, 453, 454, 455, 456, 457, 458, 459, 460, 461, 462, 463, 464, 465, 466, 467, 468, 469, 470, 471, 472, 473, 474, 475, 476};local
gromacs+256;350;360;2;3;{540, 541, 542};local
resnet+36;360;590;0;48;{640, 641, 642, 643, 644, 645, 646, 647, 648, 649, 650, 651, 652, 653, 654, 655, 656, 657, 658, 659, 660, 661, 662, 663, 664, 665, 666, 667, 668, 669, 670, 671, 672, 673, 1116, 1117, 1118, 1119, 1120, 1121, 1122, 1123, 634, 635, 636, 637, 638, 639};local
gromacs+37;360;750;1;60;{1152, 1153, 1154, 1155, 1156, 1157, 1158, 1159, 1160, 1161, 1162, 1163, 1164, 1165, 1166, 1167, 1168, 1169, 1170, 1171, 1172, 1173, 1174, 1175, 1176, 1177, 1178, 1179, 1180, 1181, 1122, 1123, 1124, 1125, 1126, 1127, 1128, 1129, 1130, 1131, 1132, 1133, 1134, 1135, 1136, 1137, 1138, 1139, 1140, 1141, 1142, 1143, 1144, 1145, 1146, 1147, 1148, 1149, 1150, 1151};local
resnet+38;360;3360;2;52;{543, 544, 545, 546, 547, 548, 549, 550, 551, 552, 553, 554, 555, 556, 557, 558, 559, 560, 561, 562, 563, 564, 565, 566, 567, 568, 569, 570, 571, 572, 573, 574, 575, 576, 577, 578, 579, 580, 581, 582, 583, 1130, 1131, 1132, 1133, 1134, 1135, 1136, 1137, 1138, 1139, 1140};local
gromacs+39;360;94390;0;41;{1152, 1153, 1154, 1155, 1156, 1157, 1158, 1159, 1160, 1161, 1162, 1163, 1164, 1124, 1125, 1126, 1127, 1128, 1129, 1130, 1131, 1132, 1133, 1134, 1135, 1136, 1137, 1138, 1139, 1140, 1141, 1142, 1143, 1144, 1145, 1146, 1147, 1148, 1149, 1150, 1151};local
resnet+40;360;26860;1;58;{1182, 1183, 1184, 1185, 1186, 1187, 1188, 1189, 1190, 1191, 1192, 1193, 1194, 1195, 1196, 1197, 1198, 1199, 1200, 1201, 1202, 1203, 1204, 1205, 1206, 1207, 1208, 1209, 1210, 1211, 1212, 1213, 1214, 1215, 1216, 1217, 1218, 1219, 1220, 1221, 1222, 1223, 1224, 1225, 1226, 1227, 1228, 1229, 1230, 1231, 1232, 1233, 1234, 1235, 1236, 1237, 1238, 1239};local
gromacs+41;380;480;2;58;{415, 416, 417, 418, 419, 420, 421, 422, 423, 424, 425, 426, 427, 428, 429, 430, 431, 432, 433, 434, 435, 436, 437, 438, 439, 440, 441, 442, 443, 444, 445, 446, 447, 448, 449, 450, 451, 452, 453, 454, 455, 456, 457, 458, 459, 460, 461, 462, 463, 464, 465, 466, 467, 468, 469, 470, 471, 472};local
resnet+42;380;81090;2;46;{512, 513, 514, 515, 516, 517, 518, 473, 474, 475, 476, 477, 478, 479, 480, 481, 482, 483, 484, 485, 486, 487, 488, 489, 490, 491, 492, 493, 494, 495, 496, 497, 498, 499, 500, 501, 502, 503, 504, 505, 506, 507, 508, 509, 510, 511};local
gromacs+64;380;830;2;33;{519, 520, 521, 522, 523, 524, 525, 526, 527, 528, 529, 530, 531, 532, 533, 534, 535, 536, 537, 538, 539, 1224, 1225, 1226, 1227, 1228, 1229, 1230, 1129, 1141, 1142, 1143, 1144};local
resnet+43;420;100350;1;61;{0, 1, 2, 3, 4, 5, 6, 7, 8, 9, 10, 11, 12, 13, 14, 15, 16, 17, 18, 19, 20, 21, 22, 23, 24, 25, 26, 27, 28, 29, 30, 31, 32, 33, 34, 35, 36, 37, 38, 39, 40, 41, 42, 43, 44, 45, 46, 47, 48, 49, 50, 51, 52, 53, 54, 55, 56, 57, 58, 59, 60};local
gromacs+44;420;2290;1;37;{61, 62, 63, 64, 65, 66, 67, 68, 69, 70, 71, 72, 73, 74, 75, 76, 77, 78, 79, 80, 81, 82, 83, 84, 85, 86, 87, 88, 89, 90, 91, 92, 93, 94, 95, 96, 97};local
resnet+45;420;1480;1;53;{128, 129, 130, 131, 132, 133, 134, 135, 136, 137, 138, 139, 140, 141, 142, 143, 144, 145, 146, 147, 148, 149, 150, 98, 99, 100, 101, 102, 103, 104, 105, 106, 107, 108, 109, 110, 111, 112, 113, 114, 115, 116, 117, 118, 119, 120, 121, 122, 123, 124, 125, 126, 127};local
gromacs+46;420;450;1;63;{151, 152, 153, 154, 155, 156, 157, 158, 159, 160, 161, 162, 163, 164, 165, 166, 167, 168, 169, 170, 171, 172, 173, 174, 175, 176, 177, 178, 179, 180, 181, 182, 183, 184, 185, 186, 187, 188, 189, 190, 191, 192, 193, 194, 195, 196, 197, 198, 199, 200, 201, 202, 203, 204, 205, 206, 207, 208, 209, 210, 211, 212, 213};local
resnet+47;420;67590;1;48;{256, 257, 258, 259, 260, 261, 214, 215, 216, 217, 218, 219, 220, 221, 222, 223, 224, 225, 226, 227, 228, 229, 230, 231, 232, 233, 234, 235, 236, 237, 238, 239, 240, 241, 242, 243, 244, 245, 246, 247, 248, 249, 250, 251, 252, 253, 254, 255};local
gromacs+48;420;154940;1;39;{262, 263, 264, 265, 266, 267, 268, 269, 270, 271, 272, 273, 274, 275, 276, 277, 278, 279, 280, 281, 282, 283, 284, 285, 286, 287, 288, 289, 290, 291, 292, 293, 294, 295, 296, 297, 298, 299, 300};local
resnet+49;420;550;1;61;{301, 302, 303, 304, 305, 306, 307, 308, 309, 310, 311, 312, 313, 314, 315, 316, 317, 318, 319, 320, 321, 322, 323, 324, 325, 326, 327, 328, 329, 330, 331, 332, 333, 334, 335, 336, 337, 338, 339, 340, 341, 342, 343, 344, 345, 346, 347, 348, 349, 350, 351, 352, 353, 354, 355, 356, 357, 358, 359, 360, 361};local
gromacs+50;420;2670;1;41;{384, 385, 386, 387, 388, 389, 390, 391, 392, 393, 394, 395, 396, 397, 398, 399, 400, 401, 402, 362, 363, 364, 365, 366, 367, 368, 369, 370, 371, 372, 373, 374, 375, 376, 377, 378, 379, 380, 381, 382, 383};local
resnet+51;420;1140;1;61;{403, 404, 405, 406, 407, 408, 409, 410, 411, 412, 413, 414, 415, 416, 417, 418, 419, 420, 421, 422, 423, 424, 425, 426, 427, 428, 429, 430, 431, 432, 433, 434, 435, 436, 437, 438, 439, 440, 441, 442, 443, 444, 445, 446, 447, 448, 449, 450, 451, 452, 453, 454, 455, 456, 457, 458, 459, 460, 461, 462, 463};local
gromacs+52;420;3760;1;61;{512, 513, 514, 515, 516, 517, 518, 519, 520, 521, 522, 523, 524, 464, 465, 466, 467, 468, 469, 470, 471, 472, 473, 474, 475, 476, 477, 478, 479, 480, 481, 482, 483, 484, 485, 486, 487, 488, 489, 490, 491, 492, 493, 494, 495, 496, 497, 498, 499, 500, 501, 502, 503, 504, 505, 506, 507, 508, 509, 510, 511};local
resnet+53;420;1650;1;37;{525, 526, 527, 528, 529, 530, 531, 532, 533, 534, 535, 536, 537, 538, 539, 540, 541, 542, 543, 544, 545, 546, 547, 548, 549, 550, 551, 552, 553, 554, 555, 556, 557, 558, 559, 560, 561};local
gromacs+55;420;138900;1;58;{562, 563, 564, 565, 566, 567, 568, 569, 570, 571, 572, 573, 574, 575, 576, 577, 578, 579, 580, 581, 582, 583, 584, 585, 586, 587, 588, 589, 590, 591, 592, 593, 594, 595, 596, 597, 598, 599, 600, 601, 602, 603, 604, 605, 606, 607, 608, 609, 610, 611, 612, 613, 614, 615, 616, 617, 618, 619};local
resnet+56;420;2600;1;60;{640, 641, 642, 643, 644, 645, 646, 647, 648, 649, 650, 651, 652, 653, 654, 655, 656, 657, 658, 659, 660, 661, 662, 663, 664, 665, 666, 667, 668, 669, 670, 671, 672, 673, 674, 675, 676, 677, 678, 679, 620, 621, 622, 623, 624, 625, 626, 627, 628, 629, 630, 631, 632, 633, 634, 635, 636, 637, 638, 639};local
gromacs+57;420;2940;1;46;{680, 681, 682, 683, 684, 685, 686, 687, 688, 689, 690, 691, 692, 693, 694, 695, 696, 697, 698, 699, 700, 701, 702, 703, 704, 705, 706, 707, 708, 709, 710, 711, 712, 713, 714, 715, 716, 717, 718, 719, 720, 721, 722, 723, 724, 725};local
resnet+58;420;3850;1;55;{768, 769, 770, 771, 772, 773, 774, 775, 776, 777, 778, 779, 780, 726, 727, 728, 729, 730, 731, 732, 733, 734, 735, 736, 737, 738, 739, 740, 741, 742, 743, 744, 745, 746, 747, 748, 749, 750, 751, 752, 753, 754, 755, 756, 757, 758, 759, 760, 761, 762, 763, 764, 765, 766, 767};local
gromacs+59;420;39710;1;42;{781, 782, 783, 784, 785, 786, 787, 788, 789, 790, 791, 792, 793, 794, 795, 796, 797, 798, 799, 800, 801, 802, 803, 804, 805, 806, 807, 808, 809, 810, 811, 812, 813, 814, 815, 816, 817, 818, 819, 820, 821, 822};local
resnet+61;420;950;1;42;{823, 824, 825, 826, 827, 828, 829, 830, 831, 832, 833, 834, 835, 836, 837, 838, 839, 840, 841, 842, 843, 844, 845, 846, 847, 848, 849, 850, 851, 852, 853, 854, 855, 856, 857, 858, 859, 860, 861, 862, 863, 864};local
gromacs+62;420;460;1;53;{896, 897, 898, 899, 900, 901, 902, 903, 904, 905, 906, 907, 908, 909, 910, 911, 912, 913, 914, 915, 916, 917, 865, 866, 867, 868, 869, 870, 871, 872, 873, 874, 875, 876, 877, 878, 879, 880, 881, 882, 883, 884, 885, 886, 887, 888, 889, 890, 891, 892, 893, 894, 895};local
resnet+148;420;470;0;10;{1165, 1166, 1167, 1168, 1169, 1170, 1171, 1172, 1173, 1174};local
gromacs+63;460;470;1;52;{918, 919, 920, 921, 922, 923, 924, 925, 926, 927, 928, 929, 930, 931, 932, 933, 934, 935, 936, 937, 938, 939, 940, 941, 942, 943, 944, 945, 946, 947, 948, 949, 950, 951, 952, 953, 954, 955, 956, 957, 958, 959, 960, 961, 962, 963, 964, 965, 966, 967, 968, 969};local
resnet+65;460;60250;1;62;{1024, 1025, 1026, 1027, 1028, 1029, 1030, 1031, 970, 971, 972, 973, 974, 975, 976, 977, 978, 979, 980, 981, 982, 983, 984, 985, 986, 987, 988, 989, 990, 991, 992, 993, 994, 995, 996, 997, 998, 999, 1000, 1001, 1002, 1003, 1004, 1005, 1006, 1007, 1008, 1009, 1010, 1011, 1012, 1013, 1014, 1015, 1016, 1017, 1018, 1019, 1020, 1021, 1022, 1023};local
gromacs+66;460;112750;1;50;{1032, 1033, 1034, 1035, 1036, 1037, 1038, 1039, 1040, 1041, 1042, 1043, 1044, 1045, 1046, 1047, 1048, 1049, 1050, 1051, 1052, 1053, 1054, 1055, 1056, 1057, 1058, 1059, 1060, 1061, 1062, 1063, 1064, 1065, 1066, 1067, 1068, 1069, 1070, 1071, 1072, 1073, 1074, 1075, 1076, 1077, 1078, 1079, 1080, 1081};local
resnet+67;460;470;1;59;{1253, 1082, 1083, 1084, 1085, 1086, 1087, 1088, 1089, 1090, 1091, 1092, 1093, 1094, 1095, 1096, 1097, 1098, 1099, 1100, 1101, 1102, 1103, 1104, 1105, 1106, 1107, 1108, 1109, 1110, 1111, 1112, 1113, 1114, 1115, 1116, 1117, 1118, 1119, 1120, 1121, 1240, 1242, 1241, 1244, 1245, 1246, 1247, 1248, 1249, 1250, 1251, 1252, 1243, 1254, 1255, 1256, 1257, 1258};local
gromacs+68;510;570;1;50;{151, 152, 153, 154, 155, 156, 157, 158, 159, 160, 161, 162, 163, 164, 165, 166, 167, 168, 169, 170, 171, 172, 173, 174, 175, 176, 177, 178, 179, 180, 181, 182, 183, 184, 185, 186, 187, 188, 189, 190, 191, 192, 193, 194, 195, 196, 197, 198, 199, 200};local
shufflenet+528;510;520;0;1;{1175};local
resnet+69;520;870;1;46;{896, 897, 201, 202, 203, 204, 205, 206, 207, 208, 209, 210, 211, 212, 213, 865, 866, 867, 868, 869, 870, 871, 872, 873, 874, 875, 876, 877, 878, 879, 880, 881, 882, 883, 884, 885, 886, 887, 888, 889, 890, 891, 892, 893, 894, 895};local
gromacs+70;530;84420;1;58;{898, 899, 900, 901, 902, 903, 904, 905, 906, 907, 908, 909, 910, 911, 912, 913, 914, 915, 916, 917, 918, 919, 920, 921, 922, 923, 924, 925, 926, 927, 928, 929, 930, 931, 932, 933, 934, 935, 936, 937, 938, 939, 940, 941, 942, 943, 944, 945, 946, 947, 948, 949, 950, 951, 952, 953, 954, 955};local
resnet+71;530;3710;1;46;{1094, 1099, 1104, 1082, 1083, 1084, 1085, 1086, 956, 960, 961, 962, 963, 964, 965, 966, 967, 968, 969, 1089, 1090, 1091, 1092, 1093, 957, 1095, 1096, 1097, 1098, 958, 1100, 1101, 1102, 1103, 959, 1105, 1106, 1107, 1087, 1109, 1110, 1111, 1112, 1113, 1088, 1108};local
gromacs+73;530;760;0;36;{1165, 1166, 1167, 1168, 1169, 1170, 1171, 1172, 1173, 1174, 1176, 1177, 1178, 1179, 1180, 1181, 1182, 1183, 1184, 1185, 1186, 1187, 1188, 1189, 1190, 1191, 1192, 1193, 1194, 1195, 1196, 1247, 1248, 1249, 1250, 1251};local
resnet+72;540;550;2;43;{415, 416, 417, 418, 419, 420, 421, 422, 423, 424, 425, 426, 427, 428, 429, 430, 431, 432, 433, 434, 435, 436, 437, 438, 439, 440, 441, 442, 443, 444, 445, 446, 447, 448, 449, 450, 451, 452, 453, 454, 455, 456, 457};local
gromacs+124;540;560;2;12;{458, 459, 460, 461, 462, 463, 464, 465, 466, 467, 468, 469};local
resnet+254;540;720;2;3;{472, 470, 471};local
openfoam+529;580;740;2;1;{540};local
gromacs+74;610;2500;1;51;{301, 302, 303, 304, 305, 306, 307, 308, 309, 310, 311, 312, 313, 314, 315, 316, 317, 318, 319, 320, 321, 322, 323, 324, 325, 326, 327, 328, 329, 330, 331, 332, 333, 334, 335, 336, 337, 338, 339, 340, 341, 342, 343, 344, 345, 346, 347, 348, 349, 350, 351};local
resnet+75;610;950;2;47;{541, 542, 415, 416, 417, 418, 419, 420, 421, 422, 423, 424, 425, 426, 427, 428, 429, 430, 431, 432, 433, 434, 435, 436, 437, 438, 439, 440, 441, 442, 443, 444, 445, 446, 447, 448, 449, 450, 451, 452, 453, 454, 455, 456, 457, 1231, 1232};local
gromacs+76;630;115840;1;43;{151, 152, 153, 154, 155, 156, 157, 158, 159, 160, 161, 162, 163, 164, 165, 166, 167, 168, 169, 170, 171, 172, 173, 174, 175, 176, 177, 178, 179, 180, 181, 182, 183, 184, 185, 186, 187, 188, 189, 190, 191, 192, 193};local
resnet+77;650;1170;0;39;{640, 641, 642, 643, 644, 645, 646, 647, 648, 649, 650, 651, 652, 653, 654, 655, 656, 657, 658, 659, 660, 661, 662, 663, 664, 665, 666, 667, 668, 669, 670, 671, 672, 634, 635, 636, 637, 638, 639};local
gromacs+78;650;50870;1;33;{1247, 1120, 194, 195, 196, 197, 198, 199, 200, 1240, 1241, 1114, 1115, 1116, 1117, 1118, 1119, 352, 353, 354, 355, 356, 357, 358, 359, 360, 361, 1121, 1242, 1243, 1244, 1245, 1246};local
resnet+79;660;690;3;28;{640, 641, 642, 643, 644, 645, 646, 647, 648, 649, 650, 651, 652, 653, 654, 655, 656, 657, 658, 659, 660, 661, 662, 663, 664, 665, 638, 639};local
gromacs+80;660;47560;3;31;{666, 667, 668, 669, 670, 671, 672, 673, 674, 675, 676, 677, 678, 679, 680, 681, 682, 683, 684, 685, 686, 687, 688, 689, 690, 691, 692, 693, 694, 695, 696};local
resnet+81;660;1260;3;17;{704, 705, 706, 707, 708, 709, 710, 711, 712, 713, 697, 698, 699, 700, 701, 702, 703};local
gromacs+82;660;4000;3;28;{714, 715, 716, 717, 718, 719, 720, 721, 722, 723, 724, 725, 726, 727, 728, 729, 730, 731, 732, 733, 734, 735, 736, 737, 738, 739, 740, 741};local
resnet+83;660;710;3;29;{768, 769, 770, 742, 743, 744, 745, 746, 747, 748, 749, 750, 751, 752, 753, 754, 755, 756, 757, 758, 759, 760, 761, 762, 763, 764, 765, 766, 767};local
gromacs+84;660;1850;3;18;{771, 772, 773, 774, 775, 776, 777, 778, 779, 780, 781, 782, 783, 784, 785, 786, 787, 788};local
resnet+85;660;970;3;17;{800, 801, 802, 803, 804, 805, 789, 790, 791, 792, 793, 794, 795, 796, 797, 798, 799};local
gromacs+86;660;2770;3;28;{806, 807, 808, 809, 810, 811, 812, 813, 814, 815, 816, 817, 818, 819, 820, 821, 822, 823, 824, 825, 826, 827, 828, 829, 830, 831, 832, 833};local
resnet+87;660;2090;2;30;{458, 459, 460, 461, 462, 463, 464, 465, 466, 467, 468, 469, 1233, 1239, 1234, 1235, 1236, 1237, 1238, 1240, 1241, 1242, 1243, 1244, 1245, 1246, 1247, 1248, 1249, 1250};local
gromacs+88;660;168480;3;31;{834, 835, 836, 837, 838, 839, 840, 841, 842, 843, 844, 845, 846, 847, 848, 849, 850, 851, 852, 853, 854, 855, 856, 857, 858, 859, 860, 861, 862, 863, 864};local
resnet+89;720;1020;3;28;{865, 866, 867, 868, 869, 870, 871, 872, 873, 874, 875, 876, 877, 878, 879, 880, 881, 882, 883, 884, 885, 886, 887, 888, 889, 890, 891, 892};local
gromacs+90;720;1260;3;32;{896, 897, 898, 899, 900, 901, 1053, 1054, 1055, 1056, 1057, 1058, 1059, 1060, 1061, 1062, 1063, 1064, 1065, 1066, 1067, 1068, 1069, 1070, 1071, 1072, 1073, 1074, 1075, 893, 894, 895};local
resnet+91;720;810;3;27;{1076, 1077, 1078, 1079, 1080, 1081, 1082, 1083, 1084, 1085, 1086, 1087, 1088, 1089, 1090, 1091, 1092, 1093, 1094, 1095, 1096, 1097, 1098, 1099, 1100, 1101, 1102};local
gromacs+92;720;1270;3;30;{1103, 1104, 1105, 1106, 1107, 1108, 1109, 1110, 1111, 1112, 1113, 1114, 1115, 1116, 1117, 1118, 1119, 1120, 1121, 1122, 1123, 1124, 1125, 1126, 1127, 1128, 1129, 1130, 1131, 1132};local
resnet+93;720;1060;3;25;{1152, 1153, 1154, 1155, 1156, 1157, 1133, 1134, 1135, 1136, 1137, 1138, 1139, 1140, 1141, 1142, 1143, 1144, 1145, 1146, 1147, 1148, 1149, 1150, 1151};local
gromacs+94;720;47710;3;26;{1158, 1159, 1160, 1161, 1162, 1163, 1164, 1165, 1166, 1167, 1168, 1169, 1170, 1171, 1172, 1173, 1174, 1175, 1176, 1177, 1178, 1179, 1180, 1181, 1182, 1183};local
resnet+96;720;760;3;22;{1184, 1185, 1186, 1187, 1188, 1189, 1190, 1191, 1192, 1193, 1194, 1195, 1196, 1197, 1198, 1199, 1200, 1201, 1202, 1203, 1204, 1205};local
gromacs+97;720;1010;3;32;{1206, 1207, 1208, 1209, 1210, 1211, 1212, 1213, 1214, 1215, 1216, 1217, 1218, 1219, 1220, 1221, 1222, 1223, 1224, 1225, 1226, 1227, 1228, 1229, 1230, 1231, 1232, 1233, 1234, 1235, 1236, 1237};local
resnet+99;720;65070;3;21;{1238, 1239, 1240, 1241, 1242, 1243, 1244, 1245, 1246, 1247, 1248, 1249, 1250, 1251, 1252, 1253, 1254, 1255, 1256, 1257, 1258};local
gromacs+98;750;30130;3;26;{640, 641, 642, 643, 644, 645, 646, 647, 648, 649, 650, 651, 652, 653, 654, 655, 656, 657, 658, 659, 660, 661, 662, 663, 638, 639};local
shufflenet+530;750;760;0;1;{673};local
resnet+100;770;1130;3;23;{664, 665, 742, 743, 744, 745, 746, 747, 748, 749, 750, 751, 752, 753, 754, 755, 756, 757, 758, 759, 760, 761, 762};local
gromacs+101;780;3620;3;24;{768, 769, 770, 902, 903, 904, 905, 906, 907, 908, 909, 910, 911, 912, 913, 914, 915, 916, 917, 763, 764, 765, 766, 767};local
resnet+102;780;1280;3;26;{918, 919, 920, 921, 922, 923, 924, 925, 926, 927, 928, 929, 930, 931, 932, 933, 934, 935, 936, 937, 938, 939, 940, 941, 942, 943};local
gromacs+103;780;5130;3;23;{944, 945, 946, 947, 948, 949, 950, 951, 952, 953, 954, 955, 956, 957, 958, 959, 960, 961, 962, 963, 964, 965, 966};local
resnet+104;780;41480;2;27;{1152, 1153, 1154, 1155, 1156, 1157, 1158, 1159, 1160, 1161, 1162, 1163, 1164, 1165, 1166, 1167, 1168, 470, 471, 472, 1145, 1146, 1147, 1148, 1149, 1150, 1151};local
gromacs+105;780;3670;3;27;{967, 968, 969, 970, 971, 972, 973, 974, 975, 976, 977, 978, 979, 980, 981, 982, 983, 984, 985, 986, 987, 988, 989, 990, 991, 992, 993};local
resnet+106;780;136800;2;26;{1169, 1170, 1171, 1172, 1173, 1174, 1175, 1176, 1177, 1178, 1179, 1180, 1181, 1182, 1183, 1184, 1185, 1186, 1187, 1188, 1189, 1190, 1191, 1192, 1193, 1194};local
gromacs+107;780;45280;3;31;{1024, 994, 995, 996, 997, 998, 999, 1000, 1001, 1002, 1003, 1004, 1005, 1006, 1007, 1008, 1009, 1010, 1011, 1012, 1013, 1014, 1015, 1016, 1017, 1018, 1019, 1020, 1021, 1022, 1023};local
resnet+108;780;950;2;20;{1195, 1196, 1197, 1198, 1199, 1200, 1201, 1202, 1203, 1204, 1205, 1206, 1207, 1208, 1209, 1210, 1211, 1212, 1213, 1214};local
gromacs+109;780;4030;3;19;{1025, 1026, 1027, 1028, 1029, 1030, 1031, 1032, 1033, 1034, 1035, 1036, 1037, 1038, 1039, 1040, 1041, 1042, 1043};local
resnet+112;780;830;2;17;{1216, 1217, 1218, 1219, 1220, 1221, 1222, 1223, 1251, 1252, 1253, 1254, 1255, 1256, 1257, 1258, 1215};local
gromacs+110;810;910;1;32;{1152, 1153, 1122, 1123, 1124, 1125, 1126, 1127, 1128, 1129, 1130, 1131, 1132, 1133, 1134, 1135, 1136, 1137, 1138, 1139, 1140, 1141, 1142, 1143, 1144, 1145, 1146, 1147, 1148, 1149, 1150, 1151};local
resnet+111;810;820;1;29;{1154, 1155, 1156, 1157, 1158, 1159, 1160, 1161, 1162, 1163, 1164, 1165, 1166, 1167, 1168, 1169, 1170, 1171, 1172, 1173, 1174, 1175, 1176, 1177, 1178, 1179, 1180, 1181, 1248};local
gromacs+113;820;1330;0;27;{1165, 1166, 1167, 1168, 1169, 1170, 1171, 1172, 1173, 1174, 1175, 1176, 1177, 1178, 1179, 1180, 1181, 1182, 673, 1116, 1117, 1118, 1119, 1120, 1121, 1122, 1123};local
resnet+114;820;60220;3;27;{1044, 1045, 1046, 1047, 1048, 1049, 1050, 1051, 1052, 1184, 1185, 1186, 1187, 1188, 1189, 1190, 1191, 1192, 1193, 1194, 1195, 1196, 1197, 1198, 1199, 1200, 1201};local
gromacs+432;820;830;0;2;{1184, 1183};local
resnet+115;840;2000;2;24;{306, 307, 308, 309, 310, 311, 312, 313, 314, 315, 316, 317, 318, 319, 320, 321, 322, 323, 324, 325, 326, 327, 328, 329};local
gromacs+116;840;960;2;17;{330, 331, 332, 333, 334, 335, 336, 337, 338, 339, 340, 341, 342, 343, 344, 345, 346};local
resnet+117;840;850;2;25;{347, 348, 349, 350, 351, 352, 353, 354, 355, 356, 357, 358, 359, 360, 361, 362, 363, 364, 365, 366, 367, 368, 369, 370, 371};local
gromacs+118;840;2950;2;31;{384, 385, 386, 387, 388, 389, 390, 391, 392, 393, 394, 395, 396, 397, 398, 399, 400, 401, 402, 372, 373, 374, 375, 376, 377, 378, 379, 380, 381, 382, 383};local
resnet+120;840;3660;0;10;{1185, 1186, 1187, 1188, 1189, 1190, 1191, 1192, 1193, 1194};local
gromacs+119;870;1330;3;21;{1076, 1077, 1078, 1079, 1080, 1081, 1082, 1083, 1084, 1085, 1086, 1087, 1088, 1089, 1090, 1091, 1092, 1093, 1094, 1095, 1096};local
resnet+127;870;2190;0;9;{1248, 1249, 1250, 1251, 1252, 1253, 1195, 1196, 1247};local
gromacs+121;880;1440;1;15;{1154, 1155, 1156, 1157, 1158, 1159, 1160, 1161, 1162, 1163, 1164, 1165, 1166, 1167, 1168};local
resnet+123;880;58750;1;16;{1248, 1249, 1250, 1169, 1170, 1171, 1172, 1173, 1174, 1175, 1176, 1177, 1178, 1179, 1180, 1181};local
gromacs+125;890;1260;2;16;{519, 520, 521, 522, 403, 404, 405, 406, 407, 408, 409, 410, 411, 412, 413, 414};local
resnet+126;890;960;2;12;{523, 524, 525, 526, 527, 528, 529, 530, 531, 532, 533, 534};local
gromacs+128;890;1390;2;13;{1216, 1129, 1144, 1141, 1142, 535, 536, 537, 538, 539, 540, 1143, 1215};local
resnet+136;890;2350;2;11;{1217, 1218, 1219, 1220, 1221, 1222, 1223, 1224, 1225, 1226, 1227};local
gromacs+129;900;1410;2;16;{1251, 1252, 1253, 1254, 1255, 1256, 1257, 1258, 1259, 1228, 1229, 1230, 1260, 1261, 1262, 1263};local
resnet+130;900;83970;3;15;{1097, 1098, 1099, 1100, 1101, 1102, 1259, 1260, 1261, 1202, 1203, 1204, 1205, 1262, 1263};local
gromacs+131;900;3740;1;13;{1251, 1252, 1253, 1254, 1255, 1256, 1257, 1258, 1259, 1260, 1261, 1262, 1263};local
resnet+132;900;2620;0;16;{1184, 1254, 1255, 1256, 1257, 1258, 1259, 1260, 1261, 1262, 1263, 1264, 1265, 1266, 1267, 1183};local
gromacs+133;900;1160;1;14;{1264, 1265, 1266, 1267, 1268, 1269, 1270, 1271, 1272, 1273, 1274, 1275, 1276, 1277};local
resnet+134;900;39140;2;14;{1264, 1265, 1266, 1267, 1268, 1269, 1270, 1271, 1272, 1273, 1274, 1275, 1276, 1277};local
gromacs+135;900;1430;3;13;{1264, 1265, 1266, 1267, 1268, 1269, 1270, 1271, 1272, 1273, 1274, 1275, 1276};local
resnet+137;900;122590;0;15;{1280, 1281, 1282, 1268, 1269, 1270, 1271, 1272, 1273, 1274, 1275, 1276, 1277, 1278, 1279};local
gromacs+138;900;71170;3;9;{1280, 1281, 1282, 1283, 1284, 1285, 1277, 1278, 1279};local
resnet+139;900;930;1;15;{1280, 1281, 1282, 1283, 1284, 1285, 1286, 1287, 1288, 1289, 1290, 1291, 1292, 1278, 1279};local
gromacs+140;900;1310;2;10;{1280, 1281, 1282, 1283, 1284, 1285, 1286, 1287, 1278, 1279};local
resnet+141;900;930;0;12;{1283, 1284, 1285, 1286, 1287, 1288, 1289, 1290, 1291, 1292, 1293, 1294};local
gromacs+142;900;26360;3;10;{1286, 1287, 1288, 1289, 1290, 1291, 1292, 1293, 1294, 1295};local
resnet+143;900;4210;2;14;{1288, 1289, 1290, 1291, 1292, 1293, 1294, 1295, 1296, 1297, 1298, 1299, 1300, 1301};local
gromacs+144;900;71700;1;15;{1293, 1294, 1295, 1296, 1297, 1298, 1299, 1300, 1301, 1302, 1303, 1304, 1305, 1306, 1307};local
resnet+145;900;4420;0;9;{1295, 1296, 1297, 1298, 1299, 1300, 1301, 1302, 1303};local
gromacs+146;900;1420;3;9;{1296, 1297, 1298, 1299, 1300, 1301, 1302, 1303, 1304};local
resnet+147;900;1290;2;12;{1312, 1313, 1302, 1303, 1304, 1305, 1306, 1307, 1308, 1309, 1310, 1311};local
gromacs+149;900;1170;0;16;{1312, 1313, 1314, 1315, 1316, 1317, 1318, 1319, 1304, 1305, 1306, 1307, 1308, 1309, 1310, 1311};local
resnet+150;900;3160;3;13;{1312, 1313, 1314, 1315, 1316, 1317, 1305, 1306, 1307, 1308, 1309, 1310, 1311};local
gromacs+151;900;1070;1;12;{1312, 1313, 1314, 1315, 1316, 1317, 1318, 1319, 1308, 1309, 1310, 1311};local
resnet+152;900;74060;2;10;{1314, 1315, 1316, 1317, 1318, 1319, 1320, 1321, 1322, 1323};local
gromacs+153;900;910;3;13;{1318, 1319, 1320, 1321, 1322, 1323, 1324, 1325, 1326, 1327, 1328, 1329, 1330};local
resnet+154;900;8480;0;13;{1320, 1321, 1322, 1323, 1324, 1325, 1326, 1327, 1328, 1329, 1330, 1331, 1332};local
gromacs+155;900;2350;1;11;{1320, 1321, 1322, 1323, 1324, 1325, 1326, 1327, 1328, 1329, 1330};local
resnet+156;900;4210;2;11;{1324, 1325, 1326, 1327, 1328, 1329, 1330, 1331, 1332, 1333, 1334};local
gromacs+157;900;3330;1;11;{1331, 1332, 1333, 1334, 1335, 1336, 1337, 1338, 1339, 1340, 1341};local
resnet+158;900;960;3;13;{1331, 1332, 1333, 1334, 1335, 1336, 1337, 1338, 1339, 1340, 1341, 1342, 1343};local
gromacs+159;900;53300;0;15;{1344, 1345, 1346, 1347, 1333, 1334, 1335, 1336, 1337, 1338, 1339, 1340, 1341, 1342, 1343};local
resnet+160;900;3740;2;11;{1344, 1345, 1335, 1336, 1337, 1338, 1339, 1340, 1341, 1342, 1343};local
gromacs+161;900;1460;1;14;{1344, 1345, 1346, 1347, 1348, 1349, 1350, 1351, 1352, 1353, 1354, 1355, 1342, 1343};local
resnet+162;900;4070;3;15;{1344, 1345, 1346, 1347, 1348, 1349, 1350, 1351, 1352, 1353, 1354, 1355, 1356, 1357, 1358};local
gromacs+163;900;1020;2;13;{1346, 1347, 1348, 1349, 1350, 1351, 1352, 1353, 1354, 1355, 1356, 1357, 1358};local
resnet+164;900;4040;0;11;{1348, 1349, 1350, 1351, 1352, 1353, 1354, 1355, 1356, 1357, 1358};local
gromacs+165;900;960;1;10;{1356, 1357, 1358, 1359, 1360, 1361, 1362, 1363, 1364, 1365};local
resnet+166;900;980;0;16;{1359, 1360, 1361, 1362, 1363, 1364, 1365, 1366, 1367, 1368, 1369, 1370, 1371, 1372, 1373, 1374};local
gromacs+167;900;21610;2;12;{1359, 1360, 1361, 1362, 1363, 1364, 1365, 1366, 1367, 1368, 1369, 1370};local
resnet+168;900;5400;3;13;{1359, 1360, 1361, 1362, 1363, 1364, 1365, 1366, 1367, 1368, 1369, 1370, 1371};local
gromacs+169;900;920;1;16;{1376, 1377, 1378, 1379, 1380, 1381, 1366, 1367, 1368, 1369, 1370, 1371, 1372, 1373, 1374, 1375};local
resnet+170;900;65540;2;16;{1376, 1377, 1378, 1379, 1380, 1381, 1382, 1383, 1384, 1385, 1386, 1371, 1372, 1373, 1374, 1375};local
gromacs+171;900;20120;3;9;{1376, 1377, 1378, 1379, 1380, 1372, 1373, 1374, 1375};local
resnet+172;900;1030;0;15;{1376, 1377, 1378, 1379, 1380, 1381, 1382, 1383, 1384, 1385, 1386, 1387, 1388, 1389, 1375};local
gromacs+173;900;930;3;12;{1381, 1382, 1383, 1384, 1385, 1386, 1387, 1388, 1389, 1390, 1391, 1392};local
resnet+174;900;930;1;11;{1382, 1383, 1384, 1385, 1386, 1387, 1388, 1389, 1390, 1391, 1392};local
gromacs+176;900;920;2;13;{1387, 1388, 1389, 1390, 1391, 1392, 1393, 1394, 1395, 1396, 1397, 1398, 1399};local
resnet+177;900;144260;0;16;{1390, 1391, 1392, 1393, 1394, 1395, 1396, 1397, 1398, 1399, 1400, 1401, 1402, 1403, 1404, 1405};local
gromacs+178;900;89050;1;14;{1393, 1394, 1395, 1396, 1397, 1398, 1399, 1400, 1401, 1402, 1403, 1404, 1405, 1406};local
resnet+179;900;4280;3;9;{1393, 1394, 1395, 1396, 1397, 1398, 1399, 1400, 1401};local
gromacs+180;900;910;2;14;{1408, 1409, 1410, 1411, 1412, 1413, 1400, 1401, 1402, 1403, 1404, 1405, 1406, 1407};local
resnet+181;900;910;3;12;{1408, 1409, 1410, 1411, 1412, 1413, 1402, 1403, 1404, 1405, 1406, 1407};local
gromacs+182;900;1310;0;8;{1408, 1409, 1410, 1411, 1412, 1413, 1406, 1407};local
resnet+183;900;88910;1;5;{1408, 1409, 1410, 1411, 1407};local
gromacs+184;900;960;1;8;{1412, 1413, 1414, 1415, 1416, 1417, 1418, 1419};local
resnet+185;900;1240;0;7;{1414, 1415, 1416, 1417, 1418, 1419, 1420};local
gromacs+186;900;70080;2;6;{1414, 1415, 1416, 1417, 1418, 1419};local
resnet+187;900;2650;3;5;{1414, 1415, 1416, 1417, 1418};local
gromacs+188;900;15720;3;6;{1419, 1420, 1421, 1422, 1423, 1424};local
resnet+189;900;4360;1;5;{1420, 1421, 1422, 1423, 1424};local
gromacs+190;900;960;2;6;{1420, 1421, 1422, 1423, 1424, 1425};local
resnet+191;900;133930;0;5;{1421, 1422, 1423, 1424, 1425};local
gromacs+193;900;53950;1;5;{1425, 1426, 1427, 1428, 1429};local
resnet+194;900;1340;3;5;{1425, 1426, 1427, 1428, 1429};local
gromacs+195;900;1330;0;5;{1426, 1427, 1428, 1429, 1430};local
resnet+196;900;2570;2;6;{1426, 1427, 1428, 1429, 1430, 1431};local
gromacs+197;900;950;1;8;{1430, 1431, 1432, 1433, 1434, 1435, 1436, 1437};local
resnet+198;900;940;3;6;{1430, 1431, 1432, 1433, 1434, 1435};local
gromacs+199;900;68620;0;8;{1431, 1432, 1433, 1434, 1435, 1436, 1437, 1438};local
resnet+200;900;1110;2;5;{1432, 1433, 1434, 1435, 1436};local
gromacs+202;900;1310;3;7;{1440, 1441, 1442, 1436, 1437, 1438, 1439};local
resnet+203;900;1720;2;6;{1440, 1441, 1442, 1437, 1438, 1439};local
gromacs+204;900;33390;1;7;{1440, 1441, 1442, 1443, 1444, 1438, 1439};local
resnet+205;900;33020;0;5;{1440, 1441, 1442, 1443, 1439};local
gromacs+206;900;1220;2;7;{1443, 1444, 1445, 1446, 1447, 1448, 1449};local
resnet+207;900;1240;3;7;{1443, 1444, 1445, 1446, 1447, 1448, 1449};local
gromacs+208;900;1310;0;6;{1444, 1445, 1446, 1447, 1448, 1449};local
resnet+209;900;910;1;5;{1445, 1446, 1447, 1448, 1449};local
gromacs+210;900;15330;0;6;{1450, 1451, 1452, 1453, 1454, 1455};local
resnet+211;900;1380;1;7;{1450, 1451, 1452, 1453, 1454, 1455, 1456};local
gromacs+212;900;1020;2;7;{1450, 1451, 1452, 1453, 1454, 1455, 1456};local
resnet+213;900;920;3;5;{1450, 1451, 1452, 1453, 1454};local
gromacs+214;900;64760;3;8;{1455, 1456, 1457, 1458, 1459, 1460, 1461, 1462};local
resnet+215;900;1530;0;5;{1456, 1457, 1458, 1459, 1460};local
gromacs+216;900;1500;1;8;{1457, 1458, 1459, 1460, 1461, 1462, 1463, 1464};local
resnet+217;900;1120;2;7;{1457, 1458, 1459, 1460, 1461, 1462, 1463};local
gromacs+218;900;31320;0;7;{1461, 1462, 1463, 1464, 1465, 1466, 1467};local
resnet+219;900;127500;3;8;{1463, 1464, 1465, 1466, 1467, 1468, 1469, 1470};local
gromacs+220;900;1010;2;6;{1464, 1465, 1466, 1467, 1468, 1469};local
resnet+221;900;910;1;8;{1472, 1465, 1466, 1467, 1468, 1469, 1470, 1471};local
gromacs+222;900;40390;0;6;{1472, 1473, 1468, 1469, 1470, 1471};local
resnet+223;900;970;2;5;{1472, 1473, 1474, 1470, 1471};local
gromacs+224;900;150370;3;7;{1472, 1473, 1474, 1475, 1476, 1477, 1471};local
resnet+225;900;1020;1;6;{1473, 1474, 1475, 1476, 1477, 1478};local
gromacs+226;900;2400;0;6;{1474, 1475, 1476, 1477, 1478, 1479};local
resnet+227;900;1930;2;6;{1475, 1476, 1477, 1478, 1479, 1480};local
gromacs+228;900;74240;3;8;{1478, 1479, 1480, 1481, 1482, 1483, 1484, 1485};local
resnet+229;900;143980;1;8;{1479, 1480, 1481, 1482, 1483, 1484, 1485, 1486};local
gromacs+230;900;1280;0;6;{1480, 1481, 1482, 1483, 1484, 1485};local
resnet+231;900;4420;2;6;{1481, 1482, 1483, 1484, 1485, 1486};local
gromacs+232;900;910;0;6;{1486, 1487, 1488, 1489, 1490, 1491};local
resnet+233;900;1440;3;7;{1486, 1487, 1488, 1489, 1490, 1491, 1492};local
gromacs+234;900;960;1;7;{1487, 1488, 1489, 1490, 1491, 1492, 1493};local
resnet+235;900;10330;2;7;{1487, 1488, 1489, 1490, 1491, 1492, 1493};local
gromacs+236;900;940;0;8;{1492, 1493, 1494, 1495, 1496, 1497, 1498, 1499};local
resnet+237;900;1400;3;7;{1493, 1494, 1495, 1496, 1497, 1498, 1499};local
gromacs+238;900;50590;1;6;{1494, 1495, 1496, 1497, 1498, 1499};local
resnet+239;900;84220;2;7;{1494, 1495, 1496, 1497, 1498, 1499, 1500};local
gromacs+240;900;910;0;8;{1504, 1505, 1506, 1507, 1500, 1501, 1502, 1503};local
resnet+241;900;52260;1;6;{1504, 1505, 1500, 1501, 1502, 1503};local
gromacs+242;900;156360;3;6;{1504, 1505, 1500, 1501, 1502, 1503};local
resnet+243;900;910;2;5;{1504, 1505, 1501, 1502, 1503};local
gromacs+244;900;910;1;7;{1506, 1507, 1508, 1509, 1510, 1511, 1512};local
resnet+245;900;1200;2;6;{1506, 1507, 1508, 1509, 1510, 1511};local
gromacs+246;900;74450;3;5;{1506, 1507, 1508, 1509, 1510};local
resnet+247;900;1020;0;8;{1508, 1509, 1510, 1511, 1512, 1513, 1514, 1515};local
gromacs+248;900;58660;3;8;{1511, 1512, 1513, 1514, 1515, 1516, 1517, 1518};local
resnet+249;900;3340;2;3;{1512, 1513, 1514};local
gromacs+250;900;2830;1;4;{1513, 1514, 1515, 1516};local
resnet+251;900;46380;2;3;{1515, 1516, 1517};local
gromacs+252;900;1100;0;3;{1516, 1517, 1518};local
resnet+253;900;3530;1;3;{1517, 1518, 1519};local
gromacs+255;900;930;2;3;{1520, 1518, 1519};local
resnet+257;900;1040;0;4;{1520, 1521, 1522, 1519};local
gromacs+258;900;910;3;3;{1520, 1521, 1519};local
resnet+259;900;940;1;3;{1520, 1521, 1522};local
gromacs+260;900;950;2;4;{1521, 1522, 1523, 1524};local
resnet+261;900;1230;3;4;{1522, 1523, 1524, 1525};local
gromacs+262;900;910;0;3;{1523, 1524, 1525};local
resnet+263;900;2850;1;3;{1523, 1524, 1525};local
gromacs+264;900;77310;2;3;{1525, 1526, 1527};local
resnet+265;900;64290;0;3;{1528, 1526, 1527};local
gromacs+266;900;24500;1;3;{1528, 1526, 1527};local
resnet+267;900;910;3;4;{1528, 1529, 1526, 1527};local
gromacs+268;900;950;2;4;{1528, 1529, 1530, 1531};local
resnet+269;900;910;0;4;{1529, 1530, 1531, 1532};local
gromacs+270;900;1040;1;4;{1529, 1530, 1531, 1532};local
resnet+271;900;3840;3;3;{1530, 1531, 1532};local
gromacs+272;900;3370;2;4;{1532, 1533, 1534, 1535};local
resnet+273;900;1330;0;4;{1536, 1533, 1534, 1535};local
gromacs+274;900;55220;1;4;{1536, 1533, 1534, 1535};local
resnet+275;900;33540;3;3;{1533, 1534, 1535};local
gromacs+276;900;1050;2;3;{1536, 1537, 1538};local
resnet+277;900;61100;3;3;{1536, 1537, 1538};local
gromacs+278;900;3970;0;3;{1537, 1538, 1539};local
resnet+279;900;4300;1;4;{1537, 1538, 1539, 1540};local
gromacs+280;900;67680;2;3;{1539, 1540, 1541};local
resnet+281;900;2200;3;3;{1539, 1540, 1541};local
gromacs+282;900;910;0;3;{1540, 1541, 1542};local
resnet+283;900;1460;1;3;{1541, 1542, 1543};local
gromacs+284;900;910;2;3;{1544, 1542, 1543};local
resnet+285;900;1700;3;3;{1544, 1542, 1543};local
gromacs+286;900;152130;0;4;{1544, 1545, 1546, 1543};local
resnet+287;900;15870;1;3;{1544, 1545, 1546};local
gromacs+288;900;20030;2;3;{1545, 1546, 1547};local
resnet+289;900;960;3;4;{1545, 1546, 1547, 1548};local
gromacs+290;900;1360;0;3;{1547, 1548, 1549};local
resnet+291;900;910;1;3;{1547, 1548, 1549};local
gromacs+292;900;1070;2;3;{1548, 1549, 1550};local
resnet+293;900;100560;3;3;{1549, 1550, 1551};local
gromacs+294;900;3400;0;3;{1552, 1550, 1551};local
resnet+295;900;43670;1;3;{1552, 1550, 1551};local
gromacs+296;900;1360;2;3;{1552, 1553, 1551};local
resnet+297;900;940;3;3;{1552, 1553, 1554};local
gromacs+298;900;1150;0;3;{1553, 1554, 1555};local
resnet+299;900;4120;1;4;{1553, 1554, 1555, 1556};local
gromacs+300;900;22990;2;3;{1554, 1555, 1556};local
resnet+301;900;910;3;4;{1555, 1556, 1557, 1558};local
gromacs+302;900;42750;0;4;{1556, 1557, 1558, 1559};local
resnet+303;900;960;1;4;{1560, 1557, 1558, 1559};local
gromacs+304;900;1420;2;4;{1560, 1557, 1558, 1559};local
resnet+305;900;8810;3;4;{1560, 1561, 1562, 1559};local
gromacs+306;900;1330;0;4;{1560, 1561, 1562, 1563};local
resnet+307;900;1190;1;3;{1561, 1562, 1563};local
gromacs+308;900;1070;2;3;{1561, 1562, 1563};local
resnet+309;900;28270;3;3;{1563, 1564, 1565};local
gromacs+310;900;85300;0;3;{1564, 1565, 1566};local
resnet+311;900;1090;1;4;{1564, 1565, 1566, 1567};local
gromacs+312;900;950;2;3;{1564, 1565, 1566};local
resnet+313;900;910;3;3;{1568, 1566, 1567};local
gromacs+314;900;1070;0;3;{1568, 1569, 1567};local
resnet+315;900;4030;2;4;{1568, 1569, 1570, 1567};local
gromacs+316;900;4110;1;4;{1568, 1569, 1570, 1571};local
resnet+317;900;1070;3;3;{1569, 1570, 1571};local
gromacs+318;900;920;0;4;{1570, 1571, 1572, 1573};local
resnet+319;900;4240;2;3;{1571, 1572, 1573};local
gromacs+320;900;4020;1;3;{1572, 1573, 1574};local
resnet+321;900;1440;3;4;{1572, 1573, 1574, 1575};local
gromacs+322;900;910;0;4;{1576, 1577, 1574, 1575};local
resnet+323;900;1190;2;4;{1576, 1577, 1574, 1575};local
gromacs+324;900;1080;1;3;{1576, 1577, 1575};local
resnet+325;900;2860;3;4;{1576, 1577, 1578, 1579};local
gromacs+326;900;1040;0;4;{1578, 1579, 1580, 1581};local
resnet+327;900;960;1;3;{1578, 1579, 1580};local
gromacs+328;900;35220;2;4;{1578, 1579, 1580, 1581};local
resnet+329;900;940;3;3;{1580, 1581, 1582};local
gromacs+330;900;960;1;4;{1584, 1581, 1582, 1583};local
resnet+331;900;33630;0;3;{1584, 1582, 1583};local
gromacs+332;900;2860;2;4;{1584, 1585, 1582, 1583};local
resnet+333;900;1400;3;3;{1584, 1585, 1583};local
gromacs+334;900;960;0;3;{1585, 1586, 1587};local
resnet+335;900;960;1;3;{1585, 1586, 1587};local
gromacs+336;900;910;2;4;{1586, 1587, 1588, 1589};local
resnet+337;900;920;3;3;{1586, 1587, 1588};local
gromacs+338;900;1500;0;4;{1588, 1589, 1590, 1591};local
resnet+339;900;21350;1;3;{1588, 1589, 1590};local
gromacs+340;900;13640;3;4;{1592, 1589, 1590, 1591};local
resnet+341;900;1280;2;4;{1592, 1593, 1590, 1591};local
gromacs+342;900;1180;1;4;{1592, 1593, 1594, 1591};local
resnet+343;900;1060;0;4;{1592, 1593, 1594, 1595};local
gromacs+344;900;2610;3;3;{1593, 1594, 1595};local
resnet+345;900;2140;2;4;{1594, 1595, 1596, 1597};local
gromacs+346;900;1020;1;4;{1595, 1596, 1597, 1598};local
resnet+347;900;2060;0;4;{1596, 1597, 1598, 1599};local
gromacs+348;900;32030;3;3;{1596, 1597, 1598};local
resnet+349;900;65960;2;3;{1600, 1598, 1599};local
gromacs+350;900;1330;1;4;{1600, 1601, 1602, 1599};local
resnet+351;900;53200;3;3;{1600, 1601, 1599};local
gromacs+352;900;127660;0;4;{1600, 1601, 1602, 1603};local
resnet+353;900;950;2;3;{1601, 1602, 1603};local
gromacs+354;900;930;3;3;{1602, 1603, 1604};local
resnet+355;900;1090;1;4;{1603, 1604, 1605, 1606};local
gromacs+356;900;58690;0;3;{1604, 1605, 1606};local
resnet+357;900;1480;2;4;{1604, 1605, 1606, 1607};local
gromacs+358;900;58060;3;4;{1608, 1605, 1606, 1607};local
resnet+359;900;167780;0;4;{1608, 1609, 1610, 1607};local
gromacs+360;900;4270;1;4;{1608, 1609, 1610, 1607};local
resnet+361;900;84340;2;4;{1608, 1609, 1610, 1611};local
gromacs+362;900;950;3;4;{1609, 1610, 1611, 1612};local
resnet+363;900;910;0;3;{1611, 1612, 1613};local
gromacs+364;900;80930;1;4;{1611, 1612, 1613, 1614};local
resnet+365;900;2630;2;3;{1612, 1613, 1614};local
gromacs+366;900;3190;3;3;{1613, 1614, 1615};local
resnet+367;900;1500;0;3;{1616, 1614, 1615};local
gromacs+368;900;1260;1;4;{1616, 1617, 1618, 1615};local
resnet+369;900;950;2;3;{1616, 1617, 1615};local
gromacs+370;900;910;3;4;{1616, 1617, 1618, 1619};local
resnet+371;900;18200;0;3;{1617, 1618, 1619};local
gromacs+372;900;1220;2;3;{1618, 1619, 1620};local
resnet+373;900;86070;1;4;{1619, 1620, 1621, 1622};local
gromacs+374;900;111230;0;4;{1620, 1621, 1622, 1623};local
resnet+375;900;930;3;3;{1620, 1621, 1622};local
gromacs+376;900;1250;2;4;{1624, 1621, 1622, 1623};local
resnet+377;900;960;1;4;{1624, 1625, 1626, 1623};local
gromacs+378;900;910;3;4;{1624, 1625, 1626, 1623};local
resnet+379;900;910;0;3;{1624, 1625, 1626};local
gromacs+380;900;28120;2;3;{1625, 1626, 1627};local
resnet+381;900;1290;0;4;{1627, 1628, 1629, 1630};local
gromacs+382;900;2480;1;4;{1627, 1628, 1629, 1630};local
resnet+383;900;1390;3;3;{1627, 1628, 1629};local
gromacs+384;900;1210;2;3;{1628, 1629, 1630};local
resnet+385;900;114180;3;3;{1632, 1630, 1631};local
gromacs+386;900;910;0;3;{1632, 1633, 1631};local
resnet+387;900;1210;1;3;{1632, 1633, 1631};local
gromacs+388;900;84050;2;4;{1632, 1633, 1634, 1631};local
resnet+389;900;1230;3;4;{1633, 1634, 1635, 1636};local
gromacs+390;900;67540;0;3;{1634, 1635, 1636};local
resnet+391;900;59320;1;3;{1634, 1635, 1636};local
gromacs+392;900;1230;2;3;{1635, 1636, 1637};local
resnet+393;900;4360;0;4;{1640, 1637, 1638, 1639};local
gromacs+394;900;980;1;3;{1637, 1638, 1639};local
resnet+395;900;990;3;4;{1640, 1637, 1638, 1639};local
gromacs+396;900;23120;2;3;{1640, 1638, 1639};local
resnet+397;900;1510;1;3;{1640, 1641, 1642};local
gromacs+398;900;49180;0;4;{1641, 1642, 1643, 1644};local
resnet+399;900;930;2;4;{1641, 1642, 1643, 1644};local
gromacs+400;900;133430;3;3;{1641, 1642, 1643};local
resnet+401;900;950;1;3;{1643, 1644, 1645};local
gromacs+402;900;1090;3;3;{1644, 1645, 1646};local
resnet+403;900;1310;0;4;{1648, 1645, 1646, 1647};local
gromacs+404;900;970;2;4;{1648, 1645, 1646, 1647};local
resnet+406;900;960;1;4;{1648, 1649, 1646, 1647};local
gromacs+407;900;940;3;2;{1648, 1647};local
resnet+410;900;1270;0;2;{1649, 1650};local
gromacs+411;900;1030;2;2;{1649, 1650};local
resnet+413;900;1480;3;2;{1649, 1650};local
gromacs+417;900;1030;1;2;{1650, 1651};local
resnet+418;900;1310;0;2;{1651, 1652};local
gromacs+419;900;930;2;2;{1651, 1652};local
resnet+422;900;1430;3;2;{1651, 1652};local
gromacs+423;900;1430;1;2;{1652, 1653};local
resnet+424;900;1110;0;2;{1653, 1654};local
gromacs+425;900;940;2;2;{1653, 1654};local
resnet+430;900;1420;3;2;{1653, 1654};local
gromacs+431;900;1030;1;2;{1654, 1655};local
resnet+433;900;1270;0;2;{1656, 1655};local
gromacs+434;900;1370;2;2;{1656, 1655};local
resnet+435;900;910;3;2;{1656, 1655};local
gromacs+436;900;1240;1;2;{1656, 1657};local
resnet+437;900;920;0;2;{1657, 1658};local
gromacs+443;900;910;2;2;{1657, 1658};local
resnet+445;900;1040;3;2;{1657, 1658};local
gromacs+446;900;1400;1;2;{1658, 1659};local
resnet+447;900;1180;0;2;{1659, 1660};local
gromacs+450;900;1030;2;2;{1659, 1660};local
resnet+451;900;920;3;2;{1659, 1660};local
gromacs+452;900;1110;1;2;{1660, 1661};local
resnet+453;900;1010;0;2;{1661, 1662};local
gromacs+454;900;1280;2;2;{1661, 1662};local
resnet+455;900;1470;3;2;{1661, 1662};local
gromacs+459;900;930;1;2;{1662, 1663};local
resnet+460;900;1470;0;2;{1664, 1663};local
gromacs+461;900;1460;2;2;{1664, 1663};local
resnet+462;900;1280;3;2;{1664, 1663};local
gromacs+463;900;960;1;2;{1664, 1665};local
resnet+464;900;940;0;2;{1665, 1666};local
gromacs+465;900;950;2;2;{1665, 1666};local
resnet+466;900;1150;3;2;{1665, 1666};local
gromacs+468;900;910;1;2;{1666, 1667};local
resnet+469;900;950;0;2;{1667, 1668};local
gromacs+471;900;910;2;2;{1667, 1668};local
resnet+472;900;1290;3;2;{1667, 1668};local
gromacs+474;900;910;1;2;{1668, 1669};local
resnet+475;900;930;0;2;{1669, 1670};local
gromacs+476;900;910;2;2;{1669, 1670};local
resnet+477;900;910;3;2;{1669, 1670};local
gromacs+478;900;1150;1;2;{1670, 1671};local
resnet+479;900;910;0;2;{1672, 1671};local
gromacs+483;900;1240;2;2;{1672, 1671};local
resnet+486;900;910;3;2;{1672, 1671};local
gromacs+487;900;1190;1;2;{1672, 1673};local
resnet+488;900;940;0;2;{1673, 1674};local
gromacs+489;900;1160;2;2;{1673, 1674};local
resnet+491;900;1480;3;2;{1673, 1674};local
gromacs+493;900;920;1;2;{1674, 1675};local
resnet+496;900;1290;0;2;{1675, 1676};local
gromacs+498;900;1380;2;2;{1675, 1676};local
resnet+499;900;1200;3;2;{1675, 1676};local
gromacs+500;900;1320;1;2;{1676, 1677};local
resnet+502;900;930;0;2;{1677, 1678};local
gromacs+503;900;960;2;2;{1677, 1678};local
resnet+504;900;1030;3;2;{1677, 1678};local
gromacs+507;900;1040;1;2;{1678, 1679};local
resnet+511;900;940;0;2;{1680, 1679};local
gromacs+513;900;1470;2;2;{1680, 1679};local
resnet+514;900;910;3;2;{1680, 1679};local
gromacs+515;900;1390;1;2;{1680, 1681};local
resnet+516;900;910;0;2;{1681, 1682};local
gromacs+517;900;930;2;2;{1681, 1682};local
resnet+518;900;1300;3;2;{1681, 1682};local
openfoam+531;900;1400;1;1;{1682};local
shufflenet+532;900;910;0;1;{1683};local
openfoam+534;900;960;1;1;{1683};local
shufflenet+539;900;930;2;1;{1683};local
openfoam+540;900;950;3;1;{1683};local
shufflenet+541;900;1080;0;1;{1684};local
openfoam+542;900;1480;1;1;{1684};local
shufflenet+543;900;910;2;1;{1684};local
openfoam+545;900;920;3;1;{1684};local
shufflenet+547;900;930;0;1;{1685};local
openfoam+548;900;940;1;1;{1685};local
shufflenet+549;900;920;2;1;{1685};local
openfoam+551;900;1500;3;1;{1685};local
shufflenet+552;900;1400;0;1;{1686};local
openfoam+553;900;1090;1;1;{1686};local
shufflenet+556;900;1270;2;1;{1686};local
openfoam+558;900;1250;3;1;{1686};local
shufflenet+559;900;1060;0;1;{1687};local
openfoam+561;900;960;1;1;{1687};local
shufflenet+562;900;1050;2;1;{1687};local
openfoam+563;900;1490;3;1;{1687};local
shufflenet+564;900;1500;0;1;{1688};local
openfoam+565;900;930;1;1;{1688};local
shufflenet+567;900;1290;2;1;{1688};local
openfoam+568;900;1430;3;1;{1688};local
shufflenet+574;900;1270;0;1;{1689};local
openfoam+577;900;1300;1;1;{1689};local
shufflenet+581;900;910;2;1;{1689};local
openfoam+583;900;910;3;1;{1689};local
shufflenet+584;900;1360;0;1;{1690};local
openfoam+585;900;1100;1;1;{1690};local
shufflenet+586;900;910;2;1;{1690};local
openfoam+587;900;1290;3;1;{1690};local
shufflenet+590;900;1270;0;1;{1691};local
openfoam+591;900;930;1;1;{1691};local
shufflenet+592;900;910;2;1;{1691};local
openfoam+593;900;1310;3;1;{1691};local
shufflenet+595;900;1220;0;1;{1692};local
openfoam+598;900;1200;1;1;{1692};local
shufflenet+599;900;1340;2;1;{1692};local
openfoam+600;900;920;3;1;{1692};local
shufflenet+602;900;960;0;1;{1693};local
openfoam+603;900;920;1;1;{1693};local
shufflenet+604;900;1270;2;1;{1693};local
openfoam+605;900;1500;3;1;{1693};local
shufflenet+607;900;960;0;1;{1694};local
openfoam+611;900;1100;1;1;{1694};local
shufflenet+618;900;920;2;1;{1694};local
openfoam+619;900;910;3;1;{1694};local
shufflenet+623;900;1500;0;1;{1695};local
openfoam+624;900;1240;1;1;{1695};local
shufflenet+625;900;1000;2;1;{1695};local
openfoam+627;900;1460;3;1;{1695};local
shufflenet+628;900;960;0;1;{1696};local
openfoam+629;900;960;1;1;{1696};local
shufflenet+630;900;1010;2;1;{1696};local
openfoam+631;900;940;3;1;{1696};local
shufflenet+633;900;910;0;1;{1697};local
openfoam+635;900;930;1;1;{1697};local
shufflenet+636;900;940;2;1;{1697};local
openfoam+639;900;1300;3;1;{1697};local
shufflenet+640;900;960;0;1;{1698};local
openfoam+642;900;1430;1;1;{1698};local
shufflenet+643;900;1250;2;1;{1698};local
openfoam+644;900;1260;3;1;{1698};local
shufflenet+648;900;1670;0;1;{1699};local
openfoam+649;900;920;1;1;{1699};local
shufflenet+650;900;1390;2;1;{1699};local
openfoam+651;900;930;3;1;{1699};local
shufflenet+652;900;1420;0;1;{1700};local
openfoam+661;900;1490;1;1;{1700};local
shufflenet+662;900;1070;2;1;{1700};local
openfoam+664;900;1170;3;1;{1700};local
shufflenet+666;900;1260;0;1;{1701};local
openfoam+668;900;1220;1;1;{1701};local
shufflenet+670;900;920;2;1;{1701};local
openfoam+672;900;1110;3;1;{1701};local
shufflenet+674;900;910;0;1;{1702};local
openfoam+676;900;910;1;1;{1702};local
shufflenet+677;900;1460;2;1;{1702};local
openfoam+679;900;1670;3;1;{1702};local
shufflenet+680;900;1270;0;1;{1703};local
openfoam+681;900;1070;1;1;{1703};local
shufflenet+682;900;960;2;1;{1703};local
openfoam+683;900;980;3;1;{1703};local
shufflenet+684;900;1340;0;1;{1704};local
openfoam+686;900;940;1;1;{1704};local
shufflenet+687;900;960;2;1;{1704};local
openfoam+689;900;1080;3;1;{1704};local
shufflenet+690;900;910;0;1;{1705};local
openfoam+694;900;1200;1;1;{1705};local
shufflenet+695;900;1470;2;1;{1705};local
openfoam+697;900;930;3;1;{1705};local
shufflenet+698;900;1490;0;1;{1706};local
openfoam+699;900;1270;1;1;{1706};local
shufflenet+700;900;910;2;1;{1706};local
openfoam+702;900;1100;3;1;{1706};local
shufflenet+703;900;940;0;1;{1707};local
openfoam+704;900;930;1;1;{1707};local
shufflenet+705;900;1240;2;1;{1707};local
openfoam+706;900;1430;3;1;{1707};local
shufflenet+708;900;1130;0;1;{1708};local
openfoam+709;900;1460;1;1;{1708};local
shufflenet+710;900;910;2;1;{1708};local
openfoam+711;900;1560;3;1;{1708};local
shufflenet+712;900;1310;0;1;{1709};local
openfoam+713;900;1190;1;1;{1709};local
shufflenet+714;900;1030;2;1;{1709};local
openfoam+715;900;940;3;1;{1709};local
shufflenet+716;900;930;0;1;{1710};local
openfoam+719;900;1080;1;1;{1710};local
shufflenet+720;900;1360;2;1;{1710};local
openfoam+721;900;1020;3;1;{1710};local
shufflenet+723;900;1200;0;1;{1711};local
openfoam+724;900;1490;1;1;{1711};local
shufflenet+725;900;1120;2;1;{1711};local
openfoam+726;900;910;3;1;{1711};local
shufflenet+727;900;1230;0;1;{1712};local
openfoam+729;900;1020;1;1;{1712};local
shufflenet+730;900;1400;2;1;{1712};local
openfoam+732;900;1430;3;1;{1712};local
shufflenet+733;900;1370;0;1;{1713};local
openfoam+734;900;1340;1;1;{1713};local
shufflenet+736;900;1260;2;1;{1713};local
openfoam+739;900;1100;3;1;{1713};local
shufflenet+741;900;1350;0;1;{1714};local
openfoam+742;900;1390;1;1;{1714};local
shufflenet+744;900;1120;2;1;{1714};local
openfoam+747;900;1090;3;1;{1714};local
shufflenet+750;900;1360;0;1;{1715};local
openfoam+751;900;910;1;1;{1715};local
shufflenet+752;900;1230;2;1;{1715};local
openfoam+753;900;1470;3;1;{1715};local
shufflenet+757;900;940;0;1;{1716};local
openfoam+758;900;910;1;1;{1716};local
shufflenet+760;900;910;2;1;{1716};local
openfoam+761;900;930;3;1;{1716};local
shufflenet+764;900;1020;0;1;{1717};local
openfoam+767;900;930;1;1;{1717};local
shufflenet+769;900;1450;2;1;{1717};local
openfoam+771;900;1660;3;1;{1717};local
shufflenet+772;900;1040;0;1;{1718};local
openfoam+776;900;1220;1;1;{1718};local
shufflenet+777;900;1190;2;1;{1718};local
openfoam+778;900;1170;3;1;{1718};local
shufflenet+780;900;1440;0;1;{1719};local
openfoam+782;900;1400;1;1;{1719};local
shufflenet+783;900;950;2;1;{1719};local
openfoam+784;900;920;3;1;{1719};local
shufflenet+786;900;960;0;1;{1720};local
openfoam+787;900;1090;1;1;{1720};local
shufflenet+789;900;1180;2;1;{1720};local
openfoam+791;900;960;3;1;{1720};local
shufflenet+792;900;1350;0;1;{1721};local
openfoam+795;900;1490;1;1;{1721};local
shufflenet+799;900;910;2;1;{1721};local
openfoam+801;900;1420;3;1;{1721};local
shufflenet+802;900;930;0;1;{1722};local
openfoam+804;900;920;1;1;{1722};local
shufflenet+805;900;1050;2;1;{1722};local
openfoam+806;900;940;3;1;{1722};local
shufflenet+807;900;1010;0;1;{1723};local
openfoam+811;900;1360;1;1;{1723};local
shufflenet+815;900;1490;2;1;{1723};local
openfoam+816;900;1020;3;1;{1723};local
shufflenet+817;900;1470;0;1;{1724};local
openfoam+820;900;920;1;1;{1724};local
shufflenet+821;900;1000;2;1;{1724};local
openfoam+823;900;960;3;1;{1724};local
shufflenet+825;900;910;0;1;{1725};local
openfoam+826;900;960;1;1;{1725};local
shufflenet+827;900;910;2;1;{1725};local
openfoam+828;900;910;3;1;{1725};local
shufflenet+831;900;910;0;1;{1726};local
openfoam+832;900;940;1;1;{1726};local
shufflenet+833;900;1490;2;1;{1726};local
openfoam+840;900;1070;3;1;{1726};local
shufflenet+841;900;1580;0;1;{1727};local
openfoam+842;900;1370;1;1;{1727};local
shufflenet+843;900;1460;2;1;{1727};local
openfoam+846;900;950;3;1;{1727};local
shufflenet+848;900;1220;0;1;{1728};local
openfoam+849;900;1490;1;1;{1728};local
shufflenet+852;900;1200;2;1;{1728};local
openfoam+854;900;1110;3;1;{1728};local
shufflenet+855;900;1060;0;1;{1729};local
openfoam+858;900;1480;1;1;{1729};local
shufflenet+860;900;930;2;1;{1729};local
openfoam+861;900;1350;3;1;{1729};local
shufflenet+863;900;910;0;1;{1730};local
openfoam+864;900;1180;1;1;{1730};local
shufflenet+865;900;1260;2;1;{1730};local
openfoam+866;900;910;3;1;{1730};local
shufflenet+867;900;1070;0;1;{1731};local
openfoam+868;900;1160;1;1;{1731};local
shufflenet+870;900;1100;2;1;{1731};local
openfoam+871;900;910;3;1;{1731};local
shufflenet+872;900;950;0;1;{1732};local
openfoam+874;900;910;1;1;{1732};local
shufflenet+875;900;1420;2;1;{1732};local
openfoam+876;900;1170;3;1;{1732};local
shufflenet+877;900;1190;0;1;{1733};local
openfoam+878;900;1330;1;1;{1733};local
shufflenet+879;900;1450;2;1;{1733};local
openfoam+883;900;920;3;1;{1733};local
shufflenet+886;900;1410;0;1;{1734};local
openfoam+888;900;1420;1;1;{1734};local
shufflenet+890;900;1050;2;1;{1734};local
openfoam+892;900;920;3;1;{1734};local
shufflenet+893;900;1450;0;1;{1735};local
openfoam+894;900;1000;1;1;{1735};local
shufflenet+895;900;920;2;1;{1735};local
openfoam+897;900;930;3;1;{1735};local
shufflenet+900;900;1270;0;1;{1736};local
openfoam+901;900;950;1;1;{1736};local
shufflenet+903;900;1090;2;1;{1736};local
openfoam+906;900;1170;3;1;{1736};local
shufflenet+909;900;1640;0;1;{1737};local
openfoam+911;900;950;1;1;{1737};local
shufflenet+916;900;910;2;1;{1737};local
openfoam+917;900;910;3;1;{1737};local
shufflenet+918;900;1420;0;1;{1738};local
openfoam+921;900;1290;1;1;{1738};local
shufflenet+922;900;1390;2;1;{1738};local
openfoam+923;900;950;3;1;{1738};local
shufflenet+924;900;1360;0;1;{1739};local
openfoam+925;900;1610;1;1;{1739};local
shufflenet+926;900;1240;2;1;{1739};local
openfoam+930;900;1230;3;1;{1739};local
shufflenet+934;900;1290;0;1;{1740};local
openfoam+935;900;940;1;1;{1740};local
shufflenet+937;900;1340;2;1;{1740};local
openfoam+939;900;970;3;1;{1740};local
shufflenet+940;900;1040;0;1;{1741};local
openfoam+941;900;980;1;1;{1741};local
shufflenet+944;900;1430;2;1;{1741};local
openfoam+945;900;1390;3;1;{1741};local
shufflenet+947;900;950;0;1;{1742};local
openfoam+953;900;1430;1;1;{1742};local
shufflenet+955;900;1050;2;1;{1742};local
openfoam+956;900;960;3;1;{1742};local
shufflenet+958;900;910;0;1;{1743};local
openfoam+964;900;1140;1;1;{1743};local
shufflenet+966;900;940;2;1;{1743};local
openfoam+967;900;1190;3;1;{1743};local
shufflenet+968;900;930;0;1;{1744};local
openfoam+970;900;930;1;1;{1744};local
shufflenet+973;900;1010;2;1;{1744};local
openfoam+974;900;1430;3;1;{1744};local
shufflenet+979;900;950;0;1;{1745};local
openfoam+982;900;910;1;1;{1745};local
shufflenet+983;900;940;2;1;{1745};local
openfoam+984;900;1430;3;1;{1745};local
shufflenet+988;900;910;0;1;{1746};local
openfoam+990;900;1390;1;1;{1746};local
shufflenet+992;900;1040;2;1;{1746};local
openfoam+993;900;910;3;1;{1746};local
shufflenet+994;900;910;0;1;{1747};local
openfoam+998;900;910;1;1;{1747};local
shufflenet+999;900;990;2;1;{1747};local
gromacs+1000;900;1560;3;641;{2048, 2049, 2050, 2051, 2052, 2053, 2054, 2055, 2056, 2057, 2058, 2059, 2060, 2061, 2062, 2063, 2064, 2065, 2066, 2067, 2068, 2069, 2070, 2071, 2072, 2073, 2074, 2075, 2076, 2077, 2078, 2079, 2080, 2081, 2082, 2083, 2084, 2085, 2086, 2087, 2088, 2089, 2090, 2091, 2092, 2093, 2094, 2095, 2096, 2097, 2098, 2099, 2100, 2101, 2102, 2103, 2104, 2105, 2106, 2107, 2108, 2109, 2110, 2111, 2112, 2113, 2114, 2115, 2116, 2117, 2118, 2119, 2120, 2121, 2122, 2123, 2124, 2125, 2126, 2127, 2128, 2129, 2130, 2131, 2132, 2133, 2134, 2135, 2136, 2137, 2138, 2139, 2140, 2141, 2142, 2143, 2144, 2145, 2146, 2147, 2148, 2149, 2150, 2151, 2152, 2153, 2154, 2155, 2156, 2157, 2158, 2159, 2160, 2161, 2162, 2163, 2164, 2165, 2166, 2167, 2168, 2169, 2170, 2171, 2172, 2173, 2174, 2175, 2176, 2177, 2178, 2179, 2180, 2181, 2182, 2183, 2184, 2185, 2186, 2187, 2188, 2189, 2190, 2191, 2192, 2193, 2194, 2195, 2196, 2197, 2198, 2199, 2200, 2201, 2202, 2203, 2204, 2205, 2206, 2207, 2208, 2209, 2210, 2211, 2212, 2213, 2214, 2215, 2216, 2217, 2218, 2219, 2220, 2221, 2222, 2223, 2224, 2225, 2226, 2227, 2228, 2229, 2230, 2231, 2232, 2233, 2234, 2235, 2236, 2237, 2238, 2239, 2240, 2241, 2242, 2243, 2244, 2245, 2246, 2247, 2248, 2249, 2250, 2251, 2252, 2253, 2254, 2255, 2256, 2257, 2258, 2259, 2260, 2261, 2262, 2263, 2264, 2265, 2266, 2267, 2268, 2269, 2270, 2271, 2272, 2273, 2274, 2275, 2276, 2277, 2278, 2279, 2280, 2281, 2282, 2283, 2284, 2285, 2286, 2287, 2288, 2289, 2290, 2291, 2292, 2293, 2294, 2295, 2296, 2297, 2298, 2299, 2300, 2301, 2302, 2303, 2304, 2305, 2306, 2307, 2308, 2309, 2310, 2311, 2312, 2313, 2314, 2315, 2316, 2317, 2318, 2319, 2320, 2321, 2322, 2323, 2324, 2325, 2326, 2327, 2328, 2329, 2330, 2331, 2332, 2333, 2334, 2335, 2336, 2337, 2338, 2339, 2340, 2341, 2342, 2343, 2344, 2345, 2346, 2347, 2348, 2349, 2350, 2351, 2352, 2353, 2354, 2355, 2356, 2357, 2358, 2359, 2360, 2361, 2362, 2363, 2364, 2365, 2366, 2367, 2368, 2369, 2370, 2371, 2372, 2373, 2374, 2375, 2376, 2377, 2378, 2379, 2380, 2381, 2382, 2383, 2384, 2385, 2386, 2387, 1747, 1748, 1749, 1750, 1751, 1752, 1753, 1754, 1755, 1756, 1757, 1758, 1759, 1760, 1761, 1762, 1763, 1764, 1765, 1766, 1767, 1768, 1769, 1770, 1771, 1772, 1773, 1774, 1775, 1776, 1777, 1778, 1779, 1780, 1781, 1782, 1783, 1784, 1785, 1786, 1787, 1788, 1789, 1790, 1791, 1792, 1793, 1794, 1795, 1796, 1797, 1798, 1799, 1800, 1801, 1802, 1803, 1804, 1805, 1806, 1807, 1808, 1809, 1810, 1811, 1812, 1813, 1814, 1815, 1816, 1817, 1818, 1819, 1820, 1821, 1822, 1823, 1824, 1825, 1826, 1827, 1828, 1829, 1830, 1831, 1832, 1833, 1834, 1835, 1836, 1837, 1838, 1839, 1840, 1841, 1842, 1843, 1844, 1845, 1846, 1847, 1848, 1849, 1850, 1851, 1852, 1853, 1854, 1855, 1856, 1857, 1858, 1859, 1860, 1861, 1862, 1863, 1864, 1865, 1866, 1867, 1868, 1869, 1870, 1871, 1872, 1873, 1874, 1875, 1876, 1877, 1878, 1879, 1880, 1881, 1882, 1883, 1884, 1885, 1886, 1887, 1888, 1889, 1890, 1891, 1892, 1893, 1894, 1895, 1896, 1897, 1898, 1899, 1900, 1901, 1902, 1903, 1904, 1905, 1906, 1907, 1908, 1909, 1910, 1911, 1912, 1913, 1914, 1915, 1916, 1917, 1918, 1919, 1920, 1921, 1922, 1923, 1924, 1925, 1926, 1927, 1928, 1929, 1930, 1931, 1932, 1933, 1934, 1935, 1936, 1937, 1938, 1939, 1940, 1941, 1942, 1943, 1944, 1945, 1946, 1947, 1948, 1949, 1950, 1951, 1952, 1953, 1954, 1955, 1956, 1957, 1958, 1959, 1960, 1961, 1962, 1963, 1964, 1965, 1966, 1967, 1968, 1969, 1970, 1971, 1972, 1973, 1974, 1975, 1976, 1977, 1978, 1979, 1980, 1981, 1982, 1983, 1984, 1985, 1986, 1987, 1988, 1989, 1990, 1991, 1992, 1993, 1994, 1995, 1996, 1997, 1998, 1999, 2000, 2001, 2002, 2003, 2004, 2005, 2006, 2007, 2008, 2009, 2010, 2011, 2012, 2013, 2014, 2015, 2016, 2017, 2018, 2019, 2020, 2021, 2022, 2023, 2024, 2025, 2026, 2027, 2028, 2029, 2030, 2031, 2032, 2033, 2034, 2035, 2036, 2037, 2038, 2039, 2040, 2041, 2042, 2043, 2044, 2045, 2046, 2047};local
resnet+1003;900;1700;0;329;{2048, 2049, 2050, 2051, 2052, 2053, 2054, 2055, 2056, 2057, 2058, 2059, 2060, 2061, 2062, 2063, 2064, 2065, 2066, 2067, 2068, 2069, 2070, 2071, 2072, 2073, 2074, 2075, 2076, 1748, 1749, 1750, 1751, 1752, 1753, 1754, 1755, 1756, 1757, 1758, 1759, 1760, 1761, 1762, 1763, 1764, 1765, 1766, 1767, 1768, 1769, 1770, 1771, 1772, 1773, 1774, 1775, 1776, 1777, 1778, 1779, 1780, 1781, 1782, 1783, 1784, 1785, 1786, 1787, 1788, 1789, 1790, 1791, 1792, 1793, 1794, 1795, 1796, 1797, 1798, 1799, 1800, 1801, 1802, 1803, 1804, 1805, 1806, 1807, 1808, 1809, 1810, 1811, 1812, 1813, 1814, 1815, 1816, 1817, 1818, 1819, 1820, 1821, 1822, 1823, 1824, 1825, 1826, 1827, 1828, 1829, 1830, 1831, 1832, 1833, 1834, 1835, 1836, 1837, 1838, 1839, 1840, 1841, 1842, 1843, 1844, 1845, 1846, 1847, 1848, 1849, 1850, 1851, 1852, 1853, 1854, 1855, 1856, 1857, 1858, 1859, 1860, 1861, 1862, 1863, 1864, 1865, 1866, 1867, 1868, 1869, 1870, 1871, 1872, 1873, 1874, 1875, 1876, 1877, 1878, 1879, 1880, 1881, 1882, 1883, 1884, 1885, 1886, 1887, 1888, 1889, 1890, 1891, 1892, 1893, 1894, 1895, 1896, 1897, 1898, 1899, 1900, 1901, 1902, 1903, 1904, 1905, 1906, 1907, 1908, 1909, 1910, 1911, 1912, 1913, 1914, 1915, 1916, 1917, 1918, 1919, 1920, 1921, 1922, 1923, 1924, 1925, 1926, 1927, 1928, 1929, 1930, 1931, 1932, 1933, 1934, 1935, 1936, 1937, 1938, 1939, 1940, 1941, 1942, 1943, 1944, 1945, 1946, 1947, 1948, 1949, 1950, 1951, 1952, 1953, 1954, 1955, 1956, 1957, 1958, 1959, 1960, 1961, 1962, 1963, 1964, 1965, 1966, 1967, 1968, 1969, 1970, 1971, 1972, 1973, 1974, 1975, 1976, 1977, 1978, 1979, 1980, 1981, 1982, 1983, 1984, 1985, 1986, 1987, 1988, 1989, 1990, 1991, 1992, 1993, 1994, 1995, 1996, 1997, 1998, 1999, 2000, 2001, 2002, 2003, 2004, 2005, 2006, 2007, 2008, 2009, 2010, 2011, 2012, 2013, 2014, 2015, 2016, 2017, 2018, 2019, 2020, 2021, 2022, 2023, 2024, 2025, 2026, 2027, 2028, 2029, 2030, 2031, 2032, 2033, 2034, 2035, 2036, 2037, 2038, 2039, 2040, 2041, 2042, 2043, 2044, 2045, 2046, 2047};local
gromacs+1004;900;910;1;441;{2048, 2049, 2050, 2051, 2052, 2053, 2054, 2055, 2056, 2057, 2058, 2059, 2060, 2061, 2062, 2063, 2064, 2065, 2066, 2067, 2068, 2069, 2070, 2071, 2072, 2073, 2074, 2075, 2076, 2077, 2078, 2079, 2080, 2081, 2082, 2083, 2084, 2085, 2086, 2087, 2088, 2089, 2090, 2091, 2092, 2093, 2094, 2095, 2096, 2097, 2098, 2099, 2100, 2101, 2102, 2103, 2104, 2105, 2106, 2107, 2108, 2109, 2110, 2111, 2112, 2113, 2114, 2115, 2116, 2117, 2118, 2119, 2120, 2121, 2122, 2123, 2124, 2125, 2126, 2127, 2128, 2129, 2130, 2131, 2132, 2133, 2134, 2135, 2136, 2137, 2138, 2139, 2140, 2141, 2142, 2143, 2144, 2145, 2146, 2147, 2148, 2149, 2150, 2151, 2152, 2153, 2154, 2155, 2156, 2157, 2158, 2159, 2160, 2161, 2162, 2163, 2164, 2165, 2166, 2167, 2168, 2169, 2170, 2171, 2172, 2173, 2174, 2175, 2176, 2177, 2178, 2179, 2180, 2181, 2182, 2183, 2184, 2185, 2186, 2187, 2188, 1748, 1749, 1750, 1751, 1752, 1753, 1754, 1755, 1756, 1757, 1758, 1759, 1760, 1761, 1762, 1763, 1764, 1765, 1766, 1767, 1768, 1769, 1770, 1771, 1772, 1773, 1774, 1775, 1776, 1777, 1778, 1779, 1780, 1781, 1782, 1783, 1784, 1785, 1786, 1787, 1788, 1789, 1790, 1791, 1792, 1793, 1794, 1795, 1796, 1797, 1798, 1799, 1800, 1801, 1802, 1803, 1804, 1805, 1806, 1807, 1808, 1809, 1810, 1811, 1812, 1813, 1814, 1815, 1816, 1817, 1818, 1819, 1820, 1821, 1822, 1823, 1824, 1825, 1826, 1827, 1828, 1829, 1830, 1831, 1832, 1833, 1834, 1835, 1836, 1837, 1838, 1839, 1840, 1841, 1842, 1843, 1844, 1845, 1846, 1847, 1848, 1849, 1850, 1851, 1852, 1853, 1854, 1855, 1856, 1857, 1858, 1859, 1860, 1861, 1862, 1863, 1864, 1865, 1866, 1867, 1868, 1869, 1870, 1871, 1872, 1873, 1874, 1875, 1876, 1877, 1878, 1879, 1880, 1881, 1882, 1883, 1884, 1885, 1886, 1887, 1888, 1889, 1890, 1891, 1892, 1893, 1894, 1895, 1896, 1897, 1898, 1899, 1900, 1901, 1902, 1903, 1904, 1905, 1906, 1907, 1908, 1909, 1910, 1911, 1912, 1913, 1914, 1915, 1916, 1917, 1918, 1919, 1920, 1921, 1922, 1923, 1924, 1925, 1926, 1927, 1928, 1929, 1930, 1931, 1932, 1933, 1934, 1935, 1936, 1937, 1938, 1939, 1940, 1941, 1942, 1943, 1944, 1945, 1946, 1947, 1948, 1949, 1950, 1951, 1952, 1953, 1954, 1955, 1956, 1957, 1958, 1959, 1960, 1961, 1962, 1963, 1964, 1965, 1966, 1967, 1968, 1969, 1970, 1971, 1972, 1973, 1974, 1975, 1976, 1977, 1978, 1979, 1980, 1981, 1982, 1983, 1984, 1985, 1986, 1987, 1988, 1989, 1990, 1991, 1992, 1993, 1994, 1995, 1996, 1997, 1998, 1999, 2000, 2001, 2002, 2003, 2004, 2005, 2006, 2007, 2008, 2009, 2010, 2011, 2012, 2013, 2014, 2015, 2016, 2017, 2018, 2019, 2020, 2021, 2022, 2023, 2024, 2025, 2026, 2027, 2028, 2029, 2030, 2031, 2032, 2033, 2034, 2035, 2036, 2037, 2038, 2039, 2040, 2041, 2042, 2043, 2044, 2045, 2046, 2047};local
resnet+1007;900;920;2;217;{1748, 1749, 1750, 1751, 1752, 1753, 1754, 1755, 1756, 1757, 1758, 1759, 1760, 1761, 1762, 1763, 1764, 1765, 1766, 1767, 1768, 1769, 1770, 1771, 1772, 1773, 1774, 1775, 1776, 1777, 1778, 1779, 1780, 1781, 1782, 1783, 1784, 1785, 1786, 1787, 1788, 1789, 1790, 1791, 1792, 1793, 1794, 1795, 1796, 1797, 1798, 1799, 1800, 1801, 1802, 1803, 1804, 1805, 1806, 1807, 1808, 1809, 1810, 1811, 1812, 1813, 1814, 1815, 1816, 1817, 1818, 1819, 1820, 1821, 1822, 1823, 1824, 1825, 1826, 1827, 1828, 1829, 1830, 1831, 1832, 1833, 1834, 1835, 1836, 1837, 1838, 1839, 1840, 1841, 1842, 1843, 1844, 1845, 1846, 1847, 1848, 1849, 1850, 1851, 1852, 1853, 1854, 1855, 1856, 1857, 1858, 1859, 1860, 1861, 1862, 1863, 1864, 1865, 1866, 1867, 1868, 1869, 1870, 1871, 1872, 1873, 1874, 1875, 1876, 1877, 1878, 1879, 1880, 1881, 1882, 1883, 1884, 1885, 1886, 1887, 1888, 1889, 1890, 1891, 1892, 1893, 1894, 1895, 1896, 1897, 1898, 1899, 1900, 1901, 1902, 1903, 1904, 1905, 1906, 1907, 1908, 1909, 1910, 1911, 1912, 1913, 1914, 1915, 1916, 1917, 1918, 1919, 1920, 1921, 1922, 1923, 1924, 1925, 1926, 1927, 1928, 1929, 1930, 1931, 1932, 1933, 1934, 1935, 1936, 1937, 1938, 1939, 1940, 1941, 1942, 1943, 1944, 1945, 1946, 1947, 1948, 1949, 1950, 1951, 1952, 1953, 1954, 1955, 1956, 1957, 1958, 1959, 1960, 1961, 1962, 1963, 1964};local
gromacs+1009;900;1200;2;136;{2048, 2049, 2050, 2051, 2052, 2053, 2054, 2055, 2056, 2057, 2058, 2059, 2060, 2061, 2062, 2063, 2064, 2065, 2066, 2067, 2068, 2069, 2070, 2071, 2072, 2073, 2074, 2075, 2076, 2077, 2078, 2079, 2080, 2081, 2082, 2083, 2084, 2085, 2086, 2087, 2088, 2089, 2090, 2091, 2092, 2093, 2094, 2095, 2096, 2097, 2098, 2099, 2100, 1965, 1966, 1967, 1968, 1969, 1970, 1971, 1972, 1973, 1974, 1975, 1976, 1977, 1978, 1979, 1980, 1981, 1982, 1983, 1984, 1985, 1986, 1987, 1988, 1989, 1990, 1991, 1992, 1993, 1994, 1995, 1996, 1997, 1998, 1999, 2000, 2001, 2002, 2003, 2004, 2005, 2006, 2007, 2008, 2009, 2010, 2011, 2012, 2013, 2014, 2015, 2016, 2017, 2018, 2019, 2020, 2021, 2022, 2023, 2024, 2025, 2026, 2027, 2028, 2029, 2030, 2031, 2032, 2033, 2034, 2035, 2036, 2037, 2038, 2039, 2040, 2041, 2042, 2043, 2044, 2045, 2046, 2047};local
resnet+1010;900;960;0;187;{2077, 2078, 2079, 2080, 2081, 2082, 2083, 2084, 2085, 2086, 2087, 2088, 2089, 2090, 2091, 2092, 2093, 2094, 2095, 2096, 2097, 2098, 2099, 2100, 2101, 2102, 2103, 2104, 2105, 2106, 2107, 2108, 2109, 2110, 2111, 2112, 2113, 2114, 2115, 2116, 2117, 2118, 2119, 2120, 2121, 2122, 2123, 2124, 2125, 2126, 2127, 2128, 2129, 2130, 2131, 2132, 2133, 2134, 2135, 2136, 2137, 2138, 2139, 2140, 2141, 2142, 2143, 2144, 2145, 2146, 2147, 2148, 2149, 2150, 2151, 2152, 2153, 2154, 2155, 2156, 2157, 2158, 2159, 2160, 2161, 2162, 2163, 2164, 2165, 2166, 2167, 2168, 2169, 2170, 2171, 2172, 2173, 2174, 2175, 2176, 2177, 2178, 2179, 2180, 2181, 2182, 2183, 2184, 2185, 2186, 2187, 2188, 2189, 2190, 2191, 2192, 2193, 2194, 2195, 2196, 2197, 2198, 2199, 2200, 2201, 2202, 2203, 2204, 2205, 2206, 2207, 2208, 2209, 2210, 2211, 2212, 2213, 2214, 2215, 2216, 2217, 2218, 2219, 2220, 2221, 2222, 2223, 2224, 2225, 2226, 2227, 2228, 2229, 2230, 2231, 2232, 2233, 2234, 2235, 2236, 2237, 2238, 2239, 2240, 2241, 2242, 2243, 2244, 2245, 2246, 2247, 2248, 2249, 2250, 2251, 2252, 2253, 2254, 2255, 2256, 2257, 2258, 2259, 2260, 2261, 2262, 2263};local
gromacs+1011;900;1050;2;173;{2101, 2102, 2103, 2104, 2105, 2106, 2107, 2108, 2109, 2110, 2111, 2112, 2113, 2114, 2115, 2116, 2117, 2118, 2119, 2120, 2121, 2122, 2123, 2124, 2125, 2126, 2127, 2128, 2129, 2130, 2131, 2132, 2133, 2134, 2135, 2136, 2137, 2138, 2139, 2140, 2141, 2142, 2143, 2144, 2145, 2146, 2147, 2148, 2149, 2150, 2151, 2152, 2153, 2154, 2155, 2156, 2157, 2158, 2159, 2160, 2161, 2162, 2163, 2164, 2165, 2166, 2167, 2168, 2169, 2170, 2171, 2172, 2173, 2174, 2175, 2176, 2177, 2178, 2179, 2180, 2181, 2182, 2183, 2184, 2185, 2186, 2187, 2188, 2189, 2190, 2191, 2192, 2193, 2194, 2195, 2196, 2197, 2198, 2199, 2200, 2201, 2202, 2203, 2204, 2205, 2206, 2207, 2208, 2209, 2210, 2211, 2212, 2213, 2214, 2215, 2216, 2217, 2218, 2219, 2220, 2221, 2222, 2223, 2224, 2225, 2226, 2227, 2228, 2229, 2230, 2231, 2232, 2233, 2234, 2235, 2236, 2237, 2238, 2239, 2240, 2241, 2242, 2243, 2244, 2245, 2246, 2247, 2248, 2249, 2250, 2251, 2252, 2253, 2254, 2255, 2256, 2257, 2258, 2259, 2260, 2261, 2262, 2263, 2264, 2265, 2266, 2267, 2268, 2269, 2270, 2271, 2272, 2273};local
resnet+1013;900;1280;1;129;{2189, 2190, 2191, 2192, 2193, 2194, 2195, 2196, 2197, 2198, 2199, 2200, 2201, 2202, 2203, 2204, 2205, 2206, 2207, 2208, 2209, 2210, 2211, 2212, 2213, 2214, 2215, 2216, 2217, 2218, 2219, 2220, 2221, 2222, 2223, 2224, 2225, 2226, 2227, 2228, 2229, 2230, 2231, 2232, 2233, 2234, 2235, 2236, 2237, 2238, 2239, 2240, 2241, 2242, 2243, 2244, 2245, 2246, 2247, 2248, 2249, 2250, 2251, 2252, 2253, 2254, 2255, 2256, 2257, 2258, 2259, 2260, 2261, 2262, 2263, 2264, 2265, 2266, 2267, 2268, 2269, 2270, 2271, 2272, 2273, 2274, 2275, 2276, 2277, 2278, 2279, 2280, 2281, 2282, 2283, 2284, 2285, 2286, 2287, 2288, 2289, 2290, 2291, 2292, 2293, 2294, 2295, 2296, 2297, 2298, 2299, 2300, 2301, 2302, 2303, 2304, 2305, 2306, 2307, 2308, 2309, 2310, 2311, 2312, 2313, 2314, 2315, 2316, 2317};local
gromacs+1014;900;1010;0;170;{2264, 2265, 2266, 2267, 2268, 2269, 2270, 2271, 2272, 2273, 2274, 2275, 2276, 2277, 2278, 2279, 2280, 2281, 2282, 2283, 2284, 2285, 2286, 2287, 2288, 2289, 2290, 2291, 2292, 2293, 2294, 2295, 2296, 2297, 2298, 2299, 2300, 2301, 2302, 2303, 2304, 2305, 2306, 2307, 2308, 2309, 2310, 2311, 2312, 2313, 2314, 2315, 2316, 2317, 2318, 2319, 2320, 2321, 2322, 2323, 2324, 2325, 2326, 2327, 2328, 2329, 2330, 2331, 2332, 2333, 2334, 2335, 2336, 2337, 2338, 2339, 2340, 2341, 2342, 2343, 2344, 2345, 2346, 2347, 2348, 2349, 2350, 2351, 2352, 2353, 2354, 2355, 2356, 2357, 2358, 2359, 2360, 2361, 2362, 2363, 2364, 2365, 2366, 2367, 2368, 2369, 2370, 2371, 2372, 2373, 2374, 2375, 2376, 2377, 2378, 2379, 2380, 2381, 2382, 2383, 2384, 2385, 2386, 2387, 2388, 2389, 2390, 2391, 2392, 2393, 2394, 2395, 2396, 2397, 2398, 2399, 2400, 2401, 2402, 2403, 2404, 2405, 2406, 2407, 2408, 2409, 2410, 2411, 2412, 2413, 2414, 2415, 2416, 2417, 2418, 2419, 2420, 2421, 2422, 2423, 2424, 2425, 2426, 2427, 2428, 2429, 2430, 2431, 2432, 2433};local
resnet+1015;900;970;2;200;{2274, 2275, 2276, 2277, 2278, 2279, 2280, 2281, 2282, 2283, 2284, 2285, 2286, 2287, 2288, 2289, 2290, 2291, 2292, 2293, 2294, 2295, 2296, 2297, 2298, 2299, 2300, 2301, 2302, 2303, 2304, 2305, 2306, 2307, 2308, 2309, 2310, 2311, 2312, 2313, 2314, 2315, 2316, 2317, 2318, 2319, 2320, 2321, 2322, 2323, 2324, 2325, 2326, 2327, 2328, 2329, 2330, 2331, 2332, 2333, 2334, 2335, 2336, 2337, 2338, 2339, 2340, 2341, 2342, 2343, 2344, 2345, 2346, 2347, 2348, 2349, 2350, 2351, 2352, 2353, 2354, 2355, 2356, 2357, 2358, 2359, 2360, 2361, 2362, 2363, 2364, 2365, 2366, 2367, 2368, 2369, 2370, 2371, 2372, 2373, 2374, 2375, 2376, 2377, 2378, 2379, 2380, 2381, 2382, 2383, 2384, 2385, 2386, 2387, 2388, 2389, 2390, 2391, 2392, 2393, 2394, 2395, 2396, 2397, 2398, 2399, 2400, 2401, 2402, 2403, 2404, 2405, 2406, 2407, 2408, 2409, 2410, 2411, 2412, 2413, 2414, 2415, 2416, 2417, 2418, 2419, 2420, 2421, 2422, 2423, 2424, 2425, 2426, 2427, 2428, 2429, 2430, 2431, 2432, 2433, 2434, 2435, 2436, 2437, 2438, 2439, 2440, 2441, 2442, 2443, 2444, 2445, 2446, 2447, 2448, 2449, 2450, 2451, 2452, 2453, 2454, 2455, 2456, 2457, 2458, 2459, 2460, 2461, 2462, 2463, 2464, 2465, 2466, 2467, 2468, 2469, 2470, 2471, 2472, 2473};local
gromacs+1017;900;930;1;160;{2318, 2319, 2320, 2321, 2322, 2323, 2324, 2325, 2326, 2327, 2328, 2329, 2330, 2331, 2332, 2333, 2334, 2335, 2336, 2337, 2338, 2339, 2340, 2341, 2342, 2343, 2344, 2345, 2346, 2347, 2348, 2349, 2350, 2351, 2352, 2353, 2354, 2355, 2356, 2357, 2358, 2359, 2360, 2361, 2362, 2363, 2364, 2365, 2366, 2367, 2368, 2369, 2370, 2371, 2372, 2373, 2374, 2375, 2376, 2377, 2378, 2379, 2380, 2381, 2382, 2383, 2384, 2385, 2386, 2387, 2388, 2389, 2390, 2391, 2392, 2393, 2394, 2395, 2396, 2397, 2398, 2399, 2400, 2401, 2402, 2403, 2404, 2405, 2406, 2407, 2408, 2409, 2410, 2411, 2412, 2413, 2414, 2415, 2416, 2417, 2418, 2419, 2420, 2421, 2422, 2423, 2424, 2425, 2426, 2427, 2428, 2429, 2430, 2431, 2432, 2433, 2434, 2435, 2436, 2437, 2438, 2439, 2440, 2441, 2442, 2443, 2444, 2445, 2446, 2447, 2448, 2449, 2450, 2451, 2452, 2453, 2454, 2455, 2456, 2457, 2458, 2459, 2460, 2461, 2462, 2463, 2464, 2465, 2466, 2467, 2468, 2469, 2470, 2471, 2472, 2473, 2474, 2475, 2476, 2477};local
resnet+1022;900;1190;3;226;{2388, 2389, 2390, 2391, 2392, 2393, 2394, 2395, 2396, 2397, 2398, 2399, 2400, 2401, 2402, 2403, 2404, 2405, 2406, 2407, 2408, 2409, 2410, 2411, 2412, 2413, 2414, 2415, 2416, 2417, 2418, 2419, 2420, 2421, 2422, 2423, 2424, 2425, 2426, 2427, 2428, 2429, 2430, 2431, 2432, 2433, 2434, 2435, 2436, 2437, 2438, 2439, 2440, 2441, 2442, 2443, 2444, 2445, 2446, 2447, 2448, 2449, 2450, 2451, 2452, 2453, 2454, 2455, 2456, 2457, 2458, 2459, 2460, 2461, 2462, 2463, 2464, 2465, 2466, 2467, 2468, 2469, 2470, 2471, 2472, 2473, 2474, 2475, 2476, 2477, 2478, 2479, 2480, 2481, 2482, 2483, 2484, 2485, 2486, 2487, 2488, 2489, 2490, 2491, 2492, 2493, 2494, 2495, 2496, 2497, 2498, 2499};global
resnet+1022;900;1190;0;226;{2434, 2435, 2436, 2437, 2438, 2439, 2440, 2441, 2442, 2443, 2444, 2445, 2446, 2447, 2448, 2449, 2450, 2451, 2452, 2453, 2454, 2455, 2456, 2457, 2458, 2459, 2460, 2461, 2462, 2463, 2464, 2465, 2466, 2467, 2468, 2469, 2470, 2471, 2472, 2473, 2474, 2475, 2476, 2477, 2478, 2479, 2480, 2481, 2482, 2483, 2484, 2485, 2486, 2487, 2488, 2489, 2490, 2491, 2492, 2493, 2494, 2495, 2496, 2497, 2498, 2499};global
resnet+1022;900;1190;2;226;{2474, 2475, 2476, 2477, 2478, 2479, 2480, 2481, 2482, 2483, 2484, 2485, 2486, 2487, 2488, 2489, 2490, 2491, 2492, 2493, 2494, 2495, 2496, 2497, 2498, 2499};global
resnet+1022;900;1190;1;226;{2478, 2479, 2480, 2481, 2482, 2483, 2484, 2485, 2486, 2487, 2488, 2489, 2490, 2491, 2492, 2493, 2494, 2495, 2496, 2497, 2498, 2499};global
gromacs+1235;910;920;2;6;{352, 347, 348, 349, 350, 351};local
openfoam+1526;910;960;2;1;{353};local
resnet+1038;930;1520;1;60;{896, 897, 201, 202, 203, 204, 205, 206, 207, 208, 209, 210, 211, 212, 213, 865, 866, 867, 868, 869, 870, 871, 872, 873, 874, 875, 876, 877, 878, 879, 880, 881, 882, 883, 884, 885, 886, 887, 888, 889, 890, 891, 892, 893, 894, 895};global
resnet+1038;930;1520;2;60;{354, 355, 356, 357, 358, 359, 360, 361, 362, 363, 364, 365, 366, 367};global
gromacs+1023;970;980;1;152;{1547, 1548, 1549, 1122, 1123, 1124, 1125, 1126, 1127, 1128, 1129, 1130, 1131, 1132, 1133, 1134, 1135, 1136, 1137, 1138, 1139, 1140, 1141, 1142, 1143, 1144, 1145, 1146, 1147, 1148, 1149, 1150, 1151, 1152, 1153, 1666, 1667, 1668, 1669, 1702, 1715, 1716, 1732, 1745, 1747, 1748, 1749, 1750, 1751, 1752, 1753, 1754, 1755, 1756, 1757, 1758, 1759, 1760, 1761, 1762, 1763, 1764, 1765, 1766, 1767, 1768, 1769, 1770, 1771, 1772, 1773, 1774, 1775, 1776, 1777, 1778, 1779, 1780, 1781, 1782, 1783, 1784, 1785, 1786, 1787, 1788, 1789, 1790, 1791, 1792, 1793, 1794, 1795, 1796, 1797, 1798, 1799, 1800, 1801, 1802, 1803, 1804, 1805, 1806, 1807, 1808, 1809, 1810, 1811, 1812, 1813, 1814, 1815, 1816, 1817, 1818, 1819, 1820, 1821, 1822, 1823, 1824, 1825, 1826, 1827, 1828, 1829, 1830, 1831, 1832, 1833, 1834, 1445, 1446, 1447, 1448, 1449, 1465, 1466, 1467, 1468, 1469, 1470, 1471, 1472, 1506, 1507, 1508, 1509, 1510, 1511, 1512};local
resnet+1024;970;1450;1;145;{1835, 1836, 1837, 1838, 1839, 1840, 1841, 1842, 1843, 1844, 1845, 1846, 1847, 1848, 1849, 1850, 1851, 1852, 1853, 1854, 1855, 1856, 1857, 1858, 1859, 1860, 1861, 1862, 1863, 1864, 1865, 1866, 1867, 1868, 1869, 1870, 1871, 1872, 1873, 1874, 1875, 1876, 1877, 1878, 1879, 1880, 1881, 1882, 1883, 1884, 1885, 1886, 1887, 1888, 1889, 1890, 1891, 1892, 1893, 1894, 1895, 1896, 1897, 1898, 1899, 1900, 1901, 1902, 1903, 1904, 1905, 1906, 1907, 1908, 1909, 1910, 1911, 1912, 1913, 1914, 1915, 1916, 1917, 1918, 1919, 1920, 1921, 1922, 1923, 1924, 1925, 1926, 1927, 1928, 1929, 1930, 1931, 1932, 1933, 1934, 1935, 1936, 1937, 1938, 1939, 1940, 1941, 1942, 1943, 1944, 1945, 1946, 1947, 1948, 1949, 1950, 1951, 1952, 1953, 1954, 1955, 1956, 1957, 1958, 1959, 1960, 1961, 1962, 1963, 1964, 1965, 1966, 1967, 1968, 1969, 1970, 1971, 1972, 1973, 1974, 1975, 1976, 1977, 1978, 1979};local
gromacs+1025;970;1430;1;96;{2048, 2049, 2050, 2051, 2052, 2053, 2054, 2055, 2056, 2057, 2058, 2059, 2060, 2061, 2062, 2063, 2064, 2065, 2066, 2067, 2068, 2069, 2070, 2071, 2072, 2073, 2074, 2075, 1980, 1981, 1982, 1983, 1984, 1985, 1986, 1987, 1988, 1989, 1990, 1991, 1992, 1993, 1994, 1995, 1996, 1997, 1998, 1999, 2000, 2001, 2002, 2003, 2004, 2005, 2006, 2007, 2008, 2009, 2010, 2011, 2012, 2013, 2014, 2015, 2016, 2017, 2018, 2019, 2020, 2021, 2022, 2023, 2024, 2025, 2026, 2027, 2028, 2029, 2030, 2031, 2032, 2033, 2034, 2035, 2036, 2037, 2038, 2039, 2040, 2041, 2042, 2043, 2044, 2045, 2046, 2047};local
resnet+1026;970;1130;1;96;{2076, 2077, 2078, 2079, 2080, 2081, 2082, 2083, 2084, 2085, 2086, 2087, 2088, 2089, 2090, 2091, 2092, 2093, 2094, 2095, 2096, 2097, 2098, 2099, 2100, 2101, 2102, 2103, 2104, 2105, 2106, 2107, 2108, 2109, 2110, 2111, 2112, 2113, 2114, 2115, 2116, 2117, 2118, 2119, 2120, 2121, 2122, 2123, 2124, 2125, 2126, 2127, 2128, 2129, 2130, 2131, 2132, 2133, 2134, 2135, 2136, 2137, 2138, 2139, 2140, 2141, 2142, 2143, 2144, 2145, 2146, 2147, 2148, 2149, 2150, 2151, 2152, 2153, 2154, 2155, 2156, 2157, 2158, 2159, 2160, 2161, 2162, 2163, 2164, 2165, 2166, 2167, 2168, 2169, 2170, 2171};local
gromacs+1027;970;1020;3;76;{1408, 1409, 1410, 1411, 1412, 1413, 1669, 1655, 1670, 1671, 1672, 1656, 1679, 1680, 1555, 1556, 1557, 1558, 1689, 1566, 1567, 1568, 1694, 1318, 1319, 1320, 1321, 1322, 1323, 1324, 1325, 1326, 1327, 1328, 1329, 1330, 1711, 1725, 1730, 1731, 1737, 1616, 1617, 1618, 1619, 1746, 1623, 1624, 1625, 1626, 1519, 1520, 1521, 1526, 1527, 1528, 1529, 1402, 1403, 1404, 1405, 1406, 1407};global
gromacs+1027;970;1020;0;76;{1504, 1505, 1506, 1486, 1487, 1488, 1489, 1490, 1491, 1500, 1501, 1502, 1503};global
resnet+1032;970;980;2;101;{1408, 1409, 1410, 1411, 1412, 1413, 1542, 1543, 1544, 1667, 1668, 1669, 1670, 1657, 1684, 1658, 1689, 1690, 1691, 1706, 1708, 1586, 1587, 1588, 1589, 1716, 1721, 1725, 1737, 1501, 1502, 1503, 1504, 1505, 368, 369, 370, 371, 1400, 1401, 1402, 1403, 1404, 1405, 1406, 1407};global
resnet+1032;970;980;0;101;{1540, 1541, 1542, 1671, 1672, 1681, 1682, 1683, 1697, 1574, 1575, 1576, 1577, 1702, 1705, 1725, 1726, 1730, 1611, 1612, 1613, 1743, 1746, 1747, 1624, 1625, 1626, 1631, 1632, 1633, 1507, 1523, 1524, 1525, 1529, 1530, 1531, 1532};global
resnet+1032;970;980;1;101;{2176, 2177, 2178, 2179, 2180, 2181, 2182, 2183, 2184, 2185, 2186, 2187, 2188, 2172, 2173, 2174, 2175};global
gromacs+1033;980;1300;2;121;{1685, 1694, 1701, 1735, 1748, 1749, 1750, 1751, 1752, 1753, 1754, 1755, 1756, 1757, 1758, 1759, 1760, 1761, 1762, 1763, 1764, 1765, 1766, 1767, 1768, 1769, 1770, 1771, 1772, 1773, 1774, 1775, 1776, 1777, 1778, 1779, 1780, 1781, 1782, 1783, 1784, 1785, 1786, 1787, 1788, 1789, 1790, 1791, 1792, 1793, 1794, 1795, 1796, 1797, 1798, 1799, 1800, 1801, 1802, 1803, 1804, 1805, 1806, 1807, 1808, 1809, 1810, 1811, 1812, 1813, 1814, 1815, 1816, 1817, 1818, 1819, 1820, 1821, 1822, 1823, 1824, 1825, 1826, 1827, 1828, 1829, 1830, 1831, 1832, 1833, 1834, 1835, 1836, 1837, 1838, 1839, 1840, 1841, 1842, 1843, 1844, 1845, 347, 348, 349, 350, 351, 352, 1387, 1388, 1389, 1390, 1391, 1392, 1393, 1394, 1395, 1396, 1397, 1398, 1399};local
resnet+1034;980;990;2;118;{1846, 1847, 1848, 1849, 1850, 1851, 1852, 1853, 1854, 1855, 1856, 1857, 1858, 1859, 1860, 1861, 1862, 1863, 1864, 1865, 1866, 1867, 1868, 1869, 1870, 1871, 1872, 1873, 1874, 1875, 1876, 1877, 1878, 1879, 1880, 1881, 1882, 1883, 1884, 1885, 1886, 1887, 1888, 1889, 1890, 1891, 1892, 1893, 1894, 1895, 1896, 1897, 1898, 1899, 1900, 1901, 1902, 1903, 1904, 1905, 1906, 1907, 1908, 1909, 1910, 1911, 1912, 1913, 1914, 1915, 1916, 1917, 1918, 1919, 1920, 1921, 1922, 1923, 1924, 1925, 1926, 1927, 1928, 1929, 1930, 1931, 1932, 1933, 1934, 1935, 1936, 1937, 1938, 1939, 1940, 1941, 1942, 1943, 1944, 1945, 1946, 1947, 1948, 1949, 1950, 1951, 1952, 1953, 1954, 1955, 1956, 1957, 1958, 1959, 1960, 1961, 1962, 1963};local
gromacs+1040;980;1020;1;44;{1674, 1675, 1693, 1699, 1722, 1724, 1366, 1367, 1368, 1369, 1370, 1371, 1372, 1373, 1374, 1375, 1376, 1377, 1378, 1379, 1380, 1381};global
gromacs+1040;980;1020;3;44;{1692, 1733, 1734, 1450, 1451, 1452, 1453, 1454, 1586, 1587, 1588, 1684, 1719, 1659, 1660};global
gromacs+1040;980;1020;0;44;{1570, 1571, 1572, 1573, 1657, 1658};global
gromacs+1040;980;1020;2;44;{1964};global
resnet+1041;990;1440;1;60;{1280, 1281, 1282, 1283, 1284, 1285, 1286, 1287, 1288, 1289, 1290, 1291, 1292, 2318, 2319, 2320, 2321, 2322, 2323, 2324, 2325, 2326, 2327, 1688, 2328, 2329, 1691, 2330, 2331, 2332, 2333, 2334, 1697, 2335, 2336, 2337, 2338, 2339, 2340, 2341, 2342, 1662, 1707, 2343, 1663, 1717, 1744, 1382, 1383, 1384, 1385, 1386, 1387, 1388, 1389, 1390, 1391, 1392, 1278, 1279};local
gromacs+1042;990;1500;1;46;{2344, 2345, 2346, 2347, 2348, 2349, 2350, 2351, 2352, 2353, 2354, 2355, 2356, 2357, 2358, 2359, 2360, 2361, 2362, 2363, 2364, 2365, 2366, 2367, 2368, 2369, 2370, 2371, 2372, 2373, 2374, 2375, 2376, 2377, 2378, 2379, 2380, 2381, 2382, 2383, 2384, 2385, 2386, 2387, 2388, 2389};local
resnet+1046;990;1040;1;33;{2390, 2391, 2392, 2393, 2394, 2395, 2396, 2397, 2398, 2399, 2400, 2401, 2402, 2403, 2404, 2405, 2406, 2407, 2408, 2409, 2410, 2411, 2412, 2413, 2414, 2415, 2416, 2417, 2418, 2419, 2420, 2421, 2422};local
gromacs+1049;990;1570;1;55;{2432, 2433, 2434, 2435, 2436, 2437, 2438, 2439, 2440, 2441, 2442, 2443, 2444, 2445, 2446, 2447, 2448, 2449, 2450, 2451, 2452, 2453, 2454, 2455, 2456, 2457, 2458, 2459, 2460, 2461, 2462, 2463, 2464, 2465, 2466, 2467, 2468, 2469, 2470, 2471, 2472, 2473, 2474, 2475, 2476, 2477, 2423, 2424, 2425, 2426, 2427, 2428, 2429, 2430, 2431};local
resnet+1050;990;1000;3;47;{1699, 1705, 1716, 1602, 1603, 1604, 1735, 1620, 1621, 1622, 1381, 1382, 1383, 1384, 1385, 1386, 1387, 1388, 1389, 1390, 1391, 1392};global
resnet+1050;990;1000;0;47;{1283, 1284, 1285, 1286, 1287, 1288, 1289, 1290, 1291, 1292, 1293, 1294, 1677, 1678, 1685, 1710, 1722, 1669, 1744, 1670};global
resnet+1050;990;1000;2;47;{1641, 1642, 1518, 1519, 1520};global
gromacs+1408;990;1000;2;2;{1643, 1644};local
resnet+1057;1000;1020;3;41;{1696, 1722, 1580, 1581, 1582, 1647, 1552, 1553, 1554, 1648, 1709, 1430, 1431, 1432, 1433, 1434, 1435};global
resnet+1057;1000;1020;0;41;{1665, 1666, 1673, 1674, 1707, 1679, 1680, 1492, 1493, 1494, 1495, 1496, 1497, 1498, 1499, 1716};global
resnet+1057;1000;1020;2;41;{1697, 1681, 1682, 1651, 1652, 1653, 1654, 1683};global
gromacs+1059;1010;1060;2;51;{1196, 1197, 1198, 1199, 1200, 541, 542, 415, 416, 417, 418, 419, 420, 421, 422, 423, 424, 425, 426, 427, 428, 429, 430, 431, 432, 433, 434, 435, 436, 437, 438, 439, 440, 441, 442, 443, 444, 445, 446, 447, 448, 449, 450, 451, 452, 453, 454, 455, 456, 457, 1195};local
resnet+1060;1010;1250;1;38;{823, 824, 825, 826, 827, 828, 829, 830, 831, 832, 833, 834, 835, 836, 837, 838, 839, 840, 841, 842, 843, 844, 845, 846, 847, 848, 849, 850, 851, 852, 853, 854, 855, 856, 857, 858, 859, 860};local
gromacs+1061;1010;1070;2;49;{1665, 1666, 1564, 1565, 1566, 1201, 1202, 1203, 1204, 1205, 1206, 1207, 1208, 1209, 1210, 1211, 1212, 1213, 1214, 1719, 1601, 1602, 1603, 1729, 1231, 1232, 1615, 1616, 1617, 1743, 1745, 1521, 1522, 1523, 1524, 1528, 1529, 1530, 1531};global
gromacs+1061;1010;1070;1;49;{864, 1430, 1431, 1432, 1433, 1434, 1435, 861, 862, 863};global
resnet+1063;1020;1040;0;49;{1667, 1668, 2077, 2078, 1693, 1696, 2080, 1698, 2081, 2082, 1694, 2079, 2083, 2084, 2085, 2086, 2087, 2088, 2089, 2090, 2091, 2092, 1585, 1586, 1587, 2093, 2094, 2095, 2096, 1720, 2097, 2098, 2099, 2100, 2101, 2102, 2103, 2104, 2105, 2106, 2107, 1732, 2108, 2109, 2110, 2111, 2112, 1742, 1745};local
gromacs+1065;1020;1380;0;38;{2113, 2114, 2115, 2116, 2117, 2118, 2119, 2120, 2121, 2122, 2123, 2124, 2125, 2126, 2127, 2128, 2129, 2130, 2131, 2132, 2133, 2134, 2135, 2136, 2137, 2138, 2139, 2140, 2141, 2142, 2143, 2144, 2145, 2146, 2147, 2148, 2149, 2150};local
resnet+1066;1020;1540;0;50;{2176, 2177, 2178, 2179, 2180, 2181, 2182, 2183, 2184, 2185, 2186, 2187, 2188, 2189, 2190, 2191, 2192, 2193, 2194, 2195, 2196, 2197, 2198, 2199, 2200, 2151, 2152, 2153, 2154, 2155, 2156, 2157, 2158, 2159, 2160, 2161, 2162, 2163, 2164, 2165, 2166, 2167, 2168, 2169, 2170, 2171, 2172, 2173, 2174, 2175};local
gromacs+1067;1020;1070;1;37;{1412, 1413, 1414, 1415, 1416, 1417, 1418, 1419, 1557, 1558, 1559, 1560, 1436, 1437, 1578, 1579, 1580, 1356, 1357, 1358, 1359, 1360, 1361, 1362, 1363, 1364, 1365, 1487, 1488, 1489, 1490, 1491, 1492, 1493, 1520, 1521, 1522};local
resnet+1068;1020;1280;0;47;{2201, 2202, 2203, 2204, 2205, 2206, 2207, 2208, 2209, 2210, 2211, 2212, 2213, 2214, 2215, 2216, 2217, 2218, 2219, 2220, 2221, 2222, 2223, 2224, 2225, 2226, 2227, 2228, 2229, 2230, 2231, 2232, 2233, 2234, 2235, 2236, 2237, 2238, 2239, 2240, 2241, 2242, 2243, 2244, 2245, 2246, 2247};local
gromacs+1069;1020;1130;2;56;{523, 524, 525, 526, 527, 528, 529, 530, 531, 532, 533, 534, 1422, 1423, 1424, 1425, 1703, 1704, 330, 331, 332, 333, 334, 335, 336, 337, 338, 339, 340, 341, 342, 343, 344, 345, 346, 353, 1420, 1421, 1677, 1678};global
gromacs+1069;1020;1130;1;56;{1643, 1644, 1581, 1582, 1583, 1584, 1585, 1586, 1587, 1645, 1646, 1647, 1623, 1624, 1625, 1626};global
resnet+1073;1020;1350;3;43;{1545, 1546, 1547, 1548, 1683, 1331, 1332, 1333, 1334, 1335, 1336, 1337, 1338, 1339, 1340, 1341, 1342, 1343, 1720, 1724, 1727, 1609, 1610, 1611, 1612, 1738, 1742};global
resnet+1073;1020;1350;0;43;{2248, 2249, 2250, 2251, 2252, 2253, 2254, 2255, 2256, 2257, 2258, 2259, 2260, 2261, 2262, 2263};global
gromacs+1074;1030;1040;2;64;{2304, 2305, 2306, 2307, 2308, 2309, 2310, 2311, 2312, 2313, 2314, 2315, 2316, 2317, 2318, 2319, 2320, 2321, 2322, 2323, 2324, 2325, 2326, 2327, 2328, 2295, 2296, 2297, 2298, 1470, 1471, 1472, 1473, 1474, 2274, 2275, 2276, 2277, 2278, 2279, 2280, 2281, 2282, 2283, 2284, 1645, 1646, 1647, 1648, 2285, 2286, 2287, 2288, 2289, 2290, 2291, 2292, 2293, 2294, 2299, 2300, 2301, 2302, 2303};local
resnet+1075;1030;1050;2;58;{2329, 2330, 2331, 2332, 2333, 2334, 2335, 2336, 2337, 2338, 2339, 2340, 2341, 2342, 2343, 2344, 2345, 2346, 2347, 2348, 2349, 2350, 2351, 2352, 2353, 2354, 2355, 2356, 2357, 2358, 2359, 2360, 2361, 2362, 2363, 2364, 2365, 2366, 2367, 2368, 2369, 2370, 2371, 2372, 2373, 2374, 2375, 2376, 2377, 2378, 2379, 2380, 2381, 2382, 2383, 2384, 2385, 2386};local
gromacs+1079;1030;1400;2;30;{2387, 2388, 2389, 2390, 2391, 2392, 2393, 2394, 2395, 2396, 2397, 2398, 2399, 2400, 2401, 2402, 2403, 2404, 2405, 2406, 2407, 2408, 2409, 2410, 2411, 2412, 2413, 2414, 2415, 2416};local
resnet+1080;1030;1380;2;21;{2432, 2433, 2434, 2435, 2436, 2437, 2417, 2418, 2419, 2420, 2421, 2422, 2423, 2424, 2425, 2426, 2427, 2428, 2429, 2430, 2431};local
gromacs+1084;1030;1200;2;20;{2438, 2439, 2440, 2441, 2442, 2443, 2444, 2445, 2446, 2447, 2448, 2449, 2450, 2451, 2452, 2453, 2454, 2455, 2456, 2457};local
resnet+1085;1030;1360;3;29;{800, 801, 802, 803, 804, 805, 1740, 789, 790, 791, 792, 793, 794, 795, 796, 797, 798, 799};global
resnet+1085;1030;1360;2;29;{2464, 2465, 2466, 2467, 2468, 2458, 2459, 2460, 2461, 2462, 2463};global
gromacs+1094;1030;1040;1;19;{1664, 1665, 1696, 1704, 1736, 1737, 1740, 1648, 1649, 1683, 1685, 1687, 1725, 1726};global
gromacs+1094;1030;1040;2;19;{2469, 2470, 2471, 2472, 2473};global
resnet+1087;1040;1150;1;23;{1122, 1123, 1124, 1125, 1126, 1127, 1128, 1129, 1130, 1131, 1132, 1133, 1134, 1135, 1136, 1137, 1138, 1139, 1140, 1141, 1142, 1143, 1144};local
gromacs+1088;1040;1070;1;27;{1152, 1153, 1445, 1446, 1447, 1448, 1449, 1465, 1466, 1467, 1468, 1469, 1470, 1471, 1472, 1506, 1507, 1508, 1509, 1510, 1145, 1146, 1147, 1148, 1149, 1150, 1151};local
resnet+1089;1040;1560;1;25;{1666, 1667, 1668, 1669, 1547, 1548, 1549, 1702, 1715, 1716, 1732, 1741, 1745, 1747, 1748, 1749, 1750, 1751, 1752, 1753, 1637, 1638, 1511, 1512, 1639};local
gromacs+1091;1040;1480;1;28;{1754, 1755, 1756, 1757, 1758, 1759, 1760, 1761, 1762, 1763, 1764, 1765, 1766, 1767, 1768, 1769, 1770, 1771, 1772, 1773, 1774, 1775, 1776, 1777, 1778, 1779, 1780, 1781};local
resnet+1093;1040;1360;1;25;{1792, 1793, 1794, 1795, 1796, 1797, 1798, 1799, 1800, 1801, 1802, 1803, 1804, 1805, 1806, 1782, 1783, 1784, 1785, 1786, 1787, 1788, 1789, 1790, 1791};local
gromacs+1096;1040;1350;0;21;{1359, 1360, 1361, 1362, 1363, 1364, 1365, 1366, 1367, 1368, 1369, 1370, 1371, 1372, 1373, 1374, 1507, 1523, 1524, 1525, 1529};local
resnet+1099;1040;1080;2;24;{1408, 1409, 1410, 1411, 1412, 1413, 1542, 1501, 1502, 1503, 1504, 1505, 368, 369, 370, 371, 1400, 1401, 1402, 1403, 1404, 1405, 1406, 1407};local
gromacs+1100;1040;1170;1;21;{1807, 1808, 1809, 1810, 1811, 1812, 1813, 1814, 1815, 1816, 1817, 1818, 1819, 1820, 1821, 1822, 1823, 1824, 1825, 1826, 1827};local
resnet+1102;1040;1640;0;31;{1540, 1541, 1542, 1671, 1672, 1681, 1682, 1683, 1697, 1574, 1575, 1576, 1577, 1702, 1705, 1725, 1726, 1730, 1611, 1612, 1613, 1743, 1624, 1625, 1626, 1631, 1632, 1633, 1530, 1531, 1532};local
gromacs+1103;1040;1050;1;30;{2176, 2177, 2178, 2179, 2180, 2181, 2182, 2183, 2184, 2185, 2186, 2187, 2188, 1828, 1829, 1830, 1831, 1832, 1833, 1834, 2172, 2173, 2174, 2175};global
gromacs+1103;1040;1050;2;30;{1543, 1544, 1586, 1587, 1588, 1589};global
resnet+1106;1040;1130;2;18;{1667, 1668, 1669, 1670, 1737, 1706, 1708, 1689, 1721, 1684, 1716, 1690, 1657, 1658, 1691, 1725};global
resnet+1106;1040;1130;0;18;{1746, 1747};global
shufflenet+1527;1040;1050;3;1;{1703};local
gromacs+1104;1050;1380;2;30;{1846, 1847, 1848, 1849, 1850, 1851, 1852, 1853, 1854, 1855, 1856, 1857, 1858, 1859, 1860, 1861, 1862, 1863, 1864, 1865, 1866, 1867, 1868, 1869, 1870, 1871, 1872, 1873, 1874, 1747};local
resnet+1105;1050;1060;2;27;{1875, 1876, 1877, 1878, 1879, 1880, 1881, 1882, 1883, 1884, 1885, 1886, 1887, 1888, 1889, 1890, 1891, 1892, 1893, 1894, 1895, 1896, 1897, 1898, 1899, 1900, 1901};local
gromacs+1107;1050;1100;2;17;{1902, 1903, 1904, 1905, 1906, 1907, 1908, 1909, 1910, 1911, 1912, 1913, 1914, 1915, 1916, 1917, 1918};local
resnet+1109;1050;1090;2;30;{1920, 1921, 1922, 1923, 1924, 1925, 1926, 1927, 1928, 1929, 1930, 1931, 1932, 1933, 1934, 1935, 1936, 1937, 1938, 1939, 1940, 1941, 1942, 1943, 1944, 1945, 1946, 1947, 1948, 1919};local
gromacs+1115;1050;1060;2;19;{1952, 1953, 1954, 1955, 1956, 1957, 1958, 1959, 1960, 1961, 1962, 1963, 1949, 1950, 1951};global
gromacs+1115;1050;1060;3;19;{1640, 1637, 1638, 1639};global
resnet+1117;1060;1500;3;28;{1699, 1705, 1716, 1602, 1603, 1604, 1735, 1620, 1621, 1622, 1381, 1382, 1383, 1384, 1385, 1386, 1387, 1388, 1389, 1390, 1391, 1392};global
resnet+1117;1060;1500;0;28;{1283, 1284, 1285, 1286, 1287, 1288};global
gromacs+1118;1060;1410;0;17;{1669, 1670, 1289, 1290, 1291, 1292, 1293, 1294, 1677, 1678, 1710, 1744, 1685, 1722};global
gromacs+1118;1060;1410;2;17;{1520, 1518, 1519};global
resnet+1122;1070;1520;0;16;{2272, 2273, 2274, 2275, 2276, 2269, 2267, 2270, 2264, 2265, 2266, 1723, 2268, 1661, 1662, 2271};local
gromacs+1123;1070;1620;0;10;{2277, 2278, 2279, 2280, 2281, 2282, 2283, 2284, 2285, 2286};local
resnet+1124;1070;1080;0;12;{2287, 2288, 2289, 2290, 2291, 2292, 2293, 2294, 2295, 2296, 2297, 2298};local
gromacs+1126;1070;1460;0;9;{2304, 2305, 2306, 2307, 2299, 2300, 2301, 2302, 2303};local
resnet+1128;1070;1560;0;14;{2308, 2309, 2310, 2311, 2312, 2313, 2314, 2315, 2316, 2317, 2318, 2319, 2320, 2321};local
gromacs+1129;1070;1350;0;13;{2322, 2323, 2324, 2325, 2326, 2327, 2328, 2329, 2330, 2331, 2332, 2333, 2334};local
resnet+1130;1070;1510;0;13;{2336, 2337, 2338, 2339, 2340, 2341, 2342, 2343, 2344, 2345, 2346, 2347, 2335};local
gromacs+1132;1070;1110;0;14;{2348, 2349, 2350, 2351, 2352, 2353, 2354, 2355, 2356, 2357, 2358, 2359, 2360, 2361};local
resnet+1133;1070;1440;0;13;{2368, 2369, 2370, 2371, 2372, 2373, 2374, 2362, 2363, 2364, 2365, 2366, 2367};local
gromacs+1137;1070;1490;0;12;{2375, 2376, 2377, 2378, 2379, 2380, 2381, 2382, 2383, 2384, 2385, 2386};local
resnet+1138;1070;1400;0;15;{2400, 2401, 2387, 2388, 2389, 2390, 2391, 2392, 2393, 2394, 2395, 2396, 2397, 2398, 2399};local
gromacs+1139;1070;1110;0;10;{2402, 2403, 2404, 2405, 2406, 2407, 2408, 2409, 2410, 2411};local
resnet+1140;1070;1190;3;10;{1206, 1207, 1208, 1209, 1210, 1211, 1212, 1213, 1214, 1215};local
gromacs+1141;1070;1090;0;10;{2412, 2413, 2414, 2415, 2416, 2417, 2418, 2419, 2420, 2421};local
resnet+1144;1070;1080;3;10;{1216, 1217, 1218, 1219, 1220, 1221, 1222, 1223, 1224, 1225};local
gromacs+1147;1070;1080;2;10;{1641, 1642, 1643, 1644, 1464, 1465, 1466, 1467, 1468, 1469};local
resnet+1148;1070;1100;0;9;{2422, 2423, 2424, 2425, 2426, 2427, 2428, 2429, 2430};local
gromacs+1151;1070;1110;3;14;{1226, 1227, 1228, 1229, 1230, 1231, 1232, 1233, 1234, 1235, 1236, 1237};global
gromacs+1151;1070;1110;2;14;{1696, 1695};global
resnet+1152;1080;1360;3;10;{865, 866, 867, 868, 869, 870, 871, 872, 873, 874};local
gromacs+1153;1080;1110;3;14;{875, 876, 877, 878, 879, 880, 881, 882, 883, 884, 885, 886, 887, 888};local
resnet+1154;1080;1250;3;9;{1318, 1319, 1320, 1321, 1322, 889, 890, 891, 892};local
gromacs+1155;1080;1110;3;15;{1408, 1323, 1324, 1325, 1326, 1327, 1328, 1329, 1330, 1402, 1403, 1404, 1405, 1406, 1407};local
resnet+1156;1080;1090;3;9;{1409, 1410, 1411, 1412, 1413, 1430, 1431, 1432, 1433};local
gromacs+1157;1080;1090;3;14;{1450, 1451, 1452, 1453, 1454, 1519, 1520, 1521, 1526, 1527, 1528, 1529, 1434, 1435};local
resnet+1158;1080;1510;3;16;{1568, 1580, 1581, 1582, 1552, 1553, 1554, 1555, 1556, 1557, 1558, 1586, 1587, 1588, 1566, 1567};local
gromacs+1161;1080;1090;0;15;{1486, 1487, 1488, 1489, 1490, 1491, 1492, 1493, 1494, 1495, 1496, 1497, 1498, 1499, 1500};local
resnet+1162;1080;1330;3;14;{1655, 1656, 1647, 1616, 1617, 1618, 1619, 1648, 1623, 1624, 1625, 1626, 1659, 1660};local
gromacs+1164;1080;1140;1;15;{1376, 1377, 1378, 1379, 1380, 1366, 1367, 1368, 1369, 1370, 1371, 1372, 1373, 1374, 1375};local
resnet+1165;1080;1240;0;15;{1504, 1505, 1506, 1570, 1508, 1509, 1510, 1511, 1512, 1513, 1514, 1515, 1501, 1502, 1503};local
gromacs+1167;1080;1110;2;11;{1346, 1347, 1348, 1349, 1350, 1351, 1352, 1353, 1354, 1355, 1356};local
resnet+1169;1080;1460;3;9;{1669, 1670, 1671, 1672, 1679, 1680, 1684, 1689, 1692};local
gromacs+1173;1080;1100;2;13;{1450, 1451, 1452, 1357, 1358, 1453, 1454, 1455, 1456, 1651, 1652, 1653, 1654};local
resnet+1174;1080;1120;1;14;{1473, 1474, 1475, 1476, 1381, 1477, 1478, 1693, 1674, 1675, 1595, 1596, 1597, 1598};local
gromacs+1175;1080;1370;0;9;{1665, 1666, 1571, 1572, 1573, 1673, 1674, 1657, 1658};local
resnet+1177;1080;1120;3;10;{1696, 1730, 1709, 1710, 1711, 1719, 1722, 1723, 1725, 1694};local
gromacs+1178;1080;1120;0;13;{2432, 2433, 1707, 1679, 1680, 1716, 1717, 2431};global
gromacs+1178;1080;1120;2;13;{1697, 1681, 1682, 1683, 1724};global
resnet+1179;1080;1440;1;10;{1699, 1735, 1712, 1722, 1724};global
resnet+1179;1080;1440;3;10;{1731, 1733, 1734, 1737, 1746};global
gromacs+1180;1090;1390;0;14;{1376, 1377, 1378, 1379, 1380, 1381, 1382, 1383, 1384, 1385, 1386, 1387, 1388, 1375};local
resnet+1181;1090;1350;2;6;{1709, 1744, 1649, 1650, 1659, 1660};local
gromacs+1182;1090;1310;1;7;{1650, 1651, 1654, 1655};global
gromacs+1182;1090;1310;3;7;{1677, 1678};global
gromacs+1182;1090;1310;0;7;{1389};global
resnet+1192;1100;1150;2;8;{1472, 1473, 1474, 1645, 1646, 1647, 1470, 1471};local
gromacs+1198;1100;1490;2;8;{2274, 2275, 2276, 2277, 2278, 1964, 1648, 1746};local
resnet+1200;1100;1130;0;5;{1578, 1519, 1520, 1521, 1522};local
gromacs+1201;1100;1520;2;7;{2279, 2280, 2281, 2282, 2283, 2284, 2285};local
resnet+1202;1100;1270;0;5;{1579, 1580, 1581, 1585, 1586};local
gromacs+1205;1100;1110;1;8;{1664, 1665, 1648, 1649, 1529, 1530, 1531, 1532};local
resnet+1206;1100;1450;0;7;{1696, 1698, 1667, 1668, 1587, 1693, 1694};local
gromacs+1207;1100;1530;2;6;{2286, 2287, 2288, 2289, 2290, 2291};local
resnet+1209;1100;1330;1;6;{1696, 1678, 1679, 1683, 1685, 1687};local
gromacs+1210;1100;1120;0;6;{1732, 1741, 1742, 1745, 1718, 1720};local
resnet+1211;1100;1140;2;6;{2292, 2293, 2294, 2295, 2296, 2297};local
gromacs+1212;1100;1720;1;8;{1704, 1737, 1736, 1740, 2390, 2391, 1725, 1726};local
resnet+1219;1100;1330;0;7;{2080, 2081, 2082, 2083, 2077, 2078, 2079};local
gromacs+1222;1100;1120;2;6;{2298, 2299, 2300, 2301, 2302, 2303};local
resnet+1227;1100;1290;1;5;{2392, 2393, 2394, 2395, 2396};local
gromacs+1228;1100;1420;2;6;{2304, 2305, 2306, 2307, 2308, 2309};local
resnet+1230;1100;1570;0;5;{2084, 2085, 2086, 2087, 2088};local
gromacs+1231;1100;1120;1;7;{2400, 2401, 2402, 2403, 2397, 2398, 2399};local
resnet+1232;1100;1150;0;5;{2089, 2090, 2091, 2092, 2093};local
gromacs+1233;1100;1130;2;6;{2310, 2311, 2312, 2313, 2314, 2315};local
resnet+1234;1100;1360;0;8;{2094, 2095, 2096, 2097, 2098, 2099, 2100, 2101};local
gromacs+1238;1100;1240;1;7;{2404, 2405, 2406, 2407, 2408, 2409, 2410};local
resnet+1242;1100;1130;2;7;{2316, 2317, 2318, 2319, 2320, 2321, 2322};local
gromacs+1244;1100;1110;1;7;{2411, 2412, 2413, 2414, 2415, 2416, 2417};local
resnet+1246;1100;1330;0;8;{2102, 2103, 2104, 2105, 2106, 2107, 2108, 2109};local
gromacs+1247;1100;1660;2;5;{2323, 2324, 2325, 2326, 2327};local
resnet+1256;1100;1160;2;4;{2328, 2469, 2470, 2471};local
gromacs+1258;1100;1240;1;4;{2418, 2419, 2420, 2421};local
resnet+1259;1100;1180;0;3;{2112, 2110, 2111};local
gromacs+1262;1100;1290;2;4;{2472, 2473};global
gromacs+1262;1100;1290;3;4;{1657, 1658};global
resnet+1264;1110;1500;2;4;{1536, 1537, 1538, 1543};local
gromacs+1265;1110;1120;2;3;{1544, 1586, 1587};local
resnet+1266;1110;1640;2;3;{1588, 1589, 1687};local
gromacs+1270;1110;1600;2;3;{1722, 1742, 1734};local
resnet+1271;1110;1650;2;3;{2101, 2102, 2103};local
gromacs+1273;1110;1170;2;3;{2104, 2105, 2106};local
resnet+1274;1110;1130;2;4;{2107, 2108, 2109, 2110};local
gromacs+1275;1110;1550;2;4;{2112, 2113, 2114, 2111};local
resnet+1277;1110;1400;2;3;{2115, 2116, 2117};local
gromacs+1281;1110;1470;2;3;{2120, 2118, 2119};local
resnet+1282;1110;1170;2;3;{2121, 2122, 2123};local
gromacs+1284;1110;1120;2;4;{2124, 2125, 2126, 2127};local
resnet+1285;1110;1450;2;3;{2128, 2129, 2130};local
gromacs+1286;1110;1120;2;3;{2131, 2132, 2133};local
resnet+1289;1110;1170;2;4;{2136, 2137, 2134, 2135};local
gromacs+1290;1110;1140;2;4;{2138, 2139, 2140, 2141};local
resnet+1292;1110;1280;2;4;{2144, 2145, 2142, 2143};local
gromacs+1293;1110;1560;2;3;{2146, 2147, 2148};local
resnet+1294;1110;1160;2;3;{2149, 2150, 2151};local
gromacs+1297;1110;1720;2;4;{2152, 2153, 2154, 2155};local
resnet+1301;1110;1190;2;4;{2156, 2157, 2158, 2159};local
gromacs+1302;1110;1120;2;4;{2160, 2161, 2162, 2163};local
resnet+1303;1110;1150;2;4;{2164, 2165, 2166, 2167};local
gromacs+1306;1110;1120;2;4;{2168, 2169, 2170, 2171};local
resnet+1308;1110;1550;2;4;{2172, 2173, 2174, 2175};local
gromacs+1310;1110;1450;2;4;{2176, 2177, 2178, 2179};local
resnet+1312;1110;1120;2;4;{2180, 2181, 2182, 2183};local
gromacs+1314;1110;1540;2;3;{2184, 2185, 2186};local
resnet+1315;1110;1120;2;3;{2187, 2188, 2189};local
gromacs+1316;1110;1370;2;3;{2192, 2190, 2191};local
resnet+1317;1110;1120;2;4;{2193, 2194, 2195, 2196};local
gromacs+1318;1110;1170;2;4;{2200, 2197, 2198, 2199};local
resnet+1319;1110;1260;2;4;{2201, 2202, 2203, 2204};local
gromacs+1321;1110;1420;2;3;{2205, 2206, 2207};local
resnet+1325;1110;1320;2;3;{2208, 2209, 2210};local
gromacs+1326;1110;1160;2;4;{2211, 2212, 2213, 2214};local
resnet+1327;1110;1160;2;3;{2216, 2217, 2215};local
gromacs+1328;1110;1460;2;4;{2218, 2219, 2220, 2221};local
resnet+1329;1110;1610;2;4;{2224, 2225, 2222, 2223};local
gromacs+1330;1110;1520;2;4;{2226, 2227, 2228, 2229};local
resnet+1331;1110;1310;2;3;{2232, 2230, 2231};local
gromacs+1332;1110;1240;2;3;{2233, 2234, 2235};local
resnet+1334;1110;1390;2;3;{2236, 2237, 2238};local
gromacs+1335;1110;1460;2;3;{2240, 2241, 2239};local
resnet+1336;1110;1240;2;3;{2242, 2243, 2244};local
gromacs+1337;1110;1120;2;3;{2245, 2246, 2247};local
resnet+1338;1110;1120;2;4;{2248, 2249, 2250, 2251};local
gromacs+1341;1110;1640;2;4;{2252, 2253, 2254, 2255};local
resnet+1342;1110;1130;2;3;{2256, 2257, 2258};local
gromacs+1343;1110;1350;2;4;{2259, 2260, 2261, 2262};local
resnet+1344;1110;1580;2;4;{2264, 2265, 2266, 2263};local
gromacs+1345;1110;1120;2;4;{2267, 2268, 2269, 2270};local
resnet+1346;1110;1510;2;3;{2272, 2273, 2271};local
gromacs+1349;1110;1560;2;4;{2329, 2330, 2331, 2332};local
resnet+1351;1110;1120;2;4;{2336, 2333, 2334, 2335};local
gromacs+1354;1110;1430;2;3;{2337, 2338, 2339};local
resnet+1357;1110;1390;2;4;{2340, 2341, 2342, 2343};local
gromacs+1359;1110;1690;2;3;{2344, 2345, 2346};local
resnet+1360;1110;1160;2;4;{2347, 2348, 2349, 2350};local
gromacs+1361;1110;1170;2;3;{2352, 2353, 2351};local
resnet+1362;1110;1660;2;3;{2354, 2355, 2356};local
gromacs+1363;1110;1370;2;4;{2360, 2357, 2358, 2359};local
resnet+1365;1110;1490;2;3;{2361, 2362, 2363};local
gromacs+1366;1110;1240;1;3;{1828, 1829, 1830};local
resnet+1367;1110;1490;2;3;{2364, 2365, 2366};local
gromacs+1369;1110;1130;1;3;{1832, 1833, 1831};local
resnet+1370;1110;1470;2;3;{2368, 2369, 2367};local
gromacs+1372;1110;1630;1;3;{1834, 2172, 2173};local
resnet+1376;1110;1220;2;4;{2370, 2371, 2372, 2373};local
gromacs+1377;1110;1150;1;3;{2176, 2174, 2175};local
resnet+1380;1110;1120;1;3;{2177, 2178, 2179};local
gromacs+1382;1110;1530;2;3;{2376, 2374, 2375};local
resnet+1383;1110;1600;1;4;{2180, 2181, 2182, 2183};local
gromacs+1386;1110;1120;2;4;{2377, 2378, 2379, 2380};local
resnet+1387;1110;1140;1;3;{2184, 2185, 2186};local
gromacs+1388;1110;1140;2;3;{2381, 2382, 2383};local
resnet+1389;1110;1340;1;4;{2187, 2188, 2422};global
resnet+1389;1110;1340;2;4;{2384};global
gromacs+1393;1110;1160;2;3;{2385, 2386};global
gromacs+1393;1110;1160;3;3;{1703};global
resnet+1392;1120;1150;2;4;{416, 417, 418, 415};local
gromacs+1395;1120;1510;2;4;{419, 420, 421, 422};local
resnet+1396;1120;1260;2;3;{424, 425, 423};local
gromacs+1398;1120;1330;2;3;{426, 427, 428};local
resnet+1401;1120;1150;2;3;{429, 430, 431};local
gromacs+1403;1120;1550;2;3;{432, 433, 434};local
resnet+1404;1120;1440;2;4;{435, 436, 437, 438};local
gromacs+1405;1120;1130;2;3;{440, 441, 439};local
resnet+1406;1120;1650;2;2;{442, 443};local
gromacs+1412;1120;1260;2;2;{444, 445};local
resnet+1414;1120;1470;2;2;{446, 447};local
gromacs+1415;1120;1210;2;2;{448, 449};local
resnet+1416;1120;1320;2;2;{450, 451};local
gromacs+1417;1120;1170;2;2;{452, 453};local
resnet+1420;1120;1540;2;2;{454, 455};local
gromacs+1425;1120;1130;2;2;{456, 457};local
resnet+1426;1120;1140;2;2;{541, 542};local
gromacs+1429;1120;1240;2;2;{1195, 1196};local
resnet+1430;1120;1400;2;2;{1197, 1198};local
gromacs+1431;1120;1540;2;2;{1200, 1199};local
resnet+1432;1120;1330;2;2;{1875, 1876};local
gromacs+1433;1120;1360;2;2;{1877, 1878};local
resnet+1438;1120;1640;2;2;{1880, 1879};local
gromacs+1439;1120;1130;2;2;{1881, 1882};local
resnet+1440;1120;1560;2;2;{1883, 1884};local
gromacs+1442;1120;1140;2;2;{1885, 1886};local
resnet+1444;1120;1350;2;2;{1888, 1887};local
gromacs+1446;1120;1720;3;2;{1133, 1134};local
resnet+1448;1120;1390;2;2;{1889, 1890};local
gromacs+1452;1120;1130;3;2;{1136, 1135};local
resnet+1453;1120;1180;2;2;{1891, 1892};local
gromacs+1454;1120;1150;3;2;{1137, 1138};local
resnet+1457;1120;1130;2;2;{1893, 1894};local
gromacs+1458;1120;1150;3;2;{1139, 1140};local
resnet+1462;1120;1560;2;2;{1896, 1895};local
gromacs+1463;1120;1590;3;2;{1141, 1142};local
resnet+1465;1120;1500;2;2;{1897, 1898};local
gromacs+1467;1120;1130;3;2;{1144, 1143};local
resnet+1469;1120;1150;2;2;{1899, 1900};local
gromacs+1470;1120;1130;3;2;{1145, 1146};local
resnet+1473;1120;1140;2;2;{1901, 1949};local
gromacs+1474;1120;1340;3;2;{1147, 1148};local
resnet+1477;1120;1450;2;2;{1950, 1951};local
gromacs+1478;1120;1380;3;2;{1149, 1150};local
resnet+1480;1120;1230;2;2;{1952, 1953};local
gromacs+1484;1120;1130;3;2;{1152, 1151};local
resnet+1486;1120;1710;2;2;{1954, 1955};local
gromacs+1489;1120;1510;3;2;{1153, 1154};local
resnet+1491;1120;1130;2;2;{1956, 1957};local
gromacs+1494;1120;1710;3;2;{1155, 1156};local
resnet+1495;1120;1390;0;2;{1592, 1593};local
gromacs+1496;1120;1700;2;2;{1958, 1959};local
resnet+1498;1120;1430;3;2;{1637, 1157};local
gromacs+1499;1120;1130;0;2;{1594, 1595};local
resnet+1500;1120;1600;2;2;{1960, 1961};local
gromacs+1502;1120;1300;3;2;{1638, 1639};local
resnet+1504;1120;1130;0;2;{1729, 1687};local
gromacs+1505;1120;1130;2;2;{1962, 1963};local
openfoam+1522;1120;1280;3;1;{1640};local
resnet+1507;1130;1380;1;2;{861, 862};local
gromacs+1508;1130;1570;1;2;{864, 863};local
resnet+1509;1130;1710;1;2;{1145, 1146};local
gromacs+1510;1130;1170;1;2;{1147, 1148};local
resnet+1513;1130;1630;1;2;{1149, 1150};local
gromacs+1514;1130;1180;1;2;{1152, 1151};local
resnet+1516;1130;1150;1;2;{1153, 1308};local
gromacs+1517;1130;1270;1;2;{1309, 1310};local
resnet+1518;1130;1180;1;2;{1312, 1311};local
shufflenet+1523;1130;1320;1;1;{1313};local
openfoam+1524;1130;1460;1;1;{1314};local
shufflenet+1529;1130;1390;1;1;{1315};local
openfoam+1532;1130;1140;1;1;{1316};local
shufflenet+1535;1130;1310;1;1;{1317};local
openfoam+1538;1130;1690;1;1;{1318};local
shufflenet+1541;1130;1170;1;1;{1319};local
openfoam+1543;1130;1160;1;1;{1356};local
shufflenet+1544;1130;1180;1;1;{1357};local
openfoam+1549;1130;1170;1;1;{1358};local
shufflenet+1551;1130;1140;1;1;{1359};local
openfoam+1552;1130;1180;1;1;{1360};local
shufflenet+1553;1130;1340;1;1;{1361};local
openfoam+1554;1130;1390;1;1;{1362};local
shufflenet+1555;1130;1140;1;1;{1363};local
openfoam+1558;1130;1420;1;1;{1364};local
shufflenet+1559;1130;1290;1;1;{1365};local
openfoam+1560;1130;1600;1;1;{1412};local
shufflenet+1563;1130;1190;1;1;{1413};local
openfoam+1564;1130;1300;1;1;{1414};local
shufflenet+1565;1130;1160;1;1;{1415};local
openfoam+1566;1130;1170;1;1;{1416};local
shufflenet+1567;1130;1470;1;1;{1417};local
openfoam+1568;1130;1380;1;1;{1418};local
shufflenet+1569;1130;1190;2;1;{1201};local
openfoam+1570;1130;1400;1;1;{1419};local
shufflenet+1571;1130;1150;2;1;{1202};local
openfoam+1572;1130;1520;1;1;{1430};local
shufflenet+1573;1130;1550;2;1;{1203};local
openfoam+1574;1130;1160;1;1;{1431};local
shufflenet+1576;1130;1270;2;1;{1204};local
openfoam+1577;1130;1330;1;1;{1432};local
shufflenet+1578;1130;1250;2;1;{1205};local
openfoam+1582;1130;1520;1;1;{1433};local
shufflenet+1583;1130;1680;2;1;{1206};local
openfoam+1586;1130;1150;1;1;{1434};local
shufflenet+1588;1130;1390;2;1;{1207};local
openfoam+1589;1130;1680;1;1;{1435};local
shufflenet+1590;1130;1670;2;1;{1208};local
openfoam+1591;1130;1230;1;1;{1436};local
shufflenet+1593;1130;1320;2;1;{1209};local
openfoam+1594;1130;1240;1;1;{1437};local
shufflenet+1595;1130;1480;2;1;{1210};local
openfoam+1601;1130;1340;1;1;{1445};local
shufflenet+1602;1130;1150;2;1;{1211};local
openfoam+1604;1130;1240;1;1;{1446};local
shufflenet+1607;1130;1170;2;1;{1212};local
openfoam+1609;1130;1190;1;1;{1447};local
shufflenet+1611;1130;1140;2;1;{1213};local
openfoam+1613;1130;1170;1;1;{1448};local
shufflenet+1614;1130;1580;2;1;{1214};local
openfoam+1615;1130;1570;1;1;{1449};local
shufflenet+1617;1130;1570;2;1;{1231};local
openfoam+1620;1130;1620;1;1;{1465};local
shufflenet+1621;1130;1140;2;1;{1232};local
openfoam+1622;1130;1140;1;1;{1466};local
shufflenet+1623;1130;1710;2;1;{1521};local
openfoam+1625;1130;1480;1;1;{1467};local
shufflenet+1626;1130;1450;2;1;{1522};local
openfoam+1628;1130;1180;1;1;{1468};local
shufflenet+1630;1130;1170;2;1;{1523};local
openfoam+1632;1130;1200;1;1;{1469};local
shufflenet+1636;1130;1270;2;1;{1524};local
openfoam+1637;1130;1140;1;1;{1470};local
shufflenet+1638;1130;1150;2;1;{1528};local
openfoam+1641;1130;1580;1;1;{1471};local
shufflenet+1644;1130;1190;2;1;{1529};local
openfoam+1645;1130;1170;1;1;{1472};local
shufflenet+1646;1130;1520;2;1;{1530};local
openfoam+1648;1130;1200;1;1;{1487};local
shufflenet+1650;1130;1740;2;1;{1531};local
openfoam+1651;1130;1440;1;1;{1488};local
shufflenet+1654;1130;1140;2;1;{1548};local
openfoam+1655;1130;1460;1;1;{1489};local
shufflenet+1656;1130;1260;2;1;{1549};local
openfoam+1657;1130;1140;1;1;{1490};local
shufflenet+1658;1130;1470;2;1;{1550};local
openfoam+1660;1130;1600;1;1;{1491};local
shufflenet+1664;1130;1280;2;1;{1561};local
openfoam+1665;1130;1180;1;1;{1492};local
shufflenet+1666;1130;1260;2;1;{1562};local
openfoam+1667;1130;1150;1;1;{1493};local
shufflenet+1668;1130;1200;2;1;{1563};local
openfoam+1670;1130;1180;1;1;{1506};local
shufflenet+1671;1130;1270;2;1;{1564};local
openfoam+1672;1130;1460;1;1;{1507};local
shufflenet+1673;1130;1720;2;1;{1565};local
openfoam+1674;1130;1180;1;1;{1508};local
shufflenet+1675;1130;1290;2;1;{1566};local
openfoam+1676;1130;1220;1;1;{1509};local
shufflenet+1679;1130;1170;2;1;{1601};local
openfoam+1680;1130;1150;1;1;{1510};local
shufflenet+1681;1130;1500;2;1;{1602};local
openfoam+1683;1130;1500;1;1;{1520};local
shufflenet+1684;1130;1170;2;1;{1603};local
openfoam+1685;1130;1150;1;1;{1521};local
shufflenet+1687;1130;1290;2;1;{1615};local
openfoam+1689;1130;1640;1;1;{1522};local
shufflenet+1690;1130;1470;2;1;{1616};local
openfoam+1691;1130;1150;1;1;{1557};local
shufflenet+1692;1130;1140;2;1;{1617};local
openfoam+1693;1130;1140;1;1;{1558};local
shufflenet+1694;1130;1430;2;1;{1665};local
openfoam+1697;1130;1530;1;1;{1559};local
shufflenet+1698;1130;1590;2;1;{1666};local
openfoam+1699;1130;1660;1;1;{1560};local
shufflenet+1701;1130;1140;2;1;{1700};local
openfoam+1702;1130;1630;0;1;{1567};local
shufflenet+1703;1130;1180;1;1;{1578};local
openfoam+1705;1130;1150;2;1;{1719};local
shufflenet+1707;1130;1160;3;1;{1569};local
openfoam+1708;1130;1150;0;1;{1568};local
shufflenet+1713;1130;1160;1;1;{1579};local
openfoam+1714;1130;1160;2;1;{1729};local
shufflenet+1716;1130;1140;3;1;{1570};local
openfoam+1717;1130;1140;0;1;{1569};local
shufflenet+1719;1130;1170;1;1;{1580};local
openfoam+1720;1130;1420;2;1;{1743};local
shufflenet+1722;1130;1320;3;1;{1571};local
openfoam+1723;1130;1580;0;1;{1731};local
shufflenet+1724;1130;1140;1;1;{1703};local
openfoam+1725;1130;1160;2;1;{1745};local
shufflenet+1729;1130;1660;3;1;{1726};local
openfoam+1730;1140;1350;2;1;{368};local
shufflenet+1734;1140;1190;2;1;{369};local
openfoam+1736;1140;1510;2;1;{370};local
shufflenet+1737;1140;1550;2;1;{371};local
openfoam+1738;1140;1160;2;1;{1400};local
shufflenet+1739;1140;1270;2;1;{1401};local
openfoam+1742;1140;1680;2;1;{1402};local
shufflenet+1743;1140;1200;2;1;{1403};local
openfoam+1745;1140;1270;2;1;{1404};local
shufflenet+1746;1140;1350;2;1;{1405};local
openfoam+1750;1140;1700;2;1;{1406};local
shufflenet+1751;1140;1510;2;1;{1407};local
openfoam+1752;1140;1170;2;1;{1408};local
shufflenet+1754;1140;1230;2;1;{1409};local
openfoam+1757;1140;1440;2;1;{1410};local
shufflenet+1758;1140;1630;2;1;{1411};local
openfoam+1762;1140;1460;2;1;{1412};local
shufflenet+1763;1140;1150;2;1;{1413};local
openfoam+1765;1140;1430;2;1;{1464};local
shufflenet+1766;1140;1250;2;1;{1465};local
openfoam+1767;1140;1720;2;1;{1466};local
shufflenet+1768;1140;1200;0;1;{1684};local
openfoam+1770;1140;1150;2;1;{1467};local
shufflenet+1771;1140;1270;0;1;{2287};local
openfoam+1772;1140;1150;2;1;{1468};local
shufflenet+1773;1140;1200;0;1;{2288};local
openfoam+1775;1140;1180;2;1;{1469};local
shufflenet+1777;1140;1180;3;1;{1216};local
openfoam+1778;1140;1240;0;1;{2289};local
shufflenet+1779;1140;1150;2;1;{1501};local
openfoam+1780;1140;1170;3;1;{1217};local
shufflenet+1781;1140;1580;0;1;{2290};local
openfoam+1784;1140;1420;2;1;{1502};local
shufflenet+1785;1140;1360;3;1;{1218};local
openfoam+1788;1140;1460;0;1;{2291};local
shufflenet+1789;1140;1150;2;1;{1503};local
openfoam+1790;1140;1580;3;1;{1219};local
shufflenet+1792;1140;1150;0;1;{2292};local
openfoam+1794;1140;1150;2;1;{1504};local
shufflenet+1796;1140;1180;3;1;{1220};local
openfoam+1797;1140;1160;0;1;{2293};local
shufflenet+1799;1140;1190;2;1;{1505};local
openfoam+1800;1140;1170;3;1;{1221};local
shufflenet+1801;1140;1160;0;1;{2294};local
openfoam+1802;1140;1150;2;1;{1542};local
shufflenet+1804;1140;1170;3;1;{1222};local
openfoam+1806;1140;1320;0;1;{2295};local
shufflenet+1809;1140;1610;1;1;{1575};local
openfoam+1810;1140;1420;2;1;{1641};local
shufflenet+1811;1140;1150;3;1;{1223};local
openfoam+1812;1140;1150;0;1;{2296};local
shufflenet+1814;1140;1200;1;1;{1576};local
openfoam+1815;1140;1630;2;1;{1642};local
shufflenet+1817;1140;1640;3;1;{1224};local
openfoam+1819;1140;1620;0;1;{2297};local
shufflenet+1825;1140;1170;1;1;{1577};local
openfoam+1830;1140;1550;2;1;{1643};local
shufflenet+1833;1140;1160;3;1;{1225};local
openfoam+1834;1140;1700;0;1;{2298};local
shufflenet+1835;1140;1530;1;1;{1710};local
openfoam+1837;1140;1370;2;1;{1644};local
shufflenet+1838;1140;1460;3;1;{1704};local
openfoam+1839;1150;1270;2;1;{1736};local
shufflenet+1840;1150;1680;2;1;{1919};local
openfoam+1843;1150;1160;2;1;{1920};local
shufflenet+1844;1150;1190;2;1;{1921};local
openfoam+1847;1150;1260;2;1;{1922};local
shufflenet+1850;1150;1370;3;1;{1409};local
openfoam+1851;1150;1710;2;1;{1923};local
shufflenet+1853;1150;1160;3;1;{1410};local
openfoam+1856;1150;1380;0;1;{1486};local
shufflenet+1857;1150;1160;2;1;{1924};local
openfoam+1862;1150;1180;3;1;{1411};local
shufflenet+1863;1150;1280;0;1;{1487};local
openfoam+1865;1150;1160;2;1;{1925};local
shufflenet+1866;1150;1220;3;1;{1412};local
openfoam+1867;1150;1170;0;1;{1488};local
shufflenet+1870;1150;1660;2;1;{1926};local
openfoam+1872;1150;1160;3;1;{1413};local
shufflenet+1873;1150;1160;0;1;{1489};local
openfoam+1874;1150;1300;2;1;{1927};local
shufflenet+1877;1150;1160;3;1;{1430};local
openfoam+1879;1150;1170;0;1;{1490};local
shufflenet+1881;1150;1680;2;1;{1928};local
openfoam+1885;1150;1400;3;1;{1431};local
shufflenet+1888;1150;1490;0;1;{1491};local
openfoam+1890;1150;1500;2;1;{1929};local
shufflenet+1894;1150;1690;3;1;{1432};local
openfoam+1896;1150;1590;0;1;{1492};local
shufflenet+1897;1150;1380;2;1;{1930};local
openfoam+1898;1150;1360;3;1;{1433};local
shufflenet+1899;1150;1740;0;1;{1493};local
openfoam+1901;1150;1180;2;1;{1931};local
shufflenet+1906;1150;1170;3;1;{1434};local
openfoam+1907;1150;1340;0;1;{1494};local
shufflenet+1909;1150;1160;2;1;{1932};local
openfoam+1910;1150;1160;3;1;{1435};local
shufflenet+1913;1150;1550;0;1;{1495};local
openfoam+1914;1150;1540;2;1;{1933};local
shufflenet+1915;1150;1560;3;1;{1450};local
openfoam+1916;1150;1200;0;1;{1496};local
shufflenet+1918;1150;1480;2;1;{1934};local
openfoam+1919;1150;1560;3;1;{1451};local
shufflenet+1921;1150;1330;0;1;{1497};local
openfoam+1922;1150;1610;2;1;{1935};local
shufflenet+1924;1150;1160;3;1;{1452};local
openfoam+1925;1150;1430;0;1;{1498};local
shufflenet+1926;1150;1200;2;1;{1936};local
openfoam+1927;1150;1160;3;1;{1453};local
shufflenet+1928;1150;1200;0;1;{1499};local
openfoam+1930;1150;1640;2;1;{1937};local
shufflenet+1931;1150;1200;3;1;{1454};local
openfoam+1934;1150;1560;0;1;{1500};local
shufflenet+1937;1150;1170;2;1;{1938};local
openfoam+1941;1150;1200;3;1;{1519};local
shufflenet+1943;1150;1210;0;1;{2412};local
openfoam+1945;1150;1330;1;1;{1564};local
shufflenet+1946;1150;1370;2;1;{1939};local
openfoam+1947;1150;1170;3;1;{1520};local
shufflenet+1948;1150;1270;0;1;{2413};local
openfoam+1950;1150;1250;1;1;{1565};local
shufflenet+1951;1150;1170;2;1;{1940};local
openfoam+1953;1150;1200;3;1;{1521};local
shufflenet+1957;1150;1290;0;1;{2414};local
openfoam+1958;1150;1200;1;1;{1566};local
shufflenet+1961;1150;1550;2;1;{1941};local
openfoam+1963;1150;1480;3;1;{1526};local
shufflenet+1965;1150;1490;0;1;{2415};local
openfoam+1969;1150;1160;1;1;{1567};local
shufflenet+1971;1150;1690;2;1;{1942};local
openfoam+1975;1150;1190;3;1;{1527};local
shufflenet+1976;1150;1440;0;1;{2416};local
openfoam+1977;1150;1170;1;1;{1603};local
shufflenet+1981;1150;1300;2;1;{1943};local
openfoam+1982;1150;1160;3;1;{1528};local
shufflenet+1984;1150;1180;0;1;{2417};local
openfoam+1985;1150;1160;1;1;{1604};local
shufflenet+1986;1150;1230;2;1;{1944};local
openfoam+1987;1150;1470;3;1;{1529};local
shufflenet+1988;1150;1220;0;1;{2418};local
openfoam+1991;1150;1180;1;1;{1605};local
shufflenet+1993;1150;1200;2;1;{1945};local
openfoam+1994;1150;1470;3;1;{1644};local
shufflenet+1998;1150;1270;0;1;{2419};local
gromacs+2050;1150;1160;1;11;{1720, 1686, 1606};global
gromacs+2050;1150;1160;2;11;{1946, 1947, 1948};global
gromacs+2050;1150;1160;3;11;{1714, 1645, 1646};global
gromacs+2050;1150;1160;0;11;{2420, 2421};global
resnet+2023;1160;1200;2;19;{1450, 1451, 1452, 1453, 1454, 1455, 1456, 1731, 1357, 1358, 1902, 1903, 1904, 1905, 1906, 1651, 1652, 1653, 1654};local
gromacs+2052;1160;1210;0;9;{1516, 1517, 1518, 2422, 2423, 2424, 2425, 2426, 2427};local
resnet+2055;1160;1170;2;9;{1907, 1908, 1909, 1910, 1911, 1912, 1913, 1914, 1915};local
gromacs+2068;1160;1180;0;3;{2428, 2429, 2430};local
resnet+2072;1160;1200;2;2;{1916, 1917};local
openfoam+2076;1160;1170;1;1;{1690};local
shufflenet+2077;1160;1170;3;1;{1706};local
gromacs+2183;1160;1170;1;2;{1694};global
gromacs+2183;1160;1170;2;2;{1918};global
resnet+2101;1170;1180;3;43;{1408, 1701, 1323, 1324, 1325, 1326, 1327, 1328, 1329, 1330, 1713, 1226, 1227, 1228, 1229, 1230, 1231, 1232, 1233, 1234, 1235, 1236, 1237, 875, 876, 877, 878, 879, 880, 881, 882, 883, 884, 885, 886, 887, 888, 1402, 1403, 1404, 1405, 1406, 1407};local
gromacs+2102;1170;1180;0;52;{2348, 2349, 2350, 2351, 2352, 2353, 2354, 2355, 2356, 2357, 2358, 2359, 2360, 2361, 2402, 2403, 2404, 2405, 2406, 2407, 2408, 2409, 2410, 2411, 1653, 1654};global
gromacs+2102;1170;1180;2;52;{1696, 1346, 1347, 1348, 1349, 1350, 1351, 1352, 1353, 1354, 1355, 1356, 1432, 1433, 1434, 1435, 1436, 1695};global
gromacs+2102;1170;1180;1;52;{1660, 1648, 1649, 1529, 1530, 1531, 1532, 1661};global
resnet+2127;1170;1180;1;10;{1664, 1665, 2411, 2412, 2413, 2414, 2415, 2416, 2417};global
resnet+2127;1170;1180;3;10;{1728};global
gromacs+2001;1240;1460;1;911;{2076, 2077, 2078, 2079, 2080, 2081, 2082, 2083, 2084, 2085, 2086, 2087, 2088, 2089, 2090, 2091, 2092, 2093, 2094, 2095, 2096, 2097, 2098, 2099, 2100, 2101, 2102, 2103, 2104, 2105, 2106, 2107, 2108, 2109, 2110, 2111, 2112, 2113, 2114, 2115, 2116, 2117, 2118, 2119, 2120, 2121, 2122, 2123, 2124, 2125, 2126, 2127, 2128, 2129, 2130, 2131, 2132, 2133, 2134, 2135, 2136, 2137, 2138, 2139, 2140, 2141, 2142, 2143, 2144, 2145, 2146, 2147, 2148, 2149, 2150, 2151, 2152, 2153, 2154, 2155, 2156, 2157, 2158, 2159, 2160, 2161, 2162, 2163, 2164, 2165, 2166, 2167, 2168, 2169, 2170, 2171, 2174, 2175, 2176, 2177, 2178, 2179, 2184, 2185, 2186, 2397, 2398, 2399, 2400, 2401, 2402, 2403, 2411, 2412, 2413, 2414, 2415, 2416, 2417, 403, 404, 405, 406, 407, 408, 409, 410, 411, 412, 413, 414, 415, 416, 417, 418, 419, 420, 421, 422, 423, 424, 425, 426, 427, 428, 429, 430, 431, 432, 433, 434, 435, 436, 437, 438, 439, 440, 441, 442, 443, 444, 445, 446, 447, 448, 449, 450, 451, 452, 453, 454, 455, 456, 457, 458, 459, 460, 461, 462, 463, 1122, 1123, 1124, 1125, 1126, 1127, 1128, 1129, 1130, 1131, 1132, 1133, 1134, 1135, 1136, 1137, 1138, 1139, 1140, 1141, 1142, 1143, 1144, 1147, 1148, 1151, 1152, 1153, 1264, 1265, 1266, 1267, 1268, 1269, 1270, 1271, 1272, 1273, 1274, 1275, 1276, 1277, 1308, 1311, 1312, 1316, 1319, 1356, 1357, 1358, 1359, 1360, 1363, 1366, 1367, 1368, 1369, 1370, 1371, 1372, 1373, 1374, 1375, 1376, 1377, 1378, 1379, 1380, 1381, 1415, 1416, 1431, 1434, 1448, 1466, 1468, 1470, 1472, 1473, 1474, 1475, 1476, 1477, 1478, 1490, 1492, 1493, 1506, 1508, 1510, 1521, 1529, 1530, 1531, 1532, 1557, 1558, 1567, 1577, 1578, 1579, 1580, 1581, 1582, 1583, 1584, 1585, 1586, 1587, 1591, 1592, 1593, 1594, 1595, 1596, 1597, 1598, 1603, 1604, 1605, 1606, 1623, 1624, 1625, 1626, 1643, 1644, 1645, 1646, 1647, 1648, 1649, 1660, 1661, 1664, 1665, 1670, 1671, 1674, 1675, 1686, 1690, 1693, 1694, 1703, 1720, 1730, 1731, 1743, 1807, 1808, 1809, 1810, 1811, 1812, 1813, 1814, 1815, 1816, 1817, 1818, 1819, 1820, 1821, 1822, 1823, 1824, 1825, 1826, 1827, 1831, 1832, 1833};global
gromacs+2001;1240;1460;2;911;{1542, 1544, 523, 524, 525, 526, 527, 528, 529, 530, 531, 532, 533, 534, 541, 542, 1586, 1587, 2104, 2105, 2106, 2107, 2108, 2109, 2110, 1601, 1603, 2121, 2122, 2123, 2124, 2125, 2126, 2127, 1617, 2131, 2132, 2133, 2134, 2135, 2136, 2137, 2138, 2139, 2140, 2141, 2149, 2150, 2151, 1548, 1645, 1646, 1647, 2160, 2161, 2162, 2163, 2164, 2165, 2166, 2167, 1657, 1658, 2168, 2169, 2170, 2171, 1667, 1668, 1669, 1670, 2180, 2181, 1673, 1674, 2182, 2183, 1677, 1678, 2187, 2188, 1681, 1682, 1683, 1684, 2189, 2193, 2194, 2195, 1689, 1690, 1691, 2196, 2197, 2198, 1695, 1696, 1697, 2211, 1700, 2212, 2213, 1703, 1704, 2214, 1706, 2215, 1708, 2216, 2217, 1711, 1202, 1714, 1716, 1719, 1720, 1721, 2377, 1211, 1212, 1213, 1724, 1725, 2378, 1729, 2379, 2245, 2246, 2247, 2248, 1737, 2249, 2250, 2251, 2380, 2381, 1232, 1745, 2256, 2257, 2258, 2382, 2383, 2267, 2268, 2269, 2270, 2385, 2386, 2292, 2293, 2294, 2295, 2296, 2297, 2298, 2299, 2300, 2301, 2302, 2303, 2310, 2311, 2312, 2313, 2314, 2315, 2316, 2317, 2318, 2319, 2320, 2321, 2322, 2328, 2333, 2334, 2335, 2336, 2347, 2348, 2349, 2350, 2351, 2352, 2353, 2199, 2200, 1346, 1347, 1348, 1349, 1350, 1351, 1352, 1353, 1354, 1355, 1356, 330, 331, 332, 333, 334, 335, 336, 337, 338, 339, 340, 341, 342, 343, 344, 345, 346, 1881, 1882, 1885, 353, 1886, 1891, 1892, 1893, 1894, 1899, 1900, 1901, 1907, 1908, 1909, 1910, 1911, 1400, 1912, 1913, 1914, 1915, 1918, 1408, 1920, 1924, 1413, 1925, 1931, 1420, 1421, 1422, 1423, 1424, 1425, 1932, 1938, 1940, 1432, 1433, 1434, 1435, 1436, 1946, 1947, 415, 416, 417, 418, 1948, 1949, 1956, 1957, 2469, 2470, 2471, 1962, 1963, 429, 430, 431, 1457, 1458, 1459, 1460, 1461, 1462, 439, 440, 441, 1463, 1467, 1468, 1469, 1470, 1471, 1472, 1473, 1474, 452, 453, 456, 457, 1501, 1503, 1504, 1523, 1528};global
gromacs+2001;1240;1460;0;911;{1553, 1554, 1555, 1568, 1569, 2089, 1578, 2090, 2091, 2092, 2093, 1594, 1595, 2110, 2111, 2112, 1653, 1654, 634, 1659, 1660, 635, 636, 637, 640, 641, 642, 643, 644, 645, 646, 647, 648, 649, 650, 651, 652, 653, 654, 655, 656, 657, 658, 659, 660, 661, 662, 663, 664, 665, 666, 667, 668, 669, 670, 671, 672, 1707, 1708, 638, 1716, 1717, 1718, 1720, 1729, 1732, 639, 1741, 1742, 1745, 1746, 1747, 2292, 2293, 2294, 2296, 1679, 1680, 1304, 1305, 1306, 1307, 1308, 1309, 1310, 1311, 1312, 1313, 1314, 1315, 1316, 1317, 1318, 1319, 1687, 2348, 2349, 2350, 2351, 2352, 2353, 2354, 2355, 2356, 2357, 2358, 2359, 2360, 2361, 2402, 2403, 2404, 2405, 2406, 2407, 2408, 2409, 2410, 2411, 2417, 2420, 2421, 2428, 2429, 2430, 2431, 2432, 2433, 1488, 1489, 1490, 1519, 1520, 1521, 1522};global
gromacs+2001;1240;1460;3;911;{1736, 1569, 1570, 1645, 1646, 1135, 1136, 1137, 1138, 1139, 1140, 1143, 1144, 1145, 1146, 1151, 1152, 1665, 1666, 664, 665, 1694, 1696, 1700, 1701, 1703, 1706, 1709, 1710, 1711, 1713, 1714, 1718, 1719, 1722, 1723, 1725, 1216, 1217, 1728, 1730, 1220, 1221, 1222, 1223, 1732, 1225, 1226, 1227, 1228, 1229, 1230, 1231, 1232, 1233, 1234, 1235, 1236, 1237, 742, 743, 744, 745, 746, 747, 748, 749, 750, 751, 752, 753, 754, 755, 756, 757, 758, 759, 760, 761, 762, 1323, 1324, 1325, 1326, 1327, 1328, 1329, 1330, 875, 876, 877, 878, 879, 880, 881, 882, 883, 884, 885, 886, 887, 888, 1402, 1403, 1404, 1405, 1406, 1407, 1408, 1410, 1411, 1413, 1430, 1434, 1435, 1452, 1453, 1520, 1528};global
resnet+2041;1250;1310;3;15;{2390, 1527, 1743, 2388, 2389, 1206, 1207, 1208, 1209, 1210, 1211, 1212, 1213, 1214, 1215};local
gromacs+2002;1260;1270;2;374;{2048, 2049, 2050, 2051, 2052, 2053, 2054, 2055, 2056, 2057, 2058, 2059, 2060, 2061, 2062, 2063, 2064, 2065, 2066, 2039, 2067, 2068, 2069, 2070, 2040, 2071, 2072, 1563, 2073, 2041, 2074, 2075, 2076, 2077, 2042, 2078, 2079, 2080, 1574, 1575, 1576, 1577, 2043, 2082, 2044, 2084, 2085, 2086, 2087, 2045, 2089, 2090, 2091, 2092, 2046, 2094, 2095, 2096, 2097, 2047, 2099, 2100, 2156, 2157, 2158, 2159, 1651, 1652, 1653, 1654, 2032, 2474, 2475, 2476, 2477, 1201, 2478, 1718, 2479, 2480, 1728, 1731, 2481, 2482, 2483, 2484, 2485, 2486, 2487, 2488, 2081, 2489, 2490, 2083, 2491, 2492, 2493, 2494, 2495, 2088, 2496, 2497, 2498, 2499, 2093, 2098, 1357, 1358, 1902, 1903, 1904, 369, 1905, 1906, 1403, 1916, 1917, 1921, 2438, 2439, 2440, 2441, 2442, 2443, 2444, 2445, 2446, 2447, 1936, 2013, 2448, 2449, 2450, 2014, 2451, 2452, 2453, 1945, 2454, 2455, 2456, 2457, 1450, 1451, 1452, 1453, 1454, 1455, 1456, 1965, 1966, 1967, 1968, 1969, 1970, 1971, 1972, 1973, 1974, 1975, 1976, 1977, 1978, 1979, 1980, 1981, 1982, 1983, 1984, 1989, 1985, 1986, 1987, 1988, 1990, 1991, 1992, 1993, 1994, 1995, 1996, 1997, 1998, 1999, 2000, 2001, 2002, 2003, 2004, 2005, 2006, 2007, 2008, 2009, 2010, 2011, 2012, 1505, 1506, 1507, 1508, 1509, 1510, 1511, 2015, 2016, 2017, 2018, 2019, 2020, 2021, 2022, 2023, 2024, 2025, 2026, 2027, 2028, 2029, 2030, 2031, 1529, 2033, 2034, 2035, 2036, 2037, 2038};global
gromacs+2002;1260;1270;3;374;{1675, 1676, 2391, 2392, 2393, 2394, 2395, 2396, 2397, 2398, 2399, 2400, 2401, 2402, 2403, 2404, 2405, 2406, 2407, 2408, 2409, 2410, 2411, 2412, 2413, 2414, 2415, 2416, 2417, 2418, 2419, 2420, 2421, 2422, 2423, 2424, 2425, 2426, 2427, 2428, 2429, 2430, 2431, 2432, 2433, 2434, 2435, 2436, 2437, 2438, 2439, 2440, 2441, 2442, 2443, 2444, 2445, 2446, 2447, 2448, 2449, 2450, 2451, 2452, 2453, 2454, 2455, 2456, 2457, 2458, 2459, 2460, 2461, 2462, 2463, 2464, 2465, 2466, 2467, 2468, 2469, 2470, 2471, 2472, 2473, 2474, 2475, 2476, 2477, 1454, 2478, 2479, 2480, 2481, 2482, 2483, 2484, 2485, 2486, 2487, 2488, 2489, 2490, 2491, 2492, 2493, 2494, 2495, 2496, 2497, 2498, 2499, 1519, 1521};global
gromacs+2002;1260;1270;0;374;{2434, 2435, 2436, 2437, 2438, 2439, 2440, 2441, 2442, 2443, 2444, 2445, 2446, 2447, 2448, 2449, 2450, 2451, 1684, 2452, 2453, 2454, 2455, 2456, 2457, 2458, 2459, 1711, 1733, 1496, 1499, 2288};global
resnet+2006;1300;1310;0;195;{1570, 1692, 1712, 1728, 2289, 2412, 2418, 2422, 2423, 2424, 2425, 2426, 2427, 1414, 1415, 1416, 1417, 1418, 1419, 1420, 2460, 2461, 2462, 2463, 2464, 2465, 2466, 2467, 2468, 2469, 2470, 2471, 2472, 2473, 2474, 2475, 2476, 2477, 2478, 2479, 2480, 2481, 2482, 2483, 2484, 2485, 2486, 2487, 2488, 2489, 2490, 2491, 2492, 2493, 2494, 2495, 2496, 2497, 2498, 2499, 1501, 1502, 1503, 1504, 1505, 1506, 1508, 1509, 1510, 1511, 1512, 1513, 1514, 1515, 1516, 1517, 1518};global
resnet+2006;1300;1310;1;195;{1413, 1672, 1673, 1561, 1562, 1563, 1436, 1437, 1566, 1692, 1695, 1828, 1701, 1446, 1447, 1576, 1705, 1829, 1830, 1709, 2478, 2479, 2480, 2481, 2482, 2483, 2484, 2485, 1718, 2486, 2487, 2488, 2489, 2490, 2491, 1469, 2492, 2493, 2494, 2495, 2496, 2497, 2498, 2499, 1487, 1631, 1632, 1633, 2404, 1509, 2405, 2406, 2407, 2408, 2409, 2410, 2418, 2419, 2420, 2421, 1656, 1657};global
resnet+2006;1300;1310;2;195;{1409, 1671, 1672, 1944, 1952, 1953, 1443, 1444, 1445, 1446, 1447, 1448, 1449, 1195, 1196, 1707, 1715, 2233, 2234, 2235, 448, 449, 2242, 2243, 2244, 2370, 2371, 2372, 2373, 1739, 1618, 1619, 1620, 1628, 1629, 1630, 1635, 1636, 1637};global
resnet+2006;1300;1310;3;195;{1633, 1634, 1443, 1444, 1412, 1445, 1446, 1447, 1448, 1449, 1635, 1636, 1739, 1522, 1523, 1524, 1525};global
gromacs+2060;1310;1350;1;4;{824, 825, 826, 823};local
resnet+2063;1310;1340;1;4;{827, 828, 829, 830};local
gromacs+2065;1310;1350;1;3;{832, 833, 831};local
resnet+2008;1330;1350;2;189;{2048, 2049, 2050, 2051, 2052, 2053, 2054, 519, 520, 521, 522, 2055, 2056, 1549, 2057, 2058, 2059, 2060, 2061, 2039, 2062, 2063, 2064, 2065, 2040, 2066, 1562, 1563, 1564, 2041, 2069, 2070, 2042, 1574, 1575, 1576, 1577, 2043, 2044, 2045, 2046, 2047, 2018, 1621, 1622, 1623, 1624, 1651, 1652, 1653, 1654, 2032, 1686, 1693, 2067, 1698, 2068, 1201, 1713, 1204, 1205, 1718, 1728, 1730, 1731, 1736, 2027, 1357, 1358, 1902, 1903, 1904, 369, 1905, 1906, 1401, 1403, 1404, 1916, 1917, 1921, 1922, 2010, 2011, 2012, 1936, 2013, 403, 404, 405, 406, 407, 408, 409, 410, 411, 412, 413, 414, 1945, 423, 424, 425, 1450, 1451, 1452, 1453, 1454, 1455, 1456, 1965, 1966, 1967, 1968, 1969, 1970, 1971, 1972, 1465, 1973, 1974, 444, 445, 1975, 1976, 1977, 1978, 1979, 1980, 1981, 1982, 1983, 1984, 1985, 1986, 1987, 1988, 1989, 1990, 1991, 1992, 1993, 1994, 1995, 1996, 1997, 1998, 1999, 2000, 2001, 2002, 2003, 2004, 2005, 2006, 2007, 2008, 2009, 1505, 1506, 1507, 1508, 1509, 1510, 1511, 2015, 2016, 2017, 2014, 2019, 2020, 2021, 2022, 2023, 2024, 2025, 2026, 1524, 2028, 2029, 2030, 2031, 1529, 2033, 2034, 2035, 2036, 2037, 2038};local
gromacs+2010;1330;1550;3;169;{1053, 1054, 1055, 1056, 1057, 1058, 1059, 1060, 1061, 1062, 1063, 1064, 1065, 1066, 1067, 1068, 1069, 1070, 1071, 1072, 1073, 1074, 1075, 1103, 1104, 1105, 1106, 1107, 1108, 1109, 1110, 1111, 1112, 1113, 1114, 1115, 1116, 1117, 1118, 1119, 1120, 1121, 1122, 1123, 1124, 1125, 1126, 1127, 1128, 1129, 1130, 1131, 1132, 2464, 1675, 1676, 1686, 1698, 697, 698, 699, 700, 701, 702, 703, 704, 705, 706, 707, 708, 709, 710, 711, 712, 713, 1318, 1319, 1320, 1321, 1322, 2391, 2392, 2393, 2394, 2395, 2396, 2397, 2398, 2399, 2400, 2401, 2402, 2403, 2404, 2405, 2406, 2407, 2408, 2409, 2410, 2411, 2412, 2413, 2414, 2415, 2416, 2417, 2418, 2419, 2420, 2421, 2422, 2423, 2424, 889, 890, 891, 892, 893, 894, 895, 896, 897, 898, 899, 900, 901, 2429, 2430, 2431, 2432, 2433, 2434, 2435, 2436, 2437, 2438, 2439, 2440, 2441, 2442, 2443, 2444, 2445, 2446, 2447, 2448, 2449, 2450, 2451, 2452, 2453, 2454, 2455, 2456, 2457, 2458, 2459, 2460, 2461, 2462, 2463, 2425, 1454, 2426, 2427, 2428, 1519, 1521};local
resnet+2012;1330;1530;2;170;{2071, 2072, 2073, 2074, 2075, 2076, 2077, 2078, 2079, 2080, 2081, 2082, 2083, 2084, 2085, 2086, 2087, 2088, 2089, 2090, 2091, 2092, 2093, 2094, 2095, 2096, 2097, 2098, 2099, 2100, 2156, 2157, 2158, 2159, 2201, 2202, 2203, 2204, 2438, 2439, 2440, 2441, 2442, 2443, 2444, 2445, 2446, 2447, 2448, 2449, 2450, 2451, 2452, 2453, 2454, 2455, 2456, 2457, 2474, 2475, 2476, 2477, 2478, 2479, 2480, 2481, 2482, 2483, 2484, 2485, 2486, 2487, 2488, 2489, 2490, 2491, 2492, 2493, 2494, 2495, 2496, 2497, 2498, 2499};global
resnet+2012;1330;1530;0;170;{2434, 2435, 2436, 2437, 2438, 2439, 2440, 2441, 2442, 2443, 2444, 2445, 2446, 2447, 2448, 2449, 2450, 2451, 1684, 2452, 2453, 2454, 2455, 1689, 2456, 1691, 2457, 2458, 2459, 1701, 1703, 1579, 1580, 1581, 1711, 1585, 1586, 1733, 1736, 1496, 1499, 2413, 2287, 2288, 1649, 1650, 2419, 1655, 1656};global
resnet+2012;1330;1530;1;170;{1618, 1616, 1309, 1310, 1565, 1706, 1615, 834, 835, 836, 837, 838, 839, 840, 841, 842, 843, 844, 845, 846, 847, 848, 849, 850, 851, 852, 853, 854, 855, 856, 857, 858, 859, 860, 1617};global
resnet+2012;1330;1530;3;170;{2465, 2466};global
gromacs+2013;1340;1400;1;215;{2189, 2190, 2191, 2192, 2193, 2194, 2195, 2196, 2197, 2198, 2199, 2200, 2201, 2202, 2203, 2204, 2205, 2206, 2207, 2208, 2209, 2210, 2211, 2212, 2213, 2214, 2215, 2216, 2217, 2218, 2219, 2220, 2221, 2222, 2223, 2224, 2225, 2226, 2227, 2228, 2229, 2230, 2231, 2232, 2233, 2234, 2235, 2236, 2237, 2238, 2239, 2240, 2241, 2242, 2243, 2244, 2245, 2246, 2247, 2248, 2249, 2250, 2251, 2252, 2253, 2254, 2255, 2256, 2257, 2258, 2259, 2260, 2261, 2262, 2263, 2264, 2265, 2266, 2267, 2268, 2269, 2270, 2271, 2272, 2273, 2274, 2275, 2276, 2277, 2278, 2279, 2280, 2281, 2282, 2283, 2284, 2285, 2286, 2287, 2288, 2289, 2290, 2291, 2292, 2293, 2294, 2295, 2296, 2297, 2298, 2299, 2300, 2301, 2302, 2303, 2304, 2305, 2306, 2307, 2308, 2309, 2310, 2311, 2312, 2313, 2314, 2315, 2316, 2317};global
gromacs+2013;1340;1400;3;215;{1664, 2468, 2469, 2470, 918, 919, 920, 921, 922, 923, 924, 925, 926, 927, 928, 929, 930, 931, 932, 933, 934, 935, 936, 937, 938, 939, 940, 941, 942, 943, 2471, 2472, 2473, 2474, 2475, 2476, 2477, 2478, 2479, 2480, 2481, 2482, 2483, 2484, 2485, 2486, 2487, 2488, 2489, 2490, 2491, 2492, 2493, 2494, 2495, 2496, 2497, 2498, 2499, 1640, 2467, 1663};global
gromacs+2013;1340;1400;0;215;{2201, 2202, 2203, 2204, 2205, 2206, 2207, 2208, 2209, 2210, 2211, 2212, 2213, 2214, 2215, 2216, 2217, 1480, 1481, 1482, 1483, 1484, 1485, 1487};global
resnet+2014;1360;1380;2;164;{1561, 1566, 1590, 1591, 1592, 1593, 1615, 2142, 2143, 2144, 2145, 1661, 1662, 1685, 1688, 1694, 1701, 1735, 1748, 1749, 1750, 1751, 1752, 1753, 1754, 1755, 1756, 1757, 1758, 1759, 1760, 1761, 1762, 1763, 1764, 1765, 1766, 1767, 1768, 1769, 1770, 1771, 1772, 1773, 1774, 1775, 1776, 1777, 1778, 1779, 1780, 1781, 1782, 1783, 1784, 1785, 1786, 1787, 1788, 1789, 1790, 1791, 1792, 1793, 1794, 1795, 1796, 1797, 1798, 1799, 1800, 1801, 1802, 1803, 1804, 1805, 1806, 1807, 1808, 1809, 1810, 1811, 1812, 1813, 1302, 1303, 1304, 1305, 1306, 1307, 1308, 1309, 1310, 1311, 1312, 1313, 1817, 1818, 1819, 1820, 1821, 1822, 1823, 1824, 1825, 1826, 1827, 1828, 1829, 1830, 1831, 1832, 1833, 1834, 1835, 1836, 1837, 1838, 1839, 1840, 1841, 1842, 1843, 1844, 1845, 347, 348, 349, 350, 351, 352, 1387, 1388, 1389, 1390, 1391, 1392, 1393, 1394, 1395, 1396, 1397, 1398, 1399, 1927, 1943, 1814, 2472, 2473, 1815, 1816};global
resnet+2014;1360;1380;0;164;{2218, 1675, 1676, 1740, 2219, 2220, 2221, 2222, 2223, 1627, 1628, 1629, 1630};global
gromacs+2015;1370;1540;0;162;{1570, 1645, 1646, 1647, 1648, 1651, 1652, 1692, 1709, 1712, 2224, 2225, 2226, 2227, 2228, 2229, 2230, 2231, 2232, 2233, 2234, 2235, 2236, 2237, 2238, 1728, 2239, 2240, 2241, 2242, 2243, 2244, 2245, 2246, 2247, 2289, 2412, 1389, 2414, 2418, 2422, 2423, 2424, 2425, 2426, 2427, 1406, 1407, 1408, 1409, 1410, 1411, 1412, 1413, 1414, 1415, 1416, 1417, 1418, 1419, 1420, 2460, 2461, 2462, 2463, 2464, 2465, 2466, 2467, 1444, 1445, 1446, 1447, 1448, 1449, 2468, 2469, 2470, 2471, 2472, 2473, 2474, 2475, 2476, 2477, 2478, 2479, 2480, 2481, 2482, 2483, 2484, 2485, 2486, 2487, 2488, 2489, 2490, 2491, 2492, 2493, 2494, 2495, 2496, 2497, 2498, 2499, 1501, 1502, 1503, 1504, 1505, 1506, 1508, 1509, 1510, 1511, 1512, 1513, 1514, 1515, 1516, 1517, 1518};global
gromacs+2015;1370;1540;1;162;{1413, 1414, 1672, 1673, 1561, 1562, 1563, 1436, 1437, 1566, 1689, 1692, 1695, 1828, 1317, 1446, 1447, 1576, 1701, 1705, 1829, 1830, 1709, 1718, 1469, 1738, 1487, 1365, 1631, 1632, 1633, 1509, 1650, 1651, 1654, 1655, 1656, 1657};global
resnet+2017;1370;1720;2;142;{1280, 1281, 1282, 1283, 1284, 1285, 1286, 1287, 1409, 1671, 1672, 1944, 1952, 1953, 1443, 1444, 1445, 1446, 1447, 1448, 1449, 1195, 1196, 1707, 1715, 2230, 2231, 2232, 2233, 2234, 2235, 448, 449, 2242, 2243, 2244, 2370, 2371, 2372, 2373, 1739, 1618, 1619, 1620, 1628, 1629, 1630, 1635, 1636, 1637, 1278, 1279};global
resnet+2017;1370;1720;3;142;{1667, 1412, 1668, 1677, 1678, 1681, 1682, 1690, 1691, 1436, 1437, 1438, 1439, 1440, 1441, 1442, 1443, 1444, 1445, 1446, 1447, 1448, 1449, 1697, 1206, 1207, 1208, 1209, 1210, 1211, 1212, 1213, 1214, 1215, 1739, 1743, 2388, 2389, 2390, 1633, 1634, 1635, 1636, 1638, 1639, 1522, 1523, 1524, 1525, 1527, 1657, 1658};global
resnet+2017;1370;1720;1;142;{2478, 2479, 2480, 2481, 2482, 2483, 2484, 2485, 2486, 2487, 2488, 2489, 2490, 2491, 2492, 2493, 2494, 2495, 2496, 2497, 2498, 2499, 2392, 2393, 2394, 2395, 2396, 2404, 2405, 2406, 2407, 2408, 2409, 2410, 2418, 2419, 2420, 2421};global
gromacs+2025;1390;1450;0;25;{1165, 1166, 1167, 1168, 1169, 1170, 1171, 1172, 1173, 1174, 1175, 1176, 1177, 1178, 1179, 1180, 673, 1116, 1117, 1118, 1119, 1120, 1121, 1122, 1123};local
resnet+2026;1390;1640;3;23;{1571, 1076, 1077, 1078, 1079, 1080, 1081, 1082, 1083, 1084, 1085, 1086, 1087, 1088, 1089, 1090, 1091, 1092, 1093, 1094, 1095, 1096, 1616};local
gromacs+2019;1410;1680;2;191;{2048, 2049, 2050, 2051, 2052, 519, 520, 521, 522, 1549, 2039, 2040, 1562, 1563, 1564, 2041, 2042, 1574, 1575, 1576, 1577, 2043, 2044, 2045, 2046, 2047, 2018, 1621, 1622, 1623, 1624, 1649, 1650, 1651, 1652, 1653, 1654, 1659, 1660, 2032, 1686, 1692, 1693, 1698, 1709, 1201, 1713, 1204, 1205, 1718, 1209, 1728, 1730, 1731, 1972, 1736, 1740, 1744, 1977, 1978, 2027, 1357, 1358, 1875, 1876, 1887, 1888, 1902, 1903, 368, 369, 1904, 1905, 1906, 2008, 1401, 1403, 1404, 1405, 1916, 1917, 2009, 1921, 1922, 2010, 2011, 2012, 1936, 2013, 403, 404, 405, 406, 407, 408, 409, 410, 411, 412, 413, 414, 1945, 423, 424, 425, 426, 427, 428, 1450, 1451, 1452, 1453, 1454, 1455, 1456, 1965, 1966, 1967, 1968, 1969, 1465, 1970, 1971, 444, 445, 1973, 1974, 1975, 1976, 450, 451, 1979, 1980, 1981, 1982, 1983, 1984, 1985, 1986, 1987, 1988, 1989, 1990, 1991, 1992, 1993, 1994, 1995, 1996, 1997, 1998, 1999, 2000, 2001, 2002, 2003, 2004, 2005, 2006, 2007, 1505, 1506, 1507, 1508, 1509, 1510, 1511, 2015, 2016, 2017, 2014, 2019, 2020, 2021, 2022, 2023, 2024, 2025, 2026, 1524, 2028, 2029, 2030, 2031, 1529, 2033, 2034, 2035, 2036, 2037, 2038};local
resnet+2021;1410;1540;0;191;{1536, 1560, 1561, 1562, 1563, 2077, 2078, 2079, 2080, 2081, 2082, 2083, 2102, 2103, 2104, 2105, 2106, 2107, 2108, 2109, 1181, 1182, 1704, 1714, 1721, 2248, 2249, 2250, 2251, 2252, 2253, 2254, 2255, 2256, 2257, 2258, 2259, 2260, 2261, 2262, 2263, 2295, 2322, 2323, 2324, 2325, 2326, 2327, 2328, 2329, 2330, 2331, 2332, 2333, 2334, 1359, 1360, 1361, 1362, 1363, 1364, 1365, 1366, 1367, 1368, 1369, 1370, 1371, 1372, 1373, 1374, 1426, 1427, 1428, 1429, 1430, 1494, 1497, 1507, 1523, 1524, 1525, 1529, 1533, 1534, 1535};global
resnet+2021;1410;1540;3;191;{1545, 1546, 1547, 1548, 1425, 1426, 1427, 1428, 1429, 1683, 1659, 1660, 1331, 1332, 1333, 1334, 1335, 1336, 1337, 1338, 1339, 1340, 1341, 1342, 1343, 1720, 1724, 1727, 1729, 1609, 1610, 1611, 1612, 1738, 1742, 1617, 1618, 1619, 1623, 1624, 1625, 1626, 1647, 1648, 1655, 1656, 1147, 1148};global
resnet+2021;1410;1540;1;191;{2187, 1676, 1677, 1678, 1679, 2188, 1683, 1685, 1687, 1432, 1564, 1696, 1313, 1445, 1713, 823, 824, 825, 826, 827, 828, 829, 830, 1599, 832, 833, 1600, 1601, 831, 1602, 1733, 1361, 2422};global
resnet+2021;1410;1540;2;191;{2053, 2054, 2055, 2056, 2057, 2058, 2059, 2060, 2061, 2062, 2063, 2064, 2065, 2066, 2067, 2068, 2069, 2070, 2208, 2209, 2210, 2259, 2260, 2261};global
gromacs+2028;1420;1470;3;20;{789, 790, 791, 792, 793, 794, 795, 796, 797, 798, 799, 800, 801, 802, 803, 804, 805, 865, 866, 867};local
resnet+2029;1420;1580;1;29;{1792, 1793, 1794, 1795, 1796, 1797, 1798, 1799, 1800, 1801, 1802, 1803, 1804, 1805, 1806, 1723, 1782, 1783, 1784, 1785, 1786, 1787, 1788, 1789, 1790, 1791};global
resnet+2029;1420;1580;2;29;{1552, 1553, 1551};global
gromacs+2032;1420;1710;2;27;{2464, 2465, 2466, 2467, 2468, 1710, 2384, 1877, 1878, 2262, 2458, 2459, 2460, 2461, 2462, 2463};global
gromacs+2032;1420;1710;0;27;{1547, 1548, 1549, 1739, 2094, 2095, 2096, 2097, 1715, 2098, 1690};global
resnet+2033;1430;1490;0;19;{1665, 1666, 1571, 1572, 1573, 1673, 1674, 1713, 2099, 2100, 2101, 1657, 1658};global
resnet+2033;1430;1490;2;19;{1644, 2190, 2191, 1939, 1655, 1656};global
gromacs+2035;1430;1480;3;17;{1409, 1218, 868, 869, 870, 871, 872, 873, 874, 1740, 1433};global
gromacs+2035;1430;1480;2;17;{2192, 2357, 2358, 2359, 2360};global
gromacs+2035;1430;1480;1;17;{1727};global
resnet+2039;1440;1660;2;13;{352, 1307, 1308, 1302, 1303, 1304, 1305, 1306, 347, 348, 349, 350, 351};local
gromacs+2042;1440;1500;2;16;{1312, 1313, 1387, 1388, 1389, 1390, 1391, 1392, 1393, 1394, 1395, 1396, 1397, 1309, 1310, 1311};local
resnet+2044;1440;1470;2;13;{1591, 1662, 1675, 1676, 1593, 1615, 1590, 1398, 1592, 1561, 1661, 1566, 1399};local
gromacs+2045;1440;1540;2;14;{1701, 1735, 1751, 1752, 1747, 1748, 1685, 1749, 1750, 1688, 1753, 1754, 1755, 1694};local
resnet+2047;1440;1550;2;16;{1760, 1761, 1762, 1763, 1764, 1765, 1766, 1767, 1768, 1769, 1770, 1771, 1756, 1757, 1758, 1759};local
gromacs+2053;1440;1490;2;14;{1772, 1773, 1774, 1775, 1776, 1777, 1778, 1779, 1780, 1781, 1782, 1783, 1784, 1785};local
resnet+2054;1440;1540;2;13;{1792, 1793, 1794, 1795, 1796, 1797, 1798, 1786, 1787, 1788, 1789, 1790, 1791};local
gromacs+2056;1440;1680;2;13;{1799, 1800, 1801, 1802, 1803, 1804, 1805, 1806, 1807, 1808, 1809, 1810, 1811};local
resnet+2061;1440;1500;2;3;{1812, 1813, 1814};local
gromacs+2062;1440;1500;2;4;{1816, 1817, 1818, 1815};local
resnet+2064;1440;1710;2;4;{1819, 1820, 1821, 1822};local
gromacs+2066;1440;1500;2;3;{1824, 1825, 1823};local
resnet+2069;1440;1500;2;3;{1826, 1827, 1828};local
gromacs+2070;1440;1500;2;3;{1829, 1830, 1831};local
resnet+2073;1440;1470;2;2;{1832, 1833};local
openfoam+2186;1440;1450;2;1;{1834};local
gromacs+2078;1480;1520;2;535;{1557, 1558, 535, 536, 537, 538, 539, 540, 1559, 1560, 2115, 2116, 2117, 2142, 2143, 2144, 2145, 1641, 1129, 1141, 1142, 1143, 1144, 2205, 2206, 2207, 1699, 1197, 1198, 1712, 1207, 2236, 2237, 2238, 1215, 1216, 1732, 1738, 1228, 1229, 1230, 1743, 1251, 1252, 1253, 1254, 1255, 1256, 1257, 1258, 1259, 1260, 1261, 1262, 1263, 2304, 2305, 2306, 2307, 2308, 2309, 2340, 2341, 2342, 2343, 1835, 1836, 1837, 1838, 1839, 1840, 1841, 1842, 1843, 1844, 1845, 1846, 1847, 1848, 1849, 1850, 1851, 1852, 1853, 1854, 1855, 1856, 1857, 1858, 1859, 1860, 1861, 1862, 1863, 1864, 1865, 1866, 1867, 1868, 1869, 1870, 1871, 1872, 1873, 1874, 2387, 2388, 2389, 2390, 2391, 2392, 2393, 2394, 2395, 2396, 2397, 2398, 2399, 2400, 1889, 1890, 2401, 2402, 2403, 2404, 2405, 2406, 2407, 2408, 2409, 2410, 2411, 2412, 2413, 2414, 2415, 2416, 2417, 2418, 2419, 2420, 2421, 2422, 2423, 2424, 2425, 2426, 2427, 2428, 2429, 2430, 2431, 2432, 2433, 2434, 2435, 2436, 1927, 2437, 1930, 1943, 2472, 2473, 1502, 1518, 1519, 1520};global
gromacs+2078;1480;1520;1;535;{1658, 1659, 2189, 2190, 2191, 1680, 1681, 1682, 2192, 2193, 2194, 2195, 2196, 2197, 2198, 2199, 2200, 2201, 2202, 2203, 2204, 2205, 2206, 2207, 2208, 2209, 2210, 2214, 2215, 2211, 2212, 2213, 2216, 2218, 2219, 2220, 2221, 2223, 2224, 1714, 2225, 2226, 2227, 2228, 1719, 2229, 2230, 2231, 2232, 2233, 2234, 2235, 2236, 2238, 2239, 2240, 2241, 2242, 2237, 1734, 2243, 2244, 2245, 2246, 2247, 2248, 2249, 2250, 2251, 2252, 2253, 1746, 2254, 2255, 2256, 2257, 2258, 2259, 2260, 2261, 2262, 2263, 2264, 2265, 2266, 2267, 2268, 2269, 2270, 2271, 2272, 2273, 2274, 2275, 2276, 2277, 2278, 2279, 2280, 2281, 2282, 2283, 2284, 2285, 2286, 2287, 2288, 2289, 2290, 2291, 2292, 2293, 2294, 2295, 2296, 2297, 2298, 2299, 2300, 2301, 2302, 2303, 2304, 2305, 2306, 2307, 2308, 2309, 2310, 2311, 2312, 2313, 2314, 2315, 2316, 2317, 1315, 1362, 1364, 861, 862, 1418, 1419, 2217, 1450, 1451, 1452, 1453, 1454, 1455, 1456, 2222};global
gromacs+2078;1480;1520;0;535;{1592, 1593, 2113, 2114, 2115, 2116, 2117, 2118, 2119, 2120, 2121, 2122, 2123, 2124, 2125, 2126, 2127, 2128, 2129, 2130, 2131, 2132, 2133, 2134, 2135, 2136, 2137, 2138, 2139, 2140, 1627, 1628, 1629, 1630, 2141, 2142, 2143, 2144, 2145, 2146, 2147, 2148, 2149, 2150, 1669, 1670, 1675, 1676, 1677, 1678, 1685, 1686, 2201, 2202, 2203, 2204, 2205, 2206, 2207, 2208, 2209, 2210, 2211, 1700, 2212, 2213, 2214, 2215, 2216, 2217, 2218, 2219, 2220, 1710, 2221, 2222, 2223, 1722, 1734, 1738, 1740, 1744, 1289, 1290, 1291, 1292, 1293, 1294, 2399, 2400, 2401, 2387, 2388, 2389, 2390, 2391, 2392, 2393, 2394, 2395, 2396, 2397, 2398, 1375, 1376, 1377, 1378, 1379, 1380, 1381, 1382, 1383, 1384, 1385, 1386, 1387, 1388, 1480, 1481, 1482, 1483, 1484, 1485, 1486, 1487};global
gromacs+2078;1480;1520;3;535;{1431, 1583, 1584, 1585, 1627, 1628, 1629, 1640, 1653, 1654, 2467, 1149, 1150, 1664, 1663, 2471, 2472, 2474, 2475, 2476, 1721, 2480, 1741, 1296, 1297, 1298, 1299, 1300, 1301, 1302, 1303, 1304, 918, 919, 920, 921, 922, 923, 924, 925, 926, 927, 928, 929, 930, 931, 2468, 2469, 2470, 932, 933, 2473, 934, 935, 936, 937, 938, 939, 940, 941, 942, 943, 2477, 2478, 2479, 2481, 2482, 2484, 2483, 2485, 2486, 2487, 2488, 2489, 2490, 2491, 2492, 2493, 2494, 2495, 2496, 2497, 2498, 2499, 1493, 1494, 1495, 1496, 1497, 1498, 1499};global
resnet+2144;1490;1500;1;6;{1698, 1742, 1652, 1653, 1980, 1981};local
gromacs+2080;1510;1530;1;319;{2048, 2049, 2050, 2051, 2052, 2053, 2054, 2055, 2056, 2057, 2058, 2059, 2060, 2061, 2062, 2063, 2064, 2065, 2066, 2067, 2068, 2069, 2070, 2071, 2072, 2073, 2074, 2075, 2318, 2319, 2320, 2321, 2322, 2323, 2324, 2325, 2326, 2327, 2328, 2329, 2330, 2331, 2332, 2333, 2334, 2335, 2336, 2337, 2338, 2339, 2340, 2341, 2342, 1154, 1155, 1156, 1157, 1158, 1159, 1160, 1161, 1162, 1163, 1164, 1165, 1166, 1167, 1168, 1278, 1279, 1280, 1281, 1282, 1283, 1284, 1285, 1286, 1287, 1288, 1289, 1290, 1291, 1292, 1382, 1383, 1384, 1385, 1386, 1387, 1388, 1389, 1390, 1391, 1392, 1488, 1662, 1663, 1688, 1691, 1697, 1699, 1707, 1712, 1717, 1722, 1724, 1735, 1744, 1835, 1836, 1837, 1838, 1839, 1840, 1841, 1842, 1843, 1844, 1845, 1846, 1847, 1848, 1849, 1850, 1851, 1852, 1853, 1854, 1855, 1856, 1857, 1858, 1859, 1860, 1861, 1862, 1863, 1864, 1865, 1866, 1867, 1868, 1869, 1870, 1871, 1872, 1873, 1874, 1875, 1876, 1877, 1878, 1879, 1880, 1881, 1882, 1883, 1884, 1885, 1886, 1887, 1888, 1889, 1890, 1891, 1892, 1893, 1894, 1895, 1896, 1897, 1898, 1899, 1900, 1901, 1902, 1903, 1904, 1905, 1906, 1907, 1908, 1909, 1910, 1911, 1912, 1913, 1914, 1915, 1916, 1917, 1918, 1919, 1920, 1921, 1922, 1923, 1924, 1925, 1926, 1927, 1928, 1929, 1930, 1931, 1932, 1933, 1934, 1935, 1936, 1937, 1938, 1939, 1940, 1941, 1942, 1943, 1944, 1945, 1946, 1947, 1948, 1949, 1950, 1951, 1952, 1953, 1954, 1955, 1956, 1957, 1958, 1959, 1960, 1961, 1962, 1963, 1964, 1965, 1966, 1967, 1968, 1969, 1970, 1971, 1972, 1973, 1974, 1975, 1976, 1977, 1978, 1979, 1982, 1983, 1984, 1985, 1986, 1987, 1988, 1989, 1990, 1991, 1992, 1993, 1994, 1995, 1996, 1997, 1998, 1999, 2000, 2001, 2002, 2003, 2004, 2005, 2006, 2007, 2008, 2009, 2010, 2011, 2012, 2013, 2014, 2015, 2016, 2017, 2018, 2019, 2020, 2021, 2022, 2023, 2024, 2025, 2026, 2027, 2028, 2029, 2030, 2031, 2032, 2033, 2034, 2035, 2036, 2037, 2038, 2039, 2040, 2041, 2042, 2043, 2044, 2045, 2046, 2047};local
resnet+2079;1520;1720;1;872;{2076, 2077, 2078, 2079, 2080, 2081, 2082, 2083, 2084, 2085, 2086, 2087, 2088, 2089, 2090, 2091, 2092, 2093, 2094, 2095, 2096, 2097, 2098, 2099, 2100, 2101, 2102, 2103, 2104, 2105, 2106, 2107, 2108, 2109, 2110, 2111, 2112, 2113, 2114, 2115, 2116, 2117, 2118, 2119, 2120, 2121, 2122, 2123, 2124, 2125, 2126, 2127, 2128, 2129, 2130, 2131, 2132, 2133, 2134, 2135, 2136, 2137, 2138, 2139, 2140, 2141, 2142, 2143, 2144, 2145, 2146, 2147, 2148, 2149, 2150, 2151, 2152, 2153, 2154, 2155, 2156, 2157, 2158, 2159, 2160, 2161, 2162, 2163, 2164, 2165, 2166, 2167, 2168, 2169, 2170, 2171, 2174, 2175, 2176, 2177, 2178, 2179, 2184, 2185, 2186, 2343, 2397, 2398, 2399, 2400, 2401, 2402, 2403, 2411, 2412, 2413, 2414, 2415, 2416, 2417, 403, 404, 405, 406, 407, 408, 409, 410, 411, 412, 413, 414, 415, 416, 417, 418, 419, 420, 421, 422, 423, 424, 425, 426, 427, 428, 429, 430, 431, 432, 433, 434, 435, 436, 437, 438, 439, 440, 441, 442, 443, 444, 445, 446, 447, 448, 449, 450, 451, 452, 453, 454, 455, 456, 457, 458, 459, 460, 461, 462, 463, 1122, 1123, 1124, 1125, 1126, 1127, 1128, 1129, 1130, 1131, 1132, 1133, 1134, 1135, 1136, 1137, 1138, 1139, 1140, 1141, 1142, 1143, 1144, 1147, 1148, 1151, 1152, 1153, 1264, 1265, 1266, 1267, 1268, 1269, 1270, 1271, 1272, 1273, 1274, 1275, 1276, 1277, 1308, 1311, 1312, 1314, 1316, 1319, 1342, 1343, 1344, 1345, 1346, 1347, 1348, 1349, 1350, 1351, 1352, 1353, 1354, 1355, 1356, 1357, 1358, 1359, 1360, 1363, 1366, 1367, 1368, 1369, 1370, 1371, 1372, 1373, 1374, 1375, 1376, 1377, 1378, 1379, 1380, 1381, 1415, 1416, 1431, 1434, 1448, 1466, 1468, 1470, 1472, 1473, 1474, 1475, 1476, 1477, 1478, 1489, 1490, 1492, 1493, 1506, 1507, 1508, 1510, 1521, 1529, 1530, 1531, 1532, 1541, 1542, 1543, 1557, 1558, 1567, 1577, 1578, 1579, 1580, 1581, 1582, 1583, 1584, 1585, 1586, 1587, 1591, 1592, 1593, 1594, 1595, 1596, 1597, 1598, 1603, 1604, 1605, 1606, 1623, 1624, 1625, 1626, 1643, 1644, 1645, 1646, 1647, 1648, 1649, 1660, 1661, 1664, 1665, 1670, 1671, 1674, 1675, 1686, 1690, 1693, 1694, 1703, 1708, 1720, 1730, 1731, 1743, 1807, 1808, 1809, 1810, 1811, 1812, 1813, 1814, 1815, 1816, 1817, 1818, 1819, 1820, 1821, 1822, 1823, 1824, 1825, 1826, 1827, 1831, 1832, 1833};global
resnet+2079;1520;1720;2;872;{2104, 2105, 2106, 2107, 2108, 2109, 2110, 2121, 2122, 2123, 2124, 2125, 2126, 2127, 2128, 2129, 2130, 2131, 2132, 2133, 2134, 2135, 2136, 2137, 2138, 2139, 2140, 2141, 2149, 2150, 2151, 2160, 2161, 2162, 2163, 2164, 2165, 2166, 2167, 2168, 2169, 2170, 2171, 2176, 2177, 2178, 2179, 2180, 2181, 2182, 2183, 2187, 2188, 2189, 2193, 2194, 2195, 2196, 2197, 2198, 2199, 2200, 2211, 2212, 2213, 2214, 2215, 2216, 2217, 2218, 2219, 2220, 2221, 2239, 2240, 2241, 2245, 2246, 2247, 2248, 2249, 2250, 2251, 2256, 2257, 2258, 2267, 2268, 2269, 2270, 2292, 2293, 2294, 2295, 2296, 2297, 2298, 2299, 2300, 2301, 2302, 2303, 2310, 2311, 2312, 2313, 2314, 2315, 2316, 2317, 2318, 2319, 2320, 2321, 2322, 2328, 2333, 2334, 2335, 2336, 2337, 2338, 2339, 2347, 2348, 2349, 2350, 2351, 2352, 2353, 2377, 330, 331, 332, 333, 334, 335, 336, 337, 338, 339, 340, 341, 342, 343, 344, 345, 346, 2386, 353, 415, 416, 417, 418, 2469, 2470, 2471, 429, 430, 431, 435, 436, 437, 438, 439, 440, 441, 452, 453, 456, 457, 523, 524, 525, 526, 527, 528, 529, 530, 531, 532, 533, 534, 541, 542, 1202, 1211, 1212, 1213, 1232, 1346, 1347, 1348, 1349, 1350, 1351, 1352, 1353, 1354, 1355, 1356, 1400, 1408, 1410, 1412, 1413, 1420, 1421, 1422, 1423, 1424, 1425, 1432, 1433, 1434, 1435, 1436, 1457, 1458, 1459, 1460, 1461, 1462, 1463, 1464, 1467, 1468, 1469, 1470, 1471, 1472, 1473, 1474, 1501, 1503, 1504, 1522, 1523, 1528, 1542, 1544, 1548, 1586, 1587, 1601, 1603, 1617, 1645, 1646, 1647, 1657, 1658, 1663, 1664, 1665, 1667, 1668, 1669, 1670, 1673, 1674, 1677, 1678, 1681, 1682, 1683, 1684, 1689, 1690, 1691, 1695, 1696, 1697, 1700, 1702, 1703, 1704, 1706, 1708, 1711, 1714, 1716, 1717, 1719, 1720, 1721, 1724, 1725, 2378, 1727, 1729, 2379, 1733, 2380, 1737, 2381, 1741, 1745, 2382, 2383, 2385, 1834, 1881, 1882, 1885, 1886, 1891, 1892, 1893, 1894, 1899, 1900, 1901, 1907, 1908, 1909, 1910, 1911, 1912, 1913, 1914, 1915, 1918, 1920, 1924, 1925, 1931, 1932, 1938, 1940, 1946, 1947, 1948, 1949, 1950, 1951, 1956, 1957, 1962, 1963};global
resnet+2079;1520;1720;0;872;{1553, 1554, 1555, 1568, 1569, 2089, 1578, 2090, 2091, 2092, 2093, 1587, 1594, 1595, 2110, 2111, 2112, 1116, 1117, 1118, 1119, 1120, 1121, 1122, 1123, 1653, 1654, 634, 635, 636, 637, 638, 639, 640, 641, 642, 643, 644, 645, 646, 647, 648, 649, 650, 651, 652, 653, 654, 655, 656, 657, 658, 659, 660, 661, 662, 663, 664, 665, 666, 667, 668, 669, 670, 671, 672, 673, 1177, 1179, 1180, 1660, 1693, 1694, 1696, 1698, 1707, 1708, 1716, 1717, 1718, 1719, 1720, 1729, 1667, 1732, 1735, 1668, 1741, 1742, 1745, 1746, 1747, 1165, 1166, 1167, 2291, 2292, 1168, 2293, 2294, 2296, 1169, 2299, 2300, 2301, 2302, 1170, 1679, 2303, 2304, 2305, 1171, 1680, 2306, 2307, 1172, 1659, 1173, 1174, 1304, 1305, 1306, 1307, 1308, 1176, 1309, 1310, 1312, 1313, 1311, 1315, 1316, 1314, 1317, 1178, 1318, 1319, 1687, 2348, 2349, 2350, 2351, 2352, 2353, 2354, 2355, 2356, 2357, 1175, 1488, 1489, 1490, 1498, 1519, 1520, 1521, 1522};global
gromacs+2084;1520;1540;3;205;{1732, 1733, 1734, 1736, 1569, 1570, 1572, 1573, 1574, 1575, 1737, 1637, 1645, 1646, 1135, 1136, 1137, 1138, 1139, 1140, 1651, 1652, 1143, 1144, 1145, 1146, 1151, 1152, 1665, 1666, 1157, 1669, 1670, 1671, 1672, 1679, 1680, 1684, 664, 665, 1688, 1689, 1692, 1694, 1695, 1696, 1700, 1701, 1703, 1704, 1706, 1707, 1709, 1710, 1711, 1712, 1713, 1714, 1718, 1719, 1722, 1723, 1725, 1216, 1217, 1728, 1730, 1220, 1221, 1222, 1223, 1731, 1225, 1226, 1227, 1228, 1229, 1230, 1231, 1232, 1233, 1234, 1235, 1236, 1237, 1744, 1745, 1746, 742, 743, 744, 745, 746, 747, 748, 749, 750, 751, 1264, 1265, 1266, 1267, 1268, 1269, 1270, 1271, 752, 753, 754, 755, 756, 757, 758, 759, 760, 761, 762, 1272, 1275, 1273, 1274, 1276, 1323, 1324, 1325, 1326, 1327, 1328, 1329, 1330, 875, 876, 877, 878, 879, 880, 881, 882, 883, 884, 885, 886, 887, 888, 1402, 1403, 1404, 1405, 1406, 1407, 1408, 1410, 1411, 1413, 1430, 1434, 1435, 1452, 1453, 1486, 1487, 1488, 1489, 1490, 1491, 1492, 1520, 1528};global
gromacs+2084;1520;1540;0;205;{2432, 2433, 2358, 2359, 2360, 2361, 2362, 2363, 2364, 2365, 2366, 2367, 2368, 2369, 2370, 2371, 2372, 2373, 2374, 2402, 2403, 2404, 2405, 2406, 2407, 2408, 2409, 2410, 2411, 2416, 2417, 2420, 2421, 2428, 2429, 2430, 2431};global
resnet+2100;1530;1600;2;34;{1675, 1676, 1550, 1679, 1680, 1561, 1566, 1832, 1705, 1833, 1590, 1591, 1592, 1593, 446, 447, 2367, 2368, 2369, 2118, 2119, 2120, 1615, 1616, 1398, 1399, 1661, 1662};global
resnet+2100;1530;1600;3;34;{789, 790, 791, 792, 793, 794};global
gromacs+2087;1540;1550;1;134;{98, 99, 100, 101, 102, 103, 104, 105, 106, 107, 108, 109, 110, 111, 112, 113, 114, 115, 116, 117, 118, 119, 120, 121, 122, 123, 124, 125, 126, 127, 128, 129, 130, 131, 132, 133, 134, 135, 136, 137, 138, 139, 140, 141, 142, 143, 144, 145, 146, 147, 148, 149, 150, 1684, 1727, 1729, 1754, 1755, 1756, 1757, 1758, 1759, 1760, 1761, 1762, 1763, 1764, 1765, 1766, 1767, 1768, 1769, 1770, 1771, 1772, 1773, 1774, 1775, 1776, 1777, 1778, 1779, 1780, 1781, 1417, 1467};global
gromacs+2087;1540;1550;3;134;{1409, 1673, 1674, 1433, 795, 796, 797, 798, 799, 800, 801, 802, 803, 804, 805, 1715, 1218, 1740, 865, 866, 867, 868, 869, 870, 871, 872, 873, 874, 1644, 1649, 1650, 1526, 1529, 1661, 1662};global
gromacs+2087;1540;1550;2;134;{1604, 1605, 1606, 1607, 1934, 2192, 2357, 2358, 2359, 2360, 1210};global
gromacs+2087;1540;1550;0;134;{1664, 1663};global
resnet+2089;1560;1570;2;206;{1536, 1537, 1538, 1543, 1929, 1783, 2190, 2191, 1784, 1939, 1812, 1785, 1813, 1814, 1815, 1816, 1817, 1818, 1309, 1310, 1311, 1312, 1313, 1823, 1824, 1825, 1826, 1827, 1828, 1829, 1830, 1831, 1964, 2361, 2362, 1723, 2363, 2364, 1726, 2365, 2366, 1602, 1644, 1746, 1772, 1773, 1774, 2274, 1775, 2275, 2276, 2277, 2278, 1897, 1898, 1387, 1388, 1389, 1390, 1391, 1392, 1393, 1394, 1395, 1396, 1397, 1648, 1655, 1656, 1776, 1777, 1778, 1779, 1780, 1781, 1782};global
resnet+2089;1560;1570;1;206;{2368, 1698, 1700, 2373, 2344, 2345, 2346, 2347, 2348, 2349, 2350, 1711, 2351, 1457, 1458, 1459, 1460, 1461, 1462, 1463, 1464, 1721, 2352, 2354, 1980, 1981, 2357, 2353, 1728, 2360, 2361, 2362, 2363, 2364, 2365, 2366, 2367, 2355, 2369, 2370, 2371, 2372, 1742, 2356, 2374, 2376, 2377, 2378, 2379, 2380, 2381, 2382, 2358, 2383, 2385, 2384, 2387, 2359, 2389, 2386, 2375, 2388, 1520, 1652, 1653};global
resnet+2089;1560;1570;0;206;{1665, 1666, 1283, 1284, 1285, 1286, 1287, 1288, 1673, 1674, 1688, 1695, 1571, 1572, 1573, 1706, 1713, 2099, 1588, 1589, 1590, 1591, 2100, 2101, 1724, 2375, 2376, 2377, 2378, 2379, 2380, 2381, 1614, 1615, 1616, 2382, 2383, 1491, 2384, 2385, 2386, 2415, 1657, 1658};global
resnet+2089;1560;1570;3;206;{1685, 1687, 1693, 1602, 1603, 1604, 1620, 1621, 1622, 1381, 1382, 1383, 1384, 1385, 1386, 1387, 1388, 1389, 1390, 1391, 1392};global
gromacs+2115;1570;1580;3;23;{1153, 1154, 1552, 1553, 1554, 1555, 1556, 1557, 1558, 1566, 1567, 1568, 1699, 1705, 1580, 1581, 1582, 1586, 1587, 1588, 1716, 1735};global
gromacs+2115;1570;1580;0;23;{2335};global
resnet+2140;1570;1650;0;6;{2336, 2337, 2338, 2339, 2340, 2341};local
gromacs+2091;1580;1600;1;177;{2243, 2244, 2245, 2246, 2247, 2248, 2249, 2250, 2251, 2252, 2253, 1640, 1641, 1642, 1658, 1659, 2189, 2190, 2191, 1680, 1681, 1682, 2192, 2193, 2194, 2195, 2196, 2197, 2198, 2199, 2200, 2201, 2202, 2203, 2204, 2205, 2206, 2207, 2208, 2209, 2210, 2211, 2212, 2213, 2214, 2215, 2216, 2217, 2218, 2219, 2220, 2221, 2222, 1714, 2223, 2224, 2225, 2226, 1719, 2227, 2228, 2229, 2230, 2231, 2232, 2233, 2234, 2235, 2236, 2237, 2238, 2239, 2240, 1734, 2241, 2242, 201, 202, 203, 204, 205, 206, 207, 208, 209, 210, 211, 212, 213, 1746, 2254, 2255, 2256, 2257, 2258, 2259, 2260, 2261, 2262, 2263, 2264, 2265, 2266, 2267, 2268, 2269, 2270, 2271, 2272, 2273, 2274, 2275, 2276, 2277, 2278, 2279, 2280, 2281, 2282, 2283, 2284, 2285, 2286, 2287, 2288, 2289, 2290, 2291, 1315, 1362, 1364, 861, 862, 865, 866, 867, 868, 869, 870, 871, 872, 873, 874, 875, 876, 877, 878, 879, 880, 881, 882, 883, 884, 885, 886, 887, 888, 889, 890, 891, 892, 893, 894, 895, 896, 897, 1418, 1419, 1430, 1433, 1450, 1451, 1452, 1453, 1454, 1455, 1456};local
resnet+2092;1580;1590;2;164;{1557, 1558, 535, 536, 537, 538, 539, 540, 1559, 1560, 2115, 2116, 2117, 2142, 2143, 2144, 2145, 1641, 1129, 1141, 1142, 1143, 1144, 2205, 2206, 2207, 1699, 1197, 1198, 1712, 2226, 2227, 2228, 2229, 1207, 2236, 2237, 2238, 1215, 1216, 1732, 1738, 1228, 1229, 1230, 1743, 2271, 2272, 2273, 1251, 1252, 1253, 1254, 1255, 1256, 1257, 1258, 1259, 1260, 1261, 1262, 1263, 2279, 2280, 2281, 2282, 2283, 2284, 2285, 2304, 2305, 2306, 2307, 2308, 2309, 2340, 2341, 1890, 2342, 2343, 1835, 1836, 1837, 1838, 1839, 1840, 1841, 1842, 1843, 1844, 1845, 1846, 1847, 1848, 1849, 1850, 1851, 1852, 1853, 1854, 1855, 1856, 1857, 1858, 1859, 1860, 1861, 1862, 1863, 1864, 1865, 1866, 1867, 1868, 1869, 1870, 1871, 1872, 1873, 1874, 2387, 2388, 2389, 2390, 2391, 2392, 2393, 2394, 2395, 2396, 2397, 2398, 2399, 2400, 1889, 354, 355, 356, 357, 358, 359, 360, 361, 362, 363, 364, 365, 366, 367, 370, 1407, 1927, 1930, 1943, 419, 420, 421, 422, 1502, 1518, 1519, 1520, 2401, 1530};local
gromacs+2097;1580;1610;0;86;{1592, 1593, 2113, 2114, 2115, 2116, 2117, 2118, 2119, 2120, 2121, 2122, 2123, 2124, 2125, 2126, 2127, 2128, 2129, 2130, 2131, 2132, 2133, 2134, 2135, 2136, 2137, 2138, 1627, 1628, 1629, 1630, 2139, 2140, 2141, 2142, 2143, 2144, 2145, 2146, 1661, 1662, 1669, 1670, 1675, 1676, 1677, 1678, 1685, 1686, 1700, 1710, 1722, 1723, 1734, 1738, 1740, 1744, 1289, 1290, 1291, 1292, 1293, 1294, 1375, 1376, 1377, 1378, 1379, 1380, 1381, 1382, 1383, 1384, 1385, 1386, 1387, 1388, 1480, 1481, 1482, 1483, 1484, 1485, 1486, 1487};local
resnet+2106;1580;1650;3;53;{1303, 1296, 1297, 1298, 1299, 1300, 1301, 918, 919, 920, 921, 922, 923, 924, 925, 926, 927, 928, 929, 930, 931, 932, 933, 934, 935, 936, 937, 938, 939, 940, 941, 942, 943, 1304, 1431, 1583, 1584, 1585, 1493, 1494, 1495, 1496, 1497, 1498, 1499, 1627, 1628, 1629, 1640, 1302, 1653, 1149, 1150};local
gromacs+2107;1580;1600;0;51;{2342, 2201, 2202, 2203, 2204, 2205, 2206, 2207, 2208, 2209, 2210, 2211, 2212, 2213, 2214, 2215, 2216, 2217, 2218, 2219, 2220, 2221, 2222, 2223, 2343, 2344, 2345, 2346, 2347, 2387, 2388, 2389, 2390, 2391, 2264, 2265, 2266, 2267, 2268, 2269, 2270, 2271, 2272, 2273, 2274, 2147, 2148, 2149, 2150, 2275, 2276};local
resnet+2110;1580;1700;2;56;{2432, 2433, 2434, 2435, 2436, 2437, 2472, 2473, 2402, 2403, 2404, 2405, 2406, 2407, 2408, 2409, 2410, 2411, 2412, 2413, 2414, 2415, 2416, 2417, 2418, 2419, 2420, 2421, 2422, 2423, 2424, 2425, 2426, 2427, 2428, 2429, 2430, 2431};global
resnet+2110;1580;1700;3;56;{1664, 2467, 2468, 2469, 2470, 2471, 2472, 2473, 2474, 2475, 2476, 1741, 2477, 2478, 2479, 1654, 1721, 1663};global
gromacs+2111;1580;1590;1;56;{2304, 2305, 2306, 2307, 2308, 2309, 2310, 2311, 2312, 2313, 2314, 2315, 2316, 2317, 2292, 2293, 2294, 2295, 2296, 2297, 2298, 2299, 2300, 2301, 2302, 2303};global
gromacs+2111;1580;1590;3;56;{2480, 2481, 2482, 2483, 2484, 2485, 2486, 2487, 2488, 2489, 2490, 2491, 2492, 2493, 2494, 2495, 2496, 2497, 2498, 2499};global
gromacs+2111;1580;1590;0;56;{2400, 2401, 2392, 2393, 2394, 2395, 2396, 2397, 2398, 2399};global
resnet+2114;1590;1640;1;41;{1154, 1155, 1156, 1157, 1158, 1159, 1160, 1161, 1162, 1163, 1164, 1165, 1166, 1167, 834, 835, 836, 837, 838, 839, 840, 841, 842, 843, 844, 845, 846, 847, 848, 849, 850, 851, 852, 853, 854, 855, 856, 857, 858, 859, 860};local
gromacs+2119;1590;1630;1;14;{1280, 1281, 1282, 1283, 1284, 1285, 1286, 1287, 1288, 1289, 1290, 1168, 1278, 1279};local
resnet+2120;1590;1640;1;15;{1382, 1383, 1384, 1385, 1386, 1291, 1292, 1387, 1388, 1389, 1390, 1391, 1392, 1309, 1310};local
gromacs+2122;1590;1620;1;11;{1615, 1488, 1616, 1617, 1618, 1559, 1688, 1691, 1565, 1662, 1663};local
resnet+2123;1590;1650;1;14;{1697, 1699, 1735, 1706, 1707, 1835, 1836, 1710, 1837, 1712, 1744, 1717, 1722, 1724};local
gromacs+2126;1590;1600;1;13;{1838, 1839, 1840, 1841, 1842, 1843, 1844, 1845, 1846, 1847, 1848, 1849, 1850};local
resnet+2130;1590;1600;1;11;{1856, 1857, 1858, 1859, 1860, 1861, 1851, 1852, 1853, 1854, 1855};local
gromacs+2131;1590;1600;1;15;{1862, 1863, 1864, 1865, 1866, 1867, 1868, 1869, 1870, 1871, 1872, 1873, 1874, 1875, 1876};local
resnet+2132;1590;1600;1;10;{1877, 1878, 1879, 1880, 1881, 1882, 1883, 1884, 1885, 1886};local
gromacs+2134;1590;1600;1;13;{1888, 1889, 1890, 1891, 1892, 1893, 1894, 1895, 1896, 1897, 1898, 1899, 1887};local
resnet+2141;1590;1610;1;8;{1900, 1901, 1902, 1903, 1904, 1905, 1906, 1907};local
gromacs+2142;1590;1620;1;8;{1908, 1909, 1910, 1911, 1912, 1913, 1914, 1915};local
resnet+2143;1590;1610;1;5;{1920, 1916, 1917, 1918, 1919};local
gromacs+2145;1590;1700;1;6;{1921, 1922, 1923, 1924, 1925, 1926};local
resnet+2147;1590;1630;1;5;{1927, 1928, 1929, 1930, 1931};local
gromacs+2148;1590;1620;1;8;{1932, 1933, 1934, 1935, 1936, 1937, 1938, 1939};local
resnet+2149;1590;1620;1;6;{1940, 1941, 1942, 1943, 1944, 1945};local
gromacs+2150;1590;1640;1;7;{1952, 1946, 1947, 1948, 1949, 1950, 1951};local
resnet+2155;1590;1600;1;7;{1953, 1954, 1955, 1956, 1957, 1958, 1959};local
gromacs+2158;1590;1610;1;5;{1960, 1961, 1962, 1963, 1964};local
resnet+2159;1590;1660;1;5;{1965, 1966, 1967, 1968, 1969};local
gromacs+2161;1590;1640;1;7;{1970, 1971, 1972, 1973, 1974, 1975, 1976};local
resnet+2162;1590;1600;1;4;{1977, 1978, 1979, 1982};local
gromacs+2165;1590;1660;1;4;{1984, 1985, 1986, 1983};local
resnet+2166;1590;1610;1;4;{1987, 1988, 1989, 1990};local
gromacs+2167;1590;1600;1;4;{1992, 1993, 1994, 1991};local
resnet+2169;1590;1600;1;4;{1995, 1996, 1997, 1998};local
gromacs+2170;1590;1600;1;4;{2000, 2001, 2002, 1999};local
resnet+2172;1590;1650;1;3;{2003, 2004, 2005};local
gromacs+2173;1590;1650;1;3;{2008, 2006, 2007};local
resnet+2176;1590;1600;2;4;{2072, 2073, 2074, 2071};local
gromacs+2179;1590;1610;1;4;{2009, 2010, 2011, 2012};local
resnet+2180;1590;1630;2;2;{2075, 2076};local
gromacs+2181;1590;1650;1;2;{2013, 2014};local
resnet+2184;1590;1600;2;2;{2077, 2078};local
shufflenet+2188;1590;1650;1;1;{2015};local
openfoam+2193;1590;1640;1;1;{2016};local
shufflenet+2194;1590;1710;2;1;{2079};local
openfoam+2195;1590;1600;1;1;{2017};local
shufflenet+2198;1590;1650;2;1;{2080};local
openfoam+2201;1590;1610;1;1;{2018};local
shufflenet+2204;1590;1710;2;1;{2081};local
openfoam+2205;1590;1600;1;1;{2019};local
shufflenet+2206;1590;1640;2;1;{2082};local
openfoam+2207;1590;1650;1;1;{2020};local
shufflenet+2209;1590;1640;2;1;{2083};local
openfoam+2211;1590;1610;1;1;{2021};local
gromacs+2272;1590;1620;2;3;{2084, 2085, 2086};local
shufflenet+2298;1590;1680;1;1;{2022};local
resnet+2215;1600;1610;0;777;{2077, 2078, 2079, 2080, 2081, 2082, 2083, 2102, 2103, 2104, 2105, 2106, 2107, 2108, 2109, 2151, 2152, 2153, 2154, 2155, 2156, 2157, 2158, 2159, 2160, 2161, 2162, 2163, 2164, 2165, 2166, 2167, 2168, 2169, 2170, 2171, 2172, 2173, 2174, 2175, 2176, 2177, 2178, 2179, 2180, 2181, 2182, 2183, 2184, 2185, 2186, 2187, 2188, 2189, 2190, 2191, 2192, 2193, 2194, 2195, 2196, 2197, 2198, 2199, 2200, 2224, 2225, 2226, 2227, 2228, 2229, 2230, 2231, 2232, 2233, 2234, 2235, 2236, 2237, 2238, 2239, 2240, 2241, 2242, 2243, 2244, 2245, 2246, 2247, 2248, 2249, 2250, 2251, 2252, 2253, 2254, 2255, 2256, 2257, 2258, 2259, 2260, 2261, 2262, 2263, 2287, 2288, 2289, 2295, 2322, 2323, 2324, 2325, 2326, 2327, 2328, 2329, 2330, 2331, 2332, 2333, 2334, 2358, 2359, 2360, 2361, 2362, 2363, 2364, 2365, 2366, 2367, 2368, 2369, 2370, 2371, 2372, 2373, 2374, 2402, 2403, 2404, 2405, 2406, 2407, 2408, 2409, 2410, 2411, 2412, 2413, 2414, 2416, 2417, 2418, 2419, 2420, 2421, 2422, 2423, 2424, 2425, 2426, 2427, 2428, 2429, 2430, 2431, 2432, 2433, 2434, 2435, 2436, 2437, 2438, 2439, 2440, 2441, 2442, 2443, 2444, 2445, 2446, 2447, 2448, 2449, 2450, 2451, 2452, 2453, 2454, 2455, 2456, 2457, 2458, 2459, 2460, 2461, 2462, 2463, 2464, 2465, 2466, 2467, 2468, 2469, 2470, 2471, 2472, 2473, 2474, 2475, 2476, 2477, 2478, 2479, 2480, 2481, 2482, 2483, 2484, 2485, 2486, 2487, 2488, 2489, 2490, 2491, 2492, 2493, 2494, 2495, 2496, 2497, 2498, 2499, 1181, 1182, 1359, 1360, 1361, 1362, 1363, 1364, 1365, 1366, 1367, 1368, 1369, 1370, 1371, 1372, 1373, 1374, 1389, 1406, 1407, 1408, 1409, 1410, 1411, 1412, 1413, 1414, 1415, 1416, 1417, 1418, 1419, 1420, 1426, 1427, 1428, 1429, 1430, 1444, 1445, 1446, 1447, 1448, 1449, 1456, 1457, 1458, 1459, 1460, 1494, 1496, 1497, 1499, 1501, 1502, 1503, 1504, 1505, 1506, 1507, 1508, 1509, 1510, 1511, 1512, 1513, 1514, 1515, 1516, 1517, 1518, 1523, 1524, 1525, 1529, 1533, 1534, 1535, 1536, 1560, 1561, 1562, 1563, 1570, 1579, 1580, 1581, 1585, 1586, 1645, 1646, 1647, 1648, 1649, 1650, 1651, 1652, 1655, 1656, 1684, 1689, 1691, 1692, 1701, 1703, 1704, 1709, 1711, 1712, 1714, 1721, 1728, 1733, 1736};global
resnet+2215;1600;1610;3;777;{1731, 1545, 1546, 1547, 1548, 1732, 1733, 1734, 1736, 1569, 1570, 1572, 1573, 1574, 1575, 1737, 1738, 1651, 1609, 1610, 1611, 1612, 1617, 1618, 1619, 1623, 1624, 1625, 1626, 1637, 1645, 1646, 1135, 1136, 1137, 1138, 1139, 1140, 1647, 1648, 1143, 1144, 1145, 1146, 1147, 1148, 1652, 1655, 1151, 1152, 1656, 1659, 1660, 1665, 1157, 1666, 1669, 1670, 1671, 1672, 1679, 1680, 1683, 1684, 664, 665, 1688, 1689, 1692, 1694, 1695, 1696, 1700, 1701, 1703, 1704, 1706, 1707, 1709, 1710, 1711, 1712, 1713, 1714, 1718, 1719, 1720, 1722, 1723, 1724, 1725, 1727, 1216, 1217, 1728, 1729, 1220, 1221, 1222, 1223, 1730, 1225, 1226, 1227, 1228, 1229, 1230, 1231, 1232, 1233, 1234, 1235, 1236, 1237, 1270, 1742, 1744, 1745, 1746, 742, 743, 744, 745, 746, 747, 748, 749, 750, 751, 1264, 1265, 1266, 1267, 1268, 1269, 752, 753, 754, 755, 756, 757, 758, 759, 760, 761, 762, 1271, 1272, 1274, 1275, 1273, 1276, 1323, 1324, 1325, 1326, 1327, 1328, 1329, 1330, 1331, 1332, 1333, 1334, 1335, 1336, 1337, 1338, 1339, 1340, 1341, 1342, 1343, 875, 876, 877, 878, 879, 880, 881, 882, 883, 884, 885, 886, 887, 888, 1402, 1403, 1404, 1405, 1406, 1407, 1408, 1410, 1411, 1413, 1425, 1426, 1427, 1428, 1429, 1430, 1434, 1435, 2465, 2466, 1452, 1453, 1486, 1487, 1488, 1489, 1490, 1491, 1492, 1520, 1528};global
resnet+2215;1600;1610;1;777;{2048, 2049, 2050, 2051, 2052, 2053, 2054, 2055, 2056, 2057, 2058, 2059, 2060, 2061, 2062, 2063, 2064, 2065, 2066, 2067, 2068, 2069, 2070, 2071, 2072, 1561, 1562, 1563, 1564, 2073, 1566, 2074, 2075, 1576, 1599, 1600, 1601, 1602, 1631, 1632, 1633, 1650, 1651, 1654, 1655, 1656, 1657, 1672, 1673, 2187, 1676, 1677, 1678, 1679, 2188, 1683, 1685, 1687, 1689, 1692, 1695, 1696, 1701, 1705, 1709, 1713, 1718, 1733, 1738, 2318, 2319, 2320, 2321, 2322, 2323, 2324, 2325, 2326, 2327, 2328, 2329, 2330, 2331, 2332, 2333, 2334, 2335, 2336, 1313, 2337, 2338, 1828, 1317, 1829, 1830, 2339, 2340, 2341, 2342, 823, 824, 825, 826, 827, 828, 829, 830, 831, 832, 833, 1361, 1365, 2422, 1413, 1414, 1432, 1436, 1437, 1445, 1446, 1447, 1469, 1487, 1509, 2023, 2024, 2025, 2026, 2027, 2028, 2029, 2030, 2031, 2032, 2033, 2034, 2035, 2036, 2037, 2038, 2039, 2040, 2041, 2042, 2043, 2044, 2045, 2046, 2047};global
resnet+2215;1600;1610;2;777;{1792, 1793, 1794, 1795, 1796, 1797, 1798, 2053, 2054, 2055, 2056, 2057, 2058, 1933, 2059, 2060, 2061, 2062, 2063, 2064, 2065, 1685, 2066, 2067, 1688, 2068, 2069, 2070, 1694, 1701, 2087, 2088, 2089, 2090, 2091, 2092, 2093, 2094, 1199, 1200, 2095, 454, 455, 1735, 1747, 1748, 1749, 1750, 1751, 1752, 1753, 1754, 1755, 1786, 1787, 1788, 1789, 1790, 1791};global
gromacs+2217;1610;1690;3;291;{2444, 1053, 1054, 1055, 1056, 1057, 1058, 1059, 1060, 1061, 1062, 1063, 1064, 1065, 1066, 1067, 1068, 1069, 1070, 1071, 1072, 1073, 1074, 1075, 2454, 1103, 1104, 1105, 1106, 1107, 1108, 1109, 1110, 1111, 1112, 1113, 1114, 1115, 1116, 1117, 1118, 1119, 1120, 1121, 1122, 1123, 1124, 1125, 1126, 1127, 1128, 1129, 1130, 1131, 1132, 1644, 2464, 1649, 1650, 1661, 1662, 1673, 1674, 1675, 1676, 2448, 1686, 1698, 2449, 1715, 697, 698, 699, 700, 701, 702, 703, 704, 705, 706, 707, 708, 709, 710, 711, 712, 713, 1218, 1740, 795, 796, 797, 798, 799, 800, 801, 802, 803, 804, 805, 1318, 1319, 1320, 1321, 1322, 2416, 2401, 2391, 2392, 2393, 2394, 2395, 2396, 2397, 2398, 2399, 2400, 865, 866, 867, 868, 869, 870, 871, 872, 873, 874, 2402, 2403, 2404, 2405, 2406, 2407, 2408, 2409, 2410, 2411, 2412, 2413, 2414, 2415, 889, 890, 891, 892, 893, 894, 895, 896, 897, 898, 899, 900, 901, 1409, 2417, 2418, 2432, 2433, 2419, 2435, 2436, 2437, 2438, 2420, 2440, 2441, 2442, 2443, 2421, 2445, 2446, 2447, 1433, 2422, 2450, 2451, 2452, 2453, 2423, 2455, 2456, 2457, 2458, 2424, 2460, 2461, 2459, 2463, 2425, 1454, 2426, 2427, 2428, 2429, 2430, 2431, 2434, 1519, 2439, 1521, 2462, 1526, 1529};global
gromacs+2217;1610;1690;2;291;{2096, 2097, 2098, 2099, 2100, 2111, 2112, 2113, 2114, 1604, 1605, 1606, 1607, 1643, 2156, 2157, 2158, 2159, 2172, 2173, 2174, 2175, 2184, 2185, 2186, 2192, 2201, 2202, 2203, 2204, 2208, 2209, 2210, 1203, 1210, 2259, 2260, 2261, 1756, 1757, 1758, 1759, 1760, 1761, 1762, 1763, 1764, 1765, 1766, 1767, 1768, 1769, 1770, 1771, 2286, 2287, 2288, 2289, 2290, 2291, 2357, 2358, 2359, 2360, 2374, 2375, 2376, 371, 2438, 2439, 2440, 2441, 2442, 2443, 2444, 2445, 1934, 2446, 2447, 2448, 2449, 2450, 2451, 1941, 432, 433, 434};global
resnet+2216;1620;1650;3;650;{2048, 2049, 2050, 2051, 2052, 2053, 2054, 2055, 2056, 2057, 2058, 2059, 2060, 2061, 2062, 2063, 2064, 2065, 2066, 2067, 2068, 2069, 2070, 2071, 2072, 2073, 2074, 2075, 2076, 2077, 2078, 2079, 2080, 2081, 2082, 2083, 2084, 2085, 2086, 2087, 2088, 2089, 2090, 2091, 2092, 2093, 2094, 2095, 2096, 2097, 2098, 2099, 2100, 2101, 2102, 2103, 2104, 2105, 2106, 2107, 2108, 2109, 2110, 2111, 2112, 2113, 2114, 2115, 2116, 2117, 2118, 2119, 2120, 2121, 2122, 2123, 2124, 2125, 2126, 2127, 2128, 2129, 2130, 2131, 2132, 2133, 2134, 2135, 2136, 2137, 2138, 2139, 2140, 2141, 2142, 2143, 2144, 2145, 2146, 2147, 2148, 2149, 2150, 2151, 2152, 2153, 2154, 2155, 2156, 2157, 2158, 2159, 2160, 2161, 2162, 2163, 2164, 2165, 2166, 2167, 2168, 2169, 2170, 2171, 2172, 2173, 2174, 2175, 2176, 2177, 2178, 2179, 2180, 2181, 2182, 2183, 2184, 2185, 2186, 2187, 2188, 2189, 2190, 2191, 2192, 2193, 2194, 2195, 2196, 2197, 2198, 2199, 2200, 2201, 2202, 2203, 2204, 2205, 2206, 2207, 2208, 2209, 2210, 2211, 2212, 2213, 2214, 2215, 2216, 2217, 2218, 2219, 2220, 2221, 2222, 2223, 2224, 2225, 2226, 2227, 2228, 2229, 2230, 2231, 2232, 2233, 2234, 2235, 2236, 2237, 2238, 2239, 2240, 2241, 2242, 2243, 2244, 2245, 2246, 2247, 2248, 2249, 2250, 2251, 2252, 2253, 2254, 2255, 2256, 2257, 2258, 2259, 2260, 2261, 2262, 2263, 2264, 2265, 2266, 2267, 2268, 2269, 2270, 2271, 2272, 2273, 2274, 2275, 2276, 2277, 2278, 2279, 2280, 2281, 2282, 2283, 2284, 2285, 2286, 2287, 2288, 2289, 2290, 2291, 2292, 2293, 2294, 2295, 2296, 2297, 2298, 2299, 2300, 2301, 2302, 2303, 2304, 2305, 2306, 2307, 2308, 2309, 2310, 2311, 2312, 2313, 2314, 2315, 2316, 2317, 2318, 2319, 2320, 2321, 2322, 2323, 2324, 2325, 2326, 2327, 2328, 2329, 2330, 2331, 2332, 2333, 2334, 2335, 2336, 2337, 2338, 2339, 2340, 2341, 2342, 2343, 2344, 2345, 2346, 2347, 2348, 2349, 2350, 2351, 2352, 2353, 2354, 2355, 2356, 2357, 2358, 2359, 2360, 2361, 2362, 2363, 2364, 2365, 2366, 2367, 2368, 2369, 2370, 2371, 2372, 2373, 2374, 2375, 2376, 2377, 2378, 2379, 2380, 2381, 2382, 2383, 2384, 2385, 2386, 2387, 1450, 1451, 1708, 1747, 1748, 1749, 1750, 1751, 1752, 1753, 1754, 1755, 1756, 1757, 1758, 1759, 1760, 1761, 1762, 1763, 1764, 1765, 1766, 1767, 1768, 1769, 1770, 1771, 1772, 1773, 1774, 1775, 1776, 1777, 1778, 1779, 1780, 1781, 1782, 1783, 1784, 1785, 1786, 1787, 1788, 1789, 1790, 1791, 1792, 1793, 1794, 1795, 1796, 1797, 1798, 1799, 1800, 1801, 1802, 1803, 1804, 1805, 1806, 1807, 1808, 1809, 1810, 1811, 1812, 1813, 1814, 1815, 1816, 1817, 1818, 1819, 1820, 1821, 1822, 1823, 1824, 1825, 1826, 1827, 1828, 1829, 1830, 1831, 1832, 1833, 1834, 1835, 1836, 1837, 1838, 1839, 1840, 1841, 1842, 1843, 1844, 1845, 1846, 1847, 1848, 1849, 1850, 1851, 1852, 1853, 1854, 1855, 1856, 1857, 1858, 1859, 1860, 1861, 1862, 1863, 1864, 1865, 1866, 1867, 1868, 1869, 1870, 1871, 1872, 1873, 1874, 1875, 1876, 1877, 1878, 1879, 1880, 1881, 1882, 1883, 1884, 1885, 1886, 1887, 1888, 1889, 1890, 1891, 1892, 1893, 1894, 1895, 1896, 1897, 1898, 1899, 1900, 1901, 1902, 1903, 1904, 1905, 1906, 1907, 1908, 1909, 1910, 1911, 1912, 1913, 1914, 1915, 1916, 1917, 1918, 1919, 1920, 1921, 1922, 1923, 1924, 1925, 1926, 1927, 1928, 1929, 1930, 1931, 1932, 1933, 1934, 1935, 1936, 1937, 1938, 1939, 1940, 1941, 1942, 1943, 1944, 1945, 1946, 1947, 1948, 1949, 1950, 1951, 1952, 1953, 1954, 1955, 1956, 1957, 1958, 1959, 1960, 1961, 1962, 1963, 1964, 1965, 1966, 1967, 1968, 1969, 1970, 1971, 1972, 1973, 1974, 1975, 1976, 1977, 1978, 1979, 1980, 1981, 1982, 1983, 1984, 1985, 1986, 1987, 1988, 1989, 1990, 1991, 1992, 1993, 1994, 1995, 1996, 1997, 1998, 1999, 2000, 2001, 2002, 2003, 2004, 2005, 2006, 2007, 2008, 2009, 2010, 2011, 2012, 2013, 2014, 2015, 2016, 2017, 2018, 2019, 2020, 2021, 2022, 2023, 2024, 2025, 2026, 2027, 2028, 2029, 2030, 2031, 2032, 2033, 2034, 2035, 2036, 2037, 2038, 2039, 2040, 2041, 2042, 2043, 2044, 2045, 2046, 2047};global
resnet+2216;1620;1650;1;650;{98, 99, 100, 101, 102, 103};global
gromacs+2223;1630;1680;1;221;{1547, 1548, 1549, 127, 126, 1637, 1638, 1639, 104, 105, 106, 107, 108, 109, 110, 111, 112, 113, 114, 115, 1652, 1653, 116, 117, 118, 119, 120, 121, 122, 123, 124, 125, 128, 129, 130, 131, 132, 133, 134, 135, 136, 137, 138, 139, 140, 141, 142, 143, 144, 145, 146, 147, 148, 149, 150, 1684, 1698, 1700, 1702, 1711, 1715, 1716, 1721, 1666, 1727, 1728, 1729, 1667, 1732, 1668, 1741, 1669, 1742, 1745, 1747, 1748, 1749, 1750, 1751, 1752, 1753, 1754, 1755, 1756, 1757, 1758, 1759, 1760, 1761, 1762, 1763, 1764, 1765, 1766, 1767, 1768, 1769, 1770, 1771, 1772, 1773, 1774, 1775, 1776, 1777, 1778, 1779, 1780, 1781, 2344, 2345, 2346, 2347, 2348, 2349, 2350, 2351, 2352, 2353, 2354, 2355, 2356, 2357, 2358, 2359, 2360, 2361, 2362, 2363, 2364, 2365, 2366, 2367, 2368, 2369, 2370, 2371, 2372, 2373, 2374, 2375, 2376, 2377, 2378, 2379, 2380, 2381, 2382, 2383, 2384, 2385, 2386, 2387, 2388, 2389, 863, 864, 2423, 2424, 2425, 2426, 2427, 2428, 2429, 2430, 2431, 2432, 2433, 2434, 2435, 2436, 2437, 2438, 2439, 2440, 1417, 2441, 2442, 2443, 2444, 2445, 2446, 2447, 2448, 2449, 2450, 2451, 2452, 2453, 2454, 2455, 2456, 2457, 2458, 2459, 2460, 2461, 2462, 2463, 2464, 2465, 2466, 2467, 2468, 2469, 2470, 1449, 1457, 1458, 1459, 1460, 1461, 1462, 1463, 1464, 1467, 1980, 1981, 1511, 1512, 1520};local
resnet+2228;1640;1690;2;246;{1536, 1537, 1538, 1543, 1551, 1552, 1553, 1602, 2146, 2147, 2148, 1644, 1648, 1655, 1656, 2190, 2191, 1723, 1214, 1726, 1231, 1746, 2263, 2264, 2265, 2266, 2274, 2275, 2276, 2277, 2278, 1772, 1773, 1774, 1775, 1776, 1777, 1778, 1779, 1780, 1781, 1782, 1783, 1784, 1785, 1812, 1813, 1814, 1815, 1816, 1817, 1818, 2329, 2330, 1309, 1310, 1311, 1312, 1313, 1823, 1824, 1825, 1826, 1827, 1828, 1829, 1830, 1831, 2361, 2362, 2363, 2364, 2365, 2366, 1883, 1884, 1895, 1896, 1897, 1898, 1387, 1388, 1389, 1390, 1391, 1392, 1393, 1394, 1395, 1396, 1397, 1929, 1939, 2452, 2453, 2454, 2455, 2456, 2457, 2474, 2475, 1964, 2476, 2477, 2478, 2479, 2480, 2481, 2482, 2483, 2484, 2485, 2486, 2487, 2488, 2489, 2490, 2491, 2492, 2493, 2494, 2495, 2496, 2497, 2498, 2499, 2331, 2332};global
resnet+2228;1640;1690;0;246;{1664, 1665, 1666, 1283, 1284, 1285, 1286, 1287, 1288, 1673, 1674, 2308, 2309, 2310, 2311, 2312, 2313, 2314, 2315, 2316, 2317, 2318, 2319, 2320, 1688, 2321, 1695, 2335, 1571, 1572, 1573, 2084, 2085, 2086, 2087, 1706, 2088, 1713, 2099, 1588, 1589, 1590, 1591, 2100, 2101, 1724, 1727, 1731, 2375, 2376, 2377, 2378, 2379, 2380, 2381, 1614, 1615, 1616, 2382, 2383, 1491, 2384, 2385, 2386, 1495, 1500, 2415, 2290, 1657, 1658, 1663};global
resnet+2228;1640;1690;3;246;{1153, 1154, 1552, 1553, 1554, 1555, 1556, 1557, 1558, 1685, 1687, 1693, 1566, 1567, 1568, 1699, 1705, 1580, 1581, 1582, 1586, 1587, 1588, 1716, 1602, 1219, 1603, 1604, 1735, 1620, 1621, 1622, 1381, 1382, 1383, 1384, 1385, 1386, 1387, 1388, 1389, 1390, 1391, 1392};global
resnet+2228;1640;1690;1;246;{1723, 1782, 1471};global
gromacs+2229;1650;1680;2;255;{1557, 1558, 535, 536, 537, 538, 539, 540, 1559, 1560, 2115, 2116, 2117, 2142, 2143, 2144, 2145, 1641, 1129, 1141, 1142, 1143, 1144, 1666, 2205, 2206, 2207, 1699, 1197, 1198, 1712, 2226, 2227, 2228, 2229, 1207, 2236, 2237, 2238, 1215, 1216, 1732, 1738, 1228, 1229, 1230, 1743, 2271, 2272, 2273, 1251, 1252, 1253, 1254, 1255, 1256, 1257, 1258, 1259, 1260, 1261, 1262, 1263, 2279, 2280, 2281, 2282, 2283, 2284, 2285, 2304, 2305, 2306, 2307, 2308, 2309, 2340, 2341, 1890, 2342, 2343, 1835, 1836, 1837, 1838, 1839, 1840, 1841, 1842, 1843, 1844, 1845, 1846, 1847, 1848, 1849, 1850, 1851, 1852, 1853, 1854, 1855, 1856, 1857, 1858, 1859, 1860, 1861, 1862, 1863, 1864, 1865, 1866, 1867, 1868, 1869, 1870, 1871, 1872, 1873, 1874, 2387, 2388, 2389, 2390, 2391, 2392, 2393, 2394, 2395, 2396, 2397, 2398, 2399, 2400, 1889, 354, 355, 356, 357, 358, 359, 360, 361, 362, 363, 364, 365, 366, 367, 370, 1407, 1927, 1930, 1943, 419, 420, 421, 422, 1502, 1518, 1519, 1520, 2401, 1530};global
gromacs+2229;1650;1680;1;255;{1792, 1793, 1794, 1795, 1796, 1797, 1798, 1799, 1800, 1801, 1802, 1803, 1804, 1805, 1806, 2310, 2311, 2312, 2313, 2314, 2315, 2316, 2317, 2295, 2296, 2297, 2471, 2472, 2473, 2298, 2474, 2475, 2476, 2477, 2299, 2300, 2301, 2302, 2303, 2304, 2305, 2306, 2307, 2308, 2309, 2292, 2293, 2294, 1783, 1784, 1785, 1786, 1787, 1788, 1789, 1790, 1791};global
gromacs+2229;1650;1680;3;255;{2480, 2481, 2482, 2483, 2484, 2485, 2486, 2487, 2488, 2489, 2490, 2491, 2492, 2493, 2494, 2495, 2496, 2497, 2498, 2499, 1141, 1142};global
gromacs+2229;1650;1680;0;255;{2400, 2401, 1492, 2392, 2393, 2394, 2395, 2396, 2397, 2398, 2399};global
resnet+2233;1660;1720;1;52;{896, 897, 1412, 1315, 201, 202, 203, 204, 205, 206, 207, 208, 209, 210, 211, 212, 213, 1362, 1364, 861, 862, 865, 866, 867, 868, 869, 870, 871, 872, 873, 874, 875, 876, 877, 878, 879, 880, 881, 882, 883, 884, 885, 886, 887, 888, 889, 890, 891, 892, 893, 894, 895};local
gromacs+2234;1660;1690;1;35;{1418, 1419, 1680, 1681, 1682, 1430, 1433, 1450, 1451, 1452, 1453, 1454, 1455, 1456, 1838, 1714, 1839, 1840, 1841, 1842, 1719, 1843, 1844, 1845, 1846, 1847, 1848, 1734, 1746, 1491, 1640, 1641, 1642, 1658, 1659};local
resnet+2237;1660;1690;1;19;{1849, 1850, 1851, 1852, 1853, 1854, 1855, 1856, 1857, 1858, 1859, 1860, 1861, 1862, 1863, 1864, 1865, 1866, 1867};local
gromacs+2241;1660;1670;1;12;{1868, 1869, 1870, 1871, 1872, 1873, 1874, 1875, 1876, 1877, 1878, 1879};local
resnet+2243;1660;1680;1;12;{1888, 1889, 1890, 1891, 1880, 1881, 1882, 1883, 1884, 1885, 1886, 1887};local
gromacs+2244;1660;1710;1;9;{1953, 1892, 1893, 1894, 1895, 1896, 1897, 1898, 1899};local
resnet+2246;1660;1670;1;9;{1954, 1955, 1956, 1957, 1958, 1959, 1977, 1978, 1979};local
gromacs+2251;1660;1670;1;14;{2017, 1991, 1992, 1993, 1994, 1995, 1996, 1997, 1998, 1999, 2000, 2001, 2002, 1982};local
resnet+2252;1660;1700;1;16;{2019, 2180, 2181, 2182, 2183, 2189, 2190, 2191, 2192, 2193, 2194, 2195, 2196, 2197, 2198, 2199};local
gromacs+2253;1660;1680;1;9;{2208, 2200, 2201, 2202, 2203, 2204, 2205, 2206, 2207};local
resnet+2256;1660;1680;1;6;{2209, 2210, 2211, 2212, 2213, 2214};local
gromacs+2257;1660;1670;1;7;{2215, 2216, 2217, 2218, 2219, 2220, 2221};local
resnet+2259;1660;1670;1;5;{2222, 2223, 2224, 2225, 2226};local
gromacs+2261;1660;1670;1;6;{2227, 2228, 2229, 2230, 2231, 2232};local
resnet+2264;1660;1720;1;7;{2233, 2234, 2235, 2236, 2237, 2238, 2239};local
gromacs+2267;1660;1720;1;5;{2240, 2241, 2242, 2243, 2244};local
resnet+2275;1660;1670;0;4;{2147, 2148, 2149, 2150};local
gromacs+2280;1660;1670;0;3;{2201, 2202, 2203};local
resnet+2282;1660;1700;1;2;{2245, 2246};local
gromacs+2284;1660;1710;1;2;{2248, 2247};local
resnet+2286;1660;1670;0;2;{2204, 2205};local
gromacs+2287;1660;1700;1;2;{2249, 2250};local
resnet+2288;1660;1680;0;2;{2206, 2207};local
gromacs+2292;1660;1730;1;2;{2251, 2252};local
resnet+2295;1660;1690;0;2;{2208, 2209};local
gromacs+2296;1660;1670;1;2;{2253, 2254};local
resnet+2297;1660;1680;2;2;{446, 447};local
gromacs+2303;1670;1730;0;567;{2077, 2078, 2079, 2080, 2081, 2082, 2083, 2102, 2103, 2104, 2105, 2106, 2107, 2108, 2109, 2113, 2114, 2115, 2116, 2117, 2118, 2119, 2120, 2121, 2122, 2123, 2124, 2125, 2126, 2127, 2128, 2129, 2130, 2131, 2132, 2133, 2134, 2135, 2136, 2137, 2138, 2139, 2140, 2141, 2142, 2143, 2144, 2145, 2146, 2151, 2152, 2153, 2154, 2155, 2156, 2157, 2158, 2159, 2160, 2161, 2162, 2163, 2164, 2165, 2166, 2167, 2168, 2169, 2170, 2171, 2172, 2173, 2174, 2175, 2176, 2177, 2178, 2179, 2180, 2181, 2182, 2183, 2184, 2185, 2186, 2187, 2188, 2189, 2190, 2191, 2192, 2193, 2194, 2195, 2196, 2197, 2198, 2199, 2200, 2210, 2211, 2212, 2213, 2214, 2215, 2216, 2217, 2218, 2219, 2220, 2221, 2222, 2223, 2224, 2225, 2226, 2227, 2228, 2229, 2230, 2231, 2232, 2233, 2234, 2235, 2236, 2237, 2238, 2239, 2240, 2241, 2242, 2243, 2244, 2245, 2246, 2247, 2248, 2249, 2250, 2251, 2252, 2253, 2254, 2255, 2256, 2257, 2258, 2259, 2260, 2261, 2262, 2263, 2264, 2265, 2266, 2267, 2268, 2269, 2270, 2271, 2272, 2273, 2274, 2275, 2276, 2287, 2288, 2289, 2295, 2322, 2323, 2324, 2325, 2326, 2327, 2328, 2329, 2330, 2331, 2332, 2333, 2334, 2342, 2343, 2344, 2345, 2346, 2347, 2358, 2359, 2360, 2361, 2362, 2363, 2364, 2365, 2366, 2367, 2368, 2369, 2370, 2371, 2372, 2373, 2374, 2387, 2388, 2389, 2390, 2391, 2402, 2403, 2404, 2405, 2406, 2407, 2408, 2409, 2410, 2411, 2412, 2413, 2414, 2416, 2417, 2418, 2419, 2420, 2421, 2422, 2423, 2424, 2425, 2426, 2427, 2428, 2429, 2430, 2431, 2432, 2433, 2434, 2435, 2436, 2437, 2438, 2439, 2440, 2441, 2442, 2443, 2444, 2445, 2446, 2447, 2448, 2449, 2450, 2451, 2452, 2453, 2454, 2455, 2456, 2457, 2458, 2459, 2460, 2461, 2462, 2463, 2464, 2465, 2466, 2467, 2468, 2469, 2470, 2471, 2472, 2473, 2474, 2475, 2476, 2477, 2478, 2479, 2480, 2481, 2482, 2483, 2484, 2485, 2486, 2487, 2488, 2489, 2490, 2491, 2492, 2493, 2494, 2495, 2496, 2497, 2498, 2499, 1181, 1182, 1289, 1290, 1291, 1292, 1293, 1294, 1359, 1360, 1361, 1362, 1363, 1364, 1365, 1366, 1367, 1368, 1369, 1370, 1371, 1372, 1373, 1374, 1375, 1376, 1377, 1378, 1379, 1380, 1381, 1382, 1383, 1384, 1385, 1386, 1387, 1388, 1389, 1406, 1407, 1408, 1409, 1410, 1411, 1412, 1413, 1414, 1415, 1416, 1417, 1418, 1419, 1420, 1426, 1427, 1428, 1429, 1430, 1444, 1445, 1446, 1447, 1448, 1449, 1456, 1457, 1458, 1459, 1460, 1480, 1481, 1482, 1483, 1484, 1485, 1486, 1487, 1494, 1496, 1497, 1499, 1501, 1502, 1503, 1504, 1505, 1506, 1507, 1508, 1509, 1510, 1511, 1512, 1513, 1514, 1515, 1516, 1517, 1518, 1523, 1524, 1525, 1529, 1533, 1534, 1535, 1536, 1560, 1561, 1562, 1563, 1570, 1579, 1580, 1581, 1585, 1586, 1592, 1593, 1627, 1628, 1629, 1630, 1645, 1646, 1647, 1648, 1649, 1650, 1651, 1652, 1655, 1656, 1661, 1662, 1669, 1670, 1675, 1676, 1677, 1678, 1684, 1685, 1686, 1689, 1691, 1692, 1700, 1701, 1703, 1704, 1709, 1710, 1711, 1712, 1714, 1721, 1722, 1723, 1728, 1733, 1734, 1736, 1738, 1740, 1744};global
gromacs+2303;1670;1730;3;567;{1135, 1136, 1137, 1138, 1139, 1140, 1143, 1144, 1145, 1146, 1147, 1148, 1151, 1152, 1157, 664, 665, 1216, 1217, 1220, 1221, 1222, 1223, 1225, 1226, 1227, 1228, 1229, 1230, 1231, 1232, 1233, 1234, 1235, 1236, 1237, 1264, 1265, 742, 743, 744, 745, 746, 747, 748, 749, 750, 751, 752, 753, 754, 755, 756, 757, 758, 759, 760, 761, 762, 1266, 1267, 1268, 1269, 1270, 1271, 1272, 1273, 1274, 1275, 1276, 789, 790, 791, 792, 793, 794, 1323, 1324, 875, 876, 877, 878, 879, 880, 881, 882, 883, 884, 885, 886, 887, 888};global
resnet+2307;1670;1690;1;206;{2048, 2049, 2050, 2051, 2052, 2053, 2054, 2055, 2056, 2057, 2058, 2059, 2060, 2061, 2062, 2063, 2064, 2065, 2066, 2067, 2068, 2069, 2070, 2071, 2072, 1561, 1562, 1563, 1564, 2073, 1566, 2074, 2075, 1575, 1576, 1599, 1600, 1601, 1602, 1631, 1632, 1633, 1650, 1651, 1654, 1655, 1656, 1657, 1672, 1673, 2187, 1676, 1677, 1678, 1679, 2188, 1683, 1685, 1687, 1689, 1692, 1695, 1696, 1701, 1705, 1709, 1713, 1718, 1733, 1738, 1739, 2255, 2256, 2257, 2258, 2259, 2260, 2261, 2262, 2263, 2264, 2265, 2266, 2267, 2268, 2269, 2270, 2271, 2272, 2273, 2274, 2275, 2276, 2277, 2278, 2279, 2280, 2281, 2282, 2283, 2284, 2285, 2286, 2287, 2288, 2289, 2290, 2291, 2318, 2319, 2320, 2321, 2322, 2323, 2324, 2325, 2326, 2327, 2328, 2329, 2330, 2331, 2332, 2333, 1313, 1828, 1317, 1829, 1830, 823, 824, 825, 826, 827, 828, 829, 830, 831, 832, 833, 1361, 1365, 1900, 1901, 1902, 1903, 1904, 1905, 1906, 1907, 1916, 1917, 1918, 1919, 1920, 1413, 1414, 1432, 1436, 1437, 1445, 1446, 1447, 1960, 1961, 1962, 1963, 1964, 1469, 1987, 1988, 1989, 1990, 1487, 2009, 2010, 2011, 2012, 2018, 1509, 2021, 2023, 2024, 2025, 2026, 2027, 2028, 2029, 2030, 2031, 2032, 2033, 2034, 2035, 2036, 2037, 2038, 2039, 2040, 2041, 2042, 2043, 2044, 2045, 2046, 2047};local
gromacs+2309;1670;1680;3;228;{1545, 1546, 1547, 1548, 1569, 1570, 1572, 1573, 1574, 1575, 1609, 1610, 1611, 1612, 1617, 1618, 1619, 1623, 1624, 1625, 1626, 1637, 1645, 1646, 1647, 1648, 1651, 1652, 1655, 1656, 1659, 1660, 1665, 1666, 1669, 1670, 1671, 1672, 1679, 1680, 1683, 1684, 1688, 1689, 1692, 1694, 1695, 1696, 1700, 1701, 1703, 1704, 1706, 1707, 1709, 1710, 1711, 1712, 1713, 1714, 1718, 1719, 1720, 1722, 1723, 1724, 1725, 1727, 1728, 1729, 1730, 1731, 1732, 1733, 1734, 1736, 1737, 1738, 1742, 1744, 1745, 1746, 1325, 1326, 1327, 1328, 1329, 1330, 1331, 1332, 1333, 1334, 1335, 1336, 1337, 1338, 1339, 1340, 1341, 1342, 1343, 1402, 1403, 1404, 1405, 1406, 1407, 1408, 1410, 1411, 1413, 1425, 1426, 1427, 1428, 1429, 1430, 1434, 1435, 2465, 2466, 1452, 1453, 1486, 1487, 1488, 1489, 1490, 1491, 1492, 1520, 1528};global
gromacs+2309;1670;1680;2;228;{2053, 2054, 2055, 2056, 2057, 2058, 2059, 2060, 2061, 1550, 2062, 2064, 2065, 2066, 2067, 2068, 2069, 2070, 2071, 2063, 1561, 2072, 2073, 2074, 2077, 1566, 2078, 2087, 2088, 2089, 2090, 2091, 2092, 2093, 2094, 2095, 1590, 1591, 1592, 1593, 2118, 2119, 2120, 1615, 1616, 1661, 1662, 1675, 1676, 1679, 1680, 1685, 1688, 1694, 1701, 1705, 2222, 1199, 1200, 2223, 1722, 1734, 1735, 1742, 1747, 1748, 1749, 1750, 1751, 1752, 1753, 1754, 1755, 1786, 1787, 1788, 1789, 1790, 1791, 1792, 1793, 1794, 1795, 1796, 1797, 1798, 1832, 1833, 1398, 1399, 1933, 1935, 1960, 1961, 454, 455};global
resnet+2333;1680;1740;1;43;{1932, 1933, 1934, 1935, 1936, 1937, 1938, 1939, 1940, 1941, 1942, 1559, 1688, 1943, 1944, 1691, 1945, 1565, 2334, 2335, 2336, 2337, 2338, 2339, 2340, 2341, 2342, 1465, 1615, 1488, 1616, 1617, 1618, 1908, 1909, 1910, 1911, 1912, 1913, 1914, 1915, 1662, 1663};local
gromacs+2352;1680;1690;0;20;{2277, 2278, 2279, 2280, 2281, 2282, 2283, 2284, 2285, 2286, 2297};global
gromacs+2352;1680;1690;2;20;{2368, 2369, 2084, 2085, 2086, 2224, 2225, 2367};global
gromacs+2352;1680;1690;1;20;{2422};global
resnet+2378;1690;1700;1;2;{1149, 1150};local
gromacs+2316;1700;1720;1;167;{2172, 2173, 1154, 1155, 1156, 1157, 1158, 1159, 1160, 1161, 1162, 1163, 1164, 1165, 1166, 1167, 1168, 1278, 1279, 1280, 1281, 1282, 1283, 1284, 1285, 1286, 1287, 1288, 1289, 1290, 1291, 1292, 1309, 1310, 1834, 834, 835, 836, 837, 838, 839, 840, 841, 842, 843, 844, 845, 846, 847, 848, 849, 850, 851, 852, 853, 854, 855, 856, 857, 858, 859, 860, 1382, 1383, 1384, 1385, 1386, 1387, 1388, 1389, 1390, 1391, 1392, 1927, 1928, 1929, 1930, 1931, 1946, 1947, 1948, 1949, 1950, 1951, 1952, 1970, 1971, 1972, 1973, 1974, 1975, 1976, 2016, 1522};global
gromacs+2316;1700;1720;0;167;{1540, 1541, 1542, 1671, 1672, 1681, 1682, 1683, 1567, 1697, 1574, 1575, 1576, 1577, 1702, 1705, 1725, 1726, 1730, 1737, 1611, 1612, 1613, 1743, 1624, 1625, 1626, 1631, 1632, 1633, 1530, 1531, 1532};global
gromacs+2316;1700;1720;3;167;{1571, 1076, 1077, 1078, 1079, 1080, 1081, 1082, 1083, 1084, 1085, 1086, 1087, 1088, 1089, 1090, 1091, 1092, 1093, 1094, 1095, 1096, 1224, 1616};global
gromacs+2316;1700;1720;2;167;{2082, 1411, 2083, 1642, 2252, 2253, 1879, 2254, 2255, 1937, 1588, 1589, 1687, 1880, 2075, 2076};global
resnet+2323;1710;1740;3;127;{1431, 1583, 1584, 1585, 1627, 1628, 1629, 1640, 1653, 1149, 1150, 1708, 1747, 1748, 1749, 1750, 1751, 1752, 1753, 1754, 1755, 1756, 1757, 1758, 1759, 1760, 1761, 1762, 1763, 1764, 1765, 1766, 1767, 1768, 1769, 1770, 1771, 1772, 1773, 1774, 1775, 1776, 1777, 1778, 1779, 1780, 1781, 1782, 1783, 1784, 1785, 1786, 1787, 1788, 1789, 1790, 1791, 1792, 1793, 1794, 1795, 1796, 1797, 1798, 1799, 1800, 1801, 1802, 1803, 1804, 1805, 1806, 1807, 1296, 1297, 1298, 1299, 1300, 1301, 1302, 1303, 1304, 1808, 1809, 1810, 1811, 1812, 1813, 1814, 1815, 1816, 1817, 918, 919, 920, 921, 922, 923, 924, 925, 926, 927, 928, 929, 930, 931, 932, 933, 934, 935, 936, 937, 938, 939, 940, 941, 942, 943, 1450, 1451, 1493, 1494, 1495, 1496, 1497, 1498, 1499};local
gromacs+2324;1710;1720;3;111;{1818, 1819, 1820, 1821, 1822, 1823, 1824, 1825, 1826, 1827, 1828, 1829, 1830, 1831, 1832, 1833, 1834, 1835, 1836, 1837, 1838, 1839, 1840, 1841, 1842, 1843, 1844, 1845, 1846, 1847, 1848, 1849, 1850, 1851, 1852, 1853, 1854, 1855, 1856, 1857, 1858, 1859, 1860, 1861, 1862, 1863, 1864, 1865, 1866, 1867, 1868, 1869, 1870, 1871, 1872, 1873, 1874, 1875, 1876, 1877, 1878, 1879, 1880, 1881, 1882, 1883, 1884, 1885, 1886, 1887, 1888, 1889, 1890, 1891, 1892, 1893, 1894, 1895, 1896, 1897, 1898, 1899, 1900, 1901, 1902, 1903, 1904, 1905, 1906, 1907, 1908, 1909, 1910, 1911, 1912, 1913, 1914, 1915, 1916, 1917, 1918, 1919, 1920, 1921, 1922, 1923, 1924, 1925, 1926, 1927, 1928};local
resnet+2334;1710;1720;3;59;{1929, 1930, 1931, 1932, 1933, 1934, 1935, 1936, 1937, 1938, 1939, 1940, 1941, 1942, 1943, 1944, 1945, 1946, 1947, 1948, 1949, 1950, 1951, 1952, 1953, 1954, 1955, 1956, 1957, 1958, 1959, 1960, 1961, 1962, 1963, 1964, 1965, 1966, 1967, 1968, 1969, 1970, 1971, 1972, 1973, 1974, 1975, 1976, 1977, 1978, 1979, 1980, 1981, 1982, 1983, 1984, 1985, 1986, 1987};local
gromacs+2347;1710;1720;3;62;{2048, 2049, 1988, 1989, 1990, 1991, 1992, 1993, 1994, 1995, 1996, 1997, 1998, 1999, 2000, 2001, 2002, 2003, 2004, 2005, 2006, 2007, 2008, 2009, 2010, 2011, 2012, 2013, 2014, 2015, 2016, 2017, 2018, 2019, 2020, 2021, 2022, 2023, 2024, 2025, 2026, 2027, 2028, 2029, 2030, 2031, 2032, 2033, 2034, 2035, 2036, 2037, 2038, 2039, 2040, 2041, 2042, 2043, 2044, 2045, 2046, 2047};local
resnet+2349;1710;1720;3;46;{2050, 2051, 2052, 2053, 2054, 2055, 2056, 2057, 2058, 2059, 2060, 2061, 2062, 2063, 2064, 2065, 2066, 2067, 2068, 2069, 2070, 2071, 2072, 2073, 2074, 2075, 2076, 2077, 2078, 2079, 2080, 2081, 2082, 2083, 2084, 2085, 2086, 2087, 2088, 2089, 2090, 2091, 2092, 2093, 2094, 2095};local
gromacs+2350;1710;1720;3;55;{2096, 2097, 2098, 2099, 2100, 2101, 2102, 2103, 2104, 2105, 2106, 2107, 2108, 2109, 2110, 2111, 2112, 2113, 2114, 2115, 2116, 2117, 2118, 2119, 2120, 2121, 2122, 2123, 2124, 2125, 2126, 2127, 2128, 2129, 2130, 2131, 2132, 2133, 2134, 2135, 2136, 2137, 2138, 2139, 2140, 2141, 2142, 2143, 2144, 2145, 2146, 2147, 2148, 2149, 2150};local
resnet+2351;1710;1720;3;30;{2176, 2177, 2178, 2179, 2180, 2151, 2152, 2153, 2154, 2155, 2156, 2157, 2158, 2159, 2160, 2161, 2162, 2163, 2164, 2165, 2166, 2167, 2168, 2169, 2170, 2171, 2172, 2173, 2174, 2175};local
gromacs+2353;1710;1740;3;27;{2181, 2182, 2183, 2184, 2185, 2186, 2187, 2188, 2189, 2190, 2191, 2192, 2193, 2194, 2195, 2196, 2197, 2198, 2199, 2200, 2201, 2202, 2203, 2204, 2205, 2206, 2207};local
resnet+2358;1710;1740;3;7;{2208, 2209, 2210, 2211, 2212, 2213, 2214};local
gromacs+2366;1710;1720;3;5;{2215, 2216, 2217, 2218, 2219};local
resnet+2369;1710;1720;3;3;{2220, 2221, 2222};local
gromacs+2380;1710;1740;3;2;{2224, 2223};local
openfoam+2384;1710;1740;3;1;{2225};local
shufflenet+2386;1710;1720;3;1;{2226};local
resnet+2393;1710;1720;3;139;{2227, 2228, 2229, 2230, 2231, 2232, 2233, 2234, 2235, 2236, 2237, 2238, 2239, 2240, 2241, 2242, 2243, 2244, 2245, 2246, 2247, 2248, 2249, 2250, 2251, 2252, 2253, 2254, 2255, 2256, 2257, 2258, 2259, 2260, 2261, 2262, 2263, 2264, 2265, 2266, 2267, 2268, 2269, 2270, 2271, 2272, 2273, 2274, 2275, 2276, 2277, 2278, 2279, 2280, 2281, 2282, 2283, 2284, 2285, 2286, 2287, 2288, 2289, 2290, 2291, 2292, 2293, 2294, 2295, 2296, 2297, 2298, 2299, 2300, 2301, 2302, 2303, 2304, 2305, 2306, 2307, 2308, 2309, 2310, 2311, 2312, 2313, 2314, 2315, 2316, 2317, 2318, 2319, 2320, 2321, 2322, 2323, 2324, 2325, 2326, 2327, 2328, 2329, 2330, 2331, 2332, 2333, 2334, 2335, 2336, 2337, 2338, 2339, 2340, 2341, 2342, 2343, 2344, 2345, 2346, 2347, 2348, 2349, 2350, 2351, 2352, 2353, 2354, 2355, 2356, 2357, 2358, 2359, 2360, 2361, 2362, 2363, 2364, 2365};local
gromacs+2403;1710;1730;1;97;{1837, 525, 526, 527, 528, 529, 530, 531, 532, 533, 534, 535, 536, 537, 538, 539, 540, 541, 542, 543, 544, 545, 546, 547, 548, 549, 550, 551, 552, 553, 554, 555, 556, 557, 558, 559, 560, 561, 1706, 1707, 1710, 1712, 1717, 1722, 1724, 1735, 1744, 2003, 2004, 2005, 2006, 1835, 2007, 2008, 1697, 2013, 2014, 2015, 98, 99, 100, 101, 102, 103, 1699, 2020, 1836};global
gromacs+2403;1710;1730;3;97;{2366, 2367, 2368, 2369, 2370, 2371, 2372, 2373, 2374, 2375, 2376, 2377, 2378, 2379, 2380, 2381, 2382, 2383, 2384, 2385, 2386, 2387};global
gromacs+2403;1710;1730;0;97;{2336, 2337, 2338, 2339, 2340, 2341};global
gromacs+2403;1710;1730;2;97;{442, 443};global
resnet+2429;1710;1720;2;3;{2080, 2101, 2102};local
openfoam+2452;1710;1730;2;1;{2103};local
gromacs+2410;1720;1740;2;12;{352, 1307, 1302, 1303, 1304, 1305, 1306, 347, 348, 349, 350, 351};local
resnet+2412;1720;1740;1;9;{1984, 1985, 1965, 1966, 1967, 1968, 1969, 1560, 1983};local
gromacs+2415;1720;1730;2;6;{1926, 2323, 2324, 2325, 2326, 1308};local
resnet+2416;1720;1740;2;7;{2354, 2355, 2356, 2327};global
resnet+2416;1720;1740;3;7;{1717, 1726};global
resnet+2416;1720;1740;1;7;{1986};global
gromacs+2425;1730;1740;1;7;{1868, 1869, 1870, 1871, 1872, 1873, 1874};local
resnet+2430;1730;1740;1;3;{1875, 1876, 1877};local
gromacs+2434;1730;1740;1;4;{1954, 1955, 1878, 1879};local
resnet+2435;1730;1740;1;4;{1956, 1957, 1958, 1959};local
gromacs+2438;1730;1740;1;2;{1977, 1978};local
resnet+2441;1730;1740;1;2;{1979, 1982};local
shufflenet+2455;1730;1740;1;1;{1991};local
openfoam+2460;1730;1740;1;1;{1992};local
gromacs+2478;1730;1740;1;20;{2215, 2216, 2217, 2218, 2219, 2220, 2221, 2222, 2223, 1993, 1994, 1995, 1996, 1997, 1998, 1999, 2000, 2001, 2002, 2017};local
resnet+2480;1730;1740;1;17;{2253, 2254, 2224, 2225, 2226, 2227, 2228, 2229, 2230, 2231, 2232};global
resnet+2480;1730;1740;0;17;{2147, 1699, 2148, 2149, 2150, 2201};global
gromacs+2522;1730;1740;0;5;{2202, 2203, 2204, 2205};global
gromacs+2522;1730;1740;2;5;{1208};global
shufflenet+2543;1730;1740;3;1;{1702};local
resnet+405;1910;22960;1;3;{98, 99, 100};local
gromacs+408;1910;56820;1;2;{101, 102};local
resnet+409;1910;81920;1;2;{104, 103};local
gromacs+412;1910;89890;1;2;{105, 106};local
resnet+414;1910;29410;1;2;{107, 108};local
gromacs+415;1910;3660;1;2;{109, 110};local
resnet+416;1910;3040;1;2;{112, 111};local
gromacs+420;1910;11120;1;2;{113, 114};local
openfoam+521;1910;4890;1;1;{115};local
resnet+421;1990;53030;1;2;{116, 117};local
gromacs+426;1990;85070;1;2;{118, 119};local
resnet+427;1990;3390;1;2;{120, 121};local
gromacs+428;2060;154440;1;2;{122, 123};local
resnet+429;2060;5880;1;2;{124, 125};local
gromacs+438;2060;68430;1;2;{126, 127};local
resnet+439;2060;4940;1;2;{128, 129};local
gromacs+440;2060;13290;1;2;{130, 131};local
resnet+441;2060;4740;1;2;{132, 133};local
gromacs+442;2060;69980;1;2;{134, 135};local
resnet+444;2060;4400;1;2;{136, 137};local
gromacs+448;2060;4920;1;2;{138, 139};local
resnet+449;2060;32500;1;2;{140, 141};local
gromacs+456;2060;162200;1;2;{142, 143};local
resnet+457;2060;62420;1;2;{144, 145};local
gromacs+458;2120;173460;1;2;{146, 147};local
resnet+467;2120;84850;1;2;{148, 149};local
gromacs+470;2150;130810;1;2;{201, 150};local
resnet+473;2150;10430;1;2;{202, 203};local
gromacs+480;2150;4570;3;2;{664, 665};local
resnet+481;2150;52460;1;2;{204, 205};local
gromacs+482;2150;3750;3;2;{697, 698};local
resnet+484;2150;55380;1;2;{206, 207};local
gromacs+485;2150;80640;3;2;{699, 700};local
resnet+490;2150;70670;1;2;{208, 209};local
gromacs+492;2150;30750;3;2;{701, 702};local
resnet+494;2150;19430;1;2;{210, 211};local
gromacs+495;2150;3870;3;2;{704, 703};local
resnet+497;2150;5050;1;2;{212, 213};local
gromacs+501;2150;41960;3;2;{705, 706};local
resnet+505;2150;19030;1;2;{403, 404};local
gromacs+506;2150;68990;3;2;{707, 708};local
resnet+508;2200;4100;1;2;{405, 406};local
gromacs+509;2200;3710;3;2;{709, 710};local
resnet+510;2250;5370;1;2;{408, 407};local
gromacs+512;2250;14660;3;2;{712, 711};local
resnet+519;2250;7210;1;2;{409, 410};local
gromacs+520;2250;5090;3;2;{713, 742};local
shufflenet+522;2250;64690;1;1;{411};local
openfoam+524;2260;9260;3;1;{743};local
shufflenet+525;2260;5000;3;1;{744};local
openfoam+526;2260;54850;3;1;{745};local
shufflenet+527;2330;3970;1;1;{412};local
openfoam+533;2330;50530;3;1;{746};local
shufflenet+535;2330;35880;1;1;{413};local
openfoam+536;2330;87840;3;1;{747};local
shufflenet+537;2330;4320;1;1;{414};local
openfoam+538;2330;5270;3;1;{748};local
shufflenet+544;2330;3970;1;1;{415};local
openfoam+546;2330;4640;3;1;{749};local
shufflenet+550;2330;155160;0;1;{0};local
openfoam+554;2330;132730;1;1;{416};local
shufflenet+555;2330;4790;3;1;{750};local
openfoam+557;2330;58770;0;1;{1};local
shufflenet+560;2330;83790;1;1;{417};local
openfoam+566;2330;3720;3;1;{751};local
shufflenet+569;2330;4780;0;1;{2};local
openfoam+570;2330;89780;1;1;{418};local
shufflenet+571;2330;3990;3;1;{752};local
openfoam+572;2330;63820;0;1;{3};local
shufflenet+573;2330;5230;1;1;{419};local
openfoam+575;2330;3530;3;1;{753};local
shufflenet+576;2330;5900;0;1;{4};local
openfoam+578;2330;72080;1;1;{420};local
shufflenet+579;2330;50560;3;1;{754};local
openfoam+580;2330;4770;0;1;{5};local
shufflenet+582;2330;30540;1;1;{421};local
openfoam+588;2330;86530;3;1;{755};local
shufflenet+589;2330;66820;0;1;{6};local
openfoam+594;2330;4470;1;1;{422};local
shufflenet+596;2330;30540;3;1;{756};local
openfoam+597;2330;4010;0;1;{7};local
shufflenet+601;2330;83440;1;1;{423};local
openfoam+606;2330;5160;3;1;{757};local
shufflenet+608;2330;91250;0;1;{8};local
openfoam+609;2330;36410;1;1;{424};local
shufflenet+610;2330;54270;3;1;{758};local
openfoam+612;2330;4290;0;1;{9};local
shufflenet+613;2330;4690;1;1;{425};local
openfoam+614;2330;75640;3;1;{759};local
shufflenet+615;2330;72550;0;1;{10};local
openfoam+616;2330;87050;1;1;{426};local
shufflenet+617;2330;9330;3;1;{760};local
openfoam+620;2330;4030;0;1;{11};local
shufflenet+621;2330;57800;1;1;{427};local
openfoam+622;2330;82270;2;1;{306};local
shufflenet+626;2330;4710;3;1;{761};local
openfoam+632;2330;51470;0;1;{12};local
shufflenet+634;2330;3190;1;1;{428};local
openfoam+637;2330;5450;2;1;{307};local
shufflenet+638;2330;48780;3;1;{762};local
openfoam+641;2330;13770;0;1;{13};local
shufflenet+645;2330;4620;1;1;{429};local
openfoam+646;2330;65900;2;1;{308};local
shufflenet+647;2330;98620;3;1;{771};local
openfoam+653;2330;129070;0;1;{14};local
shufflenet+654;2330;96910;1;1;{430};local
openfoam+655;2330;4860;2;1;{309};local
shufflenet+656;2330;9210;3;1;{772};local
openfoam+657;2330;4650;0;1;{15};local
shufflenet+658;2330;23570;1;1;{431};local
openfoam+659;2330;3770;2;1;{310};local
shufflenet+660;2330;71060;3;1;{773};local
openfoam+663;2330;5380;0;1;{16};local
shufflenet+665;2330;70130;1;1;{432};local
openfoam+667;2330;166680;2;1;{311};local
shufflenet+669;2330;4630;3;1;{774};local
openfoam+671;2330;4330;0;1;{17};local
shufflenet+673;2330;165800;1;1;{433};local
openfoam+675;2330;3610;2;1;{312};local
shufflenet+678;2330;4450;3;1;{775};local
openfoam+685;2330;70190;0;1;{18};local
shufflenet+688;2330;77290;1;1;{434};local
openfoam+691;2330;143650;2;1;{313};local
shufflenet+692;2330;4920;3;1;{776};local
openfoam+693;2330;107310;0;1;{19};local
shufflenet+696;2330;71200;1;1;{435};local
openfoam+701;2330;5370;2;1;{314};local
shufflenet+707;2330;89710;3;1;{777};local
openfoam+717;2330;76190;0;1;{20};local
shufflenet+718;2330;67100;1;1;{436};local
openfoam+722;2330;4120;2;1;{315};local
shufflenet+728;2330;45870;3;1;{778};local
openfoam+731;2330;149840;0;1;{21};local
shufflenet+735;2330;31970;1;1;{437};local
openfoam+737;2330;71290;2;1;{316};local
shufflenet+738;2330;16360;3;1;{779};local
openfoam+740;2330;50070;0;1;{22};local
shufflenet+743;2330;32660;1;1;{438};local
openfoam+745;2330;45300;2;1;{317};local
shufflenet+746;2330;19590;3;1;{780};local
openfoam+748;2330;5630;0;1;{23};local
shufflenet+749;2330;71040;1;1;{439};local
openfoam+754;2330;19020;2;1;{318};local
shufflenet+755;2330;3520;3;1;{781};local
openfoam+756;2330;171820;0;1;{24};local
shufflenet+759;2330;61250;1;1;{440};local
openfoam+762;2330;5730;2;1;{319};local
shufflenet+763;2330;42450;3;1;{782};local
openfoam+765;2330;41750;0;1;{25};local
shufflenet+766;2330;75950;1;1;{441};local
openfoam+768;2330;7420;2;1;{320};local
shufflenet+770;2330;3190;3;1;{783};local
openfoam+773;2330;3810;0;1;{26};local
shufflenet+774;2330;5120;1;1;{442};local
openfoam+775;2330;116830;2;1;{321};local
shufflenet+779;2330;3610;3;1;{784};local
openfoam+781;2330;36760;0;1;{27};local
shufflenet+785;2330;4570;1;1;{443};local
openfoam+788;2330;4400;2;1;{322};local
shufflenet+790;2330;5270;3;1;{785};local
openfoam+793;2330;4940;0;1;{28};local
shufflenet+794;2330;57400;1;1;{444};local
openfoam+796;2330;4220;2;1;{323};local
shufflenet+797;2330;86900;3;1;{786};local
openfoam+798;2330;54300;0;1;{29};local
shufflenet+800;2330;64100;1;1;{445};local
openfoam+803;2330;17220;2;1;{324};local
shufflenet+808;2330;5070;3;1;{787};local
openfoam+809;2330;46310;0;1;{30};local
shufflenet+810;2330;43610;1;1;{446};local
openfoam+812;2330;167650;2;1;{325};local
shufflenet+813;2330;52500;3;1;{788};local
openfoam+814;2330;72110;0;1;{31};local
shufflenet+818;2330;78530;1;1;{447};local
openfoam+819;2330;3890;2;1;{326};local
shufflenet+822;2330;8240;3;1;{789};local
openfoam+824;2330;4590;0;1;{32};local
shufflenet+829;2330;160090;1;1;{448};local
openfoam+830;2330;28470;2;1;{327};local
shufflenet+834;2330;100090;3;1;{790};local
openfoam+835;2330;76420;0;1;{33};local
shufflenet+836;2330;54100;1;1;{449};local
openfoam+837;2330;38170;2;1;{328};local
shufflenet+838;2330;3560;3;1;{791};local
openfoam+839;2330;82590;0;1;{34};local
shufflenet+844;2330;42120;1;1;{450};local
openfoam+845;2330;34440;2;1;{329};local
shufflenet+847;2330;4390;3;1;{792};local
openfoam+850;2330;4740;0;1;{35};local
shufflenet+851;2330;148020;1;1;{451};local
openfoam+853;2330;5090;2;1;{330};local
shufflenet+856;2330;3510;3;1;{793};local
openfoam+857;2330;52150;0;1;{36};local
shufflenet+859;2330;82160;1;1;{452};local
openfoam+862;2330;4360;2;1;{331};local
shufflenet+869;2330;5370;3;1;{794};local
openfoam+873;2330;3560;0;1;{37};local
shufflenet+880;2330;3850;1;1;{453};local
openfoam+881;2330;5200;2;1;{332};local
shufflenet+882;2330;29760;3;1;{795};local
openfoam+884;2330;5090;0;1;{38};local
shufflenet+885;2330;83390;1;1;{454};local
openfoam+887;2330;5010;2;1;{333};local
shufflenet+889;2330;49800;3;1;{796};local
openfoam+891;2330;72100;0;1;{39};local
shufflenet+896;2330;24260;1;1;{455};local
openfoam+898;2330;32900;2;1;{334};local
shufflenet+899;2330;83700;3;1;{797};local
openfoam+902;2350;3280;1;1;{61};local
shufflenet+904;2350;37800;1;1;{62};local
openfoam+905;2350;148580;1;1;{63};local
shufflenet+907;2350;107500;1;1;{64};local
openfoam+908;2350;4090;1;1;{65};local
shufflenet+910;2350;26910;1;1;{66};local
openfoam+912;2350;3310;1;1;{67};local
shufflenet+913;2350;3480;1;1;{68};local
openfoam+914;2350;141670;1;1;{69};local
shufflenet+915;2350;60430;1;1;{70};local
openfoam+919;2350;4700;1;1;{71};local
shufflenet+920;2350;4360;1;1;{72};local
openfoam+927;2350;101650;1;1;{73};local
shufflenet+928;2350;171970;1;1;{74};local
openfoam+929;2350;30200;1;1;{75};local
shufflenet+931;2350;11680;1;1;{76};local
openfoam+932;2350;4600;1;1;{77};local
shufflenet+933;2350;4470;1;1;{78};local
openfoam+936;2350;12420;1;1;{79};local
shufflenet+938;2350;88870;1;1;{80};local
openfoam+942;2350;3330;1;1;{81};local
shufflenet+943;2350;58410;1;1;{82};local
openfoam+946;2350;88670;1;1;{83};local
shufflenet+948;2350;4340;1;1;{84};local
openfoam+949;2350;5890;1;1;{85};local
shufflenet+950;2350;118900;1;1;{86};local
openfoam+951;2350;65520;1;1;{87};local
shufflenet+952;2350;47350;1;1;{88};local
openfoam+954;2350;16280;1;1;{89};local
shufflenet+957;2350;95340;1;1;{90};local
openfoam+959;2350;3990;1;1;{91};local
shufflenet+960;2350;92590;1;1;{92};local
openfoam+961;2350;18770;1;1;{93};local
shufflenet+962;2350;59810;1;1;{94};local
openfoam+963;2350;13970;1;1;{95};local
shufflenet+965;2350;5390;1;1;{96};local
openfoam+969;2350;3510;1;1;{97};local
shufflenet+971;2410;86400;1;1;{456};local
openfoam+972;2410;59250;2;1;{335};local
shufflenet+975;2410;4460;1;1;{457};local
openfoam+976;2410;22610;2;1;{336};local
shufflenet+977;2410;17230;1;1;{458};local
openfoam+978;2410;36400;2;1;{337};local
shufflenet+980;2410;3280;1;1;{459};local
openfoam+981;2410;3740;2;1;{338};local
shufflenet+985;2410;75410;1;1;{460};local
openfoam+986;2410;69820;2;1;{339};local
shufflenet+987;2410;13520;1;1;{461};local
openfoam+989;2410;38030;2;1;{340};local
shufflenet+991;2410;67560;1;1;{462};local
openfoam+995;2410;74420;2;1;{341};local
shufflenet+996;2410;40700;1;1;{463};local
openfoam+997;2410;4890;2;1;{342};local
resnet+1410;2410;3700;1;2;{525, 526};local
shufflenet+2210;2410;2570;2;1;{343};local
openfoam+2453;2410;2440;2;1;{344};local
gromacs+2362;2460;2500;0;8;{40, 41, 42, 43, 44, 45, 46, 47};local
shufflenet+2456;2500;2520;2;1;{344};local
resnet+1036;2560;4030;1;42;{301, 302, 303, 304, 305, 306, 307, 308, 309, 310, 311, 312, 313, 314, 315, 316, 317, 318, 319, 320, 321, 322, 323, 324, 325, 326, 327, 328, 329, 330, 331, 332, 333, 334, 335, 336, 337, 338, 339, 340, 341, 342};local
gromacs+1101;2560;3790;1;21;{527, 528, 529, 530, 531, 532, 533, 534, 535, 536, 537, 538, 343, 344, 345, 346, 347, 348, 349, 350, 351};local
resnet+1183;2630;3280;2;8;{343, 344, 345, 346, 347, 348, 349, 350};local
gromacs+1131;2660;3490;1;13;{544, 545, 546, 547, 548, 549, 550, 551, 539, 540, 541, 542, 543};local
resnet+1134;2660;3350;1;13;{552, 553, 554, 555, 556, 557, 558, 559, 560, 561, 620, 621, 622};local
gromacs+1226;2660;3450;1;5;{623, 624, 625, 626, 627};local
resnet+1267;2660;3310;1;4;{628, 629, 630, 631};local
gromacs+1298;2660;3370;1;3;{632, 633, 634};local
resnet+1371;2660;3420;1;3;{635, 636, 637};local
gromacs+1436;2660;3450;1;2;{638, 639};local
resnet+1479;2660;3460;1;2;{640, 641};local
openfoam+1534;2660;3500;1;1;{642};local
shufflenet+1536;2660;3540;1;1;{643};local
openfoam+1556;2660;3450;0;1;{40};local
shufflenet+1562;2660;3510;1;1;{644};local
openfoam+1585;2660;3420;0;1;{41};local
shufflenet+1892;2660;3500;1;1;{645};local
gromacs+2071;2660;3220;0;2;{42, 43};local
resnet+2024;2690;3080;0;29;{44, 45, 46, 47, 48, 49, 50, 51, 52, 53, 54, 55, 56, 57, 58, 59, 60, 61, 62, 63, 64, 65, 66, 67, 68, 69, 70, 71, 72};local
gromacs+1001;2700;35700;1;518;{646, 647, 648, 649, 650, 651, 652, 653, 654, 655, 656, 657, 658, 659, 660, 661, 662, 663, 664, 665, 666, 667, 668, 669, 670, 671, 672, 673, 674, 675, 676, 677, 678, 679, 823, 824, 825, 826, 827, 828, 829, 830, 831, 832, 833, 834, 835, 836, 837, 838, 839, 840, 841, 842, 843, 844, 845, 846, 847, 848, 849, 850, 851, 852, 853, 854, 855, 856, 857, 858, 859, 860, 861, 862, 863, 864, 865, 866, 867, 868, 869, 870, 871, 872, 873, 874, 875, 876, 877, 878, 879, 880, 881, 882, 883, 884, 885, 886, 887, 888, 889, 890, 891, 892, 893, 894, 895, 896, 897, 1122, 1123, 1124, 1125, 1126, 1127, 1128, 1129, 1130, 1131, 1132, 1133, 1134, 1135, 1136, 1137, 1138, 1139, 1140, 1141, 1142, 1143, 1144, 1145, 1146, 1147, 1148, 1149, 1150, 1151, 1152, 1153, 1154, 1155, 1156, 1157, 1158, 1159, 1160, 1161, 1162, 1163, 1164, 1165, 1166, 1167, 1168, 1264, 1265, 1266, 1267, 1268, 1269, 1270, 1271, 1272, 1273, 1274, 1275, 1276, 1277, 1278, 1279, 1280, 1281, 1282, 1283, 1284, 1285, 1286, 1287, 1288, 1289, 1290, 1291, 1292, 1308, 1309, 1310, 1311, 1312, 1313, 1314, 1315, 1316, 1317, 1318, 1319, 1320, 1321, 1322, 1323, 1324, 1325, 1326, 1327, 1328, 1329, 1330, 1342, 1343, 1344, 1345, 1346, 1347, 1348, 1349, 1350, 1351, 1352, 1353, 1354, 1355, 1356, 1357, 1358, 1359, 1360, 1361, 1362, 1363, 1364, 1365, 1366, 1367, 1368, 1369, 1370, 1371, 1372, 1373, 1374, 1375, 1376, 1377, 1378, 1379, 1380, 1381, 1382, 1383, 1384, 1385, 1386, 1387, 1388, 1389, 1390, 1391, 1392, 1412, 1413, 1414, 1415, 1416, 1417, 1418, 1419, 1430, 1431, 1432, 1433, 1434, 1435, 1436, 1437, 1445, 1446, 1447, 1448, 1449, 1450, 1451, 1452, 1453, 1454, 1455, 1456, 1457, 1458, 1459, 1460, 1461, 1462, 1463, 1464, 1465, 1466, 1467, 1468, 1469, 1470, 1471, 1472, 1473, 1474, 1475, 1476, 1477, 1478, 1487, 1488, 1489, 1490, 1491, 1492, 1493, 1506, 1507, 1508, 1509, 1510, 1511, 1512, 1520, 1521, 1522, 1529, 1530, 1531, 1532, 1541, 1542, 1543, 1547, 1548, 1549, 1557, 1558, 1559, 1560, 1561, 1562, 1563, 1564, 1565, 1566, 1567, 1575, 1576, 1577, 1578, 1579, 1580, 1581, 1582, 1583, 1584, 1585, 1586, 1587, 1591, 1592, 1593, 1594, 1595, 1596, 1597, 1598, 1599, 1600, 1601, 1602, 1603, 1604, 1605, 1606, 1615, 1616, 1617, 1618, 1623, 1624, 1625, 1626, 1627, 1628, 1629, 1630, 1631, 1632, 1633, 1637, 1638, 1639, 1640, 1641, 1642, 1643, 1644, 1645, 1646, 1647, 1648, 1649, 1650, 1651, 1652, 1653, 1654, 1655, 1656, 1657, 1658, 1659, 1660, 1661, 1662, 1663, 1664, 1665, 1666, 1667, 1668, 1669, 1670, 1671, 1672, 1673, 1674, 1675, 1676, 1677, 1678, 1679, 1680, 1681, 1682, 1683, 1684, 1685, 1686, 1687, 1688, 1689, 1690, 1691, 1692, 1693, 1694, 1695, 1696, 1697, 1698, 1699, 1700, 1701, 1702, 1703, 1704, 1705, 1706, 1707, 1708, 1709, 1710, 1711, 1712, 1713, 1714, 1715, 1716, 1717, 1718, 1719, 1720, 1721, 1722, 1723, 1724, 1725, 1726, 1727, 1728, 1729, 1730, 1731, 1732, 1733, 1734, 1735, 1736, 1737, 1738, 1739, 1740, 1741, 1742, 1743, 1744, 1745, 1746, 1747, 1748, 1749, 1750, 1751, 1752, 1753, 1754, 1755, 1756, 1757, 1758, 1759, 1760, 1761, 1762, 1763};local
resnet+1019;2700;4290;2;163;{519, 520, 521, 522, 523, 524, 525, 526, 527, 528, 529, 530, 531, 532, 533, 534, 535, 536, 537, 538, 539, 540, 541, 542, 1129, 1141, 1142, 1143, 1144, 1195, 1196, 1197, 1198, 1199, 1200, 1201, 1202, 1203, 1204, 1205, 1206, 1207, 1208, 1209, 1210, 1211, 1212, 1213, 1214, 1215, 1216, 1217, 1218, 1219, 1220, 1221, 1222, 1223, 1224, 1225, 1226, 1227, 1228, 1229, 1230, 1231, 1232, 1233, 1234, 1235, 1236, 1237, 1238, 1239, 1240, 351, 352, 353, 354, 355, 356, 357, 358, 359, 360, 361, 362, 363, 364, 365, 366, 367, 368, 369, 370, 371, 403, 404, 405, 406, 407, 408, 409, 410, 411, 412, 413, 414, 415, 416, 417, 418, 419, 420, 421, 422, 423, 424, 425, 426, 427, 428, 429, 430, 431, 432, 433, 434, 435, 436, 437, 438, 439, 440, 441, 442, 443, 444, 445, 446, 447, 448, 449, 450, 451, 452, 453, 454, 455, 456, 457, 458, 459, 460, 461, 462, 463, 464, 465, 466, 467, 468, 469};local
gromacs+1999;2700;3240;3;993;{2048, 2049, 2050, 2051, 2052, 2053, 2054, 2055, 2056, 2057, 2058, 2059, 2060, 2061, 2062, 2063, 2064, 2065, 2066, 2067, 2068, 2069, 2070, 2071, 2072, 2073, 2074, 2075, 2076, 2077, 2078, 2079, 2080, 2081, 2082, 2083, 2084, 2085, 2086, 2087, 2088, 2089, 2090, 2091, 2092, 2093, 2094, 2095, 2096, 2097, 2098, 2099, 2100, 2101, 2102, 2103, 2104, 2105, 2106, 2107, 2108, 2109, 2110, 2111, 2112, 2113, 2114, 2115, 2116, 2117, 2118, 2119, 2120, 2121, 2122, 2123, 2124, 2125, 2126, 2127, 2128, 2129, 2130, 2131, 2132, 2133, 2134, 2135, 2136, 2137, 2138, 2139, 2140, 2141, 2142, 2143, 2144, 2145, 2146, 2147, 2148, 2149, 2150, 2151, 2152, 2153, 2154, 2155, 2156, 2157, 2158, 2159, 2160, 2161, 2162, 2163, 2164, 2165, 2166, 2167, 2168, 2169, 2170, 2171, 2172, 2173, 2174, 2175, 2176, 2177, 2178, 2179, 2180, 2181, 2182, 2183, 2184, 2185, 2186, 2187, 2188, 2189, 2190, 2191, 2192, 2193, 2194, 2195, 2196, 2197, 2198, 2199, 2200, 2201, 2202, 2203, 2204, 2205, 2206, 2207, 2208, 2209, 2210, 2211, 2212, 2213, 2214, 2215, 2216, 2217, 2218, 2219, 2220, 2221, 2222, 2223, 2224, 2225, 2226, 2227, 2228, 2229, 2230, 2231, 2232, 2233, 2234, 2235, 2236, 2237, 2238, 2239, 798, 799, 800, 801, 802, 803, 804, 805, 865, 866, 867, 868, 869, 870, 871, 872, 873, 874, 875, 876, 877, 878, 879, 880, 881, 882, 883, 884, 885, 886, 887, 888, 889, 890, 891, 892, 893, 894, 895, 896, 897, 898, 899, 900, 901, 918, 919, 920, 921, 922, 923, 924, 925, 926, 927, 928, 929, 930, 931, 932, 933, 934, 935, 936, 937, 938, 939, 940, 941, 942, 943, 1053, 1054, 1055, 1056, 1057, 1058, 1059, 1060, 1061, 1062, 1063, 1064, 1065, 1066, 1067, 1068, 1069, 1070, 1071, 1072, 1073, 1074, 1075, 1076, 1077, 1078, 1079, 1080, 1081, 1082, 1083, 1084, 1085, 1086, 1087, 1088, 1089, 1090, 1091, 1092, 1093, 1094, 1095, 1096, 1103, 1104, 1105, 1106, 1107, 1108, 1109, 1110, 1111, 1112, 1113, 1114, 1115, 1116, 1117, 1118, 1119, 1120, 1121, 1122, 1123, 1124, 1125, 1126, 1127, 1128, 1129, 1130, 1131, 1132, 1133, 1134, 1135, 1136, 1137, 1138, 1139, 1140, 1141, 1142, 1143, 1144, 1145, 1146, 1147, 1148, 1149, 1150, 1151, 1152, 1153, 1154, 1155, 1156, 1157, 1206, 1207, 1208, 1209, 1210, 1211, 1212, 1213, 1214, 1215, 1216, 1217, 1218, 1219, 1220, 1221, 1222, 1223, 1224, 1225, 1226, 1227, 1228, 1229, 1230, 1231, 1232, 1233, 1234, 1235, 1236, 1237, 1264, 1265, 1266, 1267, 1268, 1269, 1270, 1271, 1272, 1273, 1274, 1275, 1276, 1296, 1297, 1298, 1299, 1300, 1301, 1302, 1303, 1304, 1318, 1319, 1320, 1321, 1322, 1323, 1324, 1325, 1326, 1327, 1328, 1329, 1330, 1331, 1332, 1333, 1334, 1335, 1336, 1337, 1338, 1339, 1340, 1341, 1342, 1343, 1381, 1382, 1383, 1384, 1385, 1386, 1387, 1388, 1389, 1390, 1391, 1392, 1402, 1403, 1404, 1405, 1406, 1407, 1408, 1409, 1410, 1411, 1412, 1413, 1425, 1426, 1427, 1428, 1429, 1430, 1431, 1432, 1433, 1434, 1435, 1436, 1437, 1438, 1439, 1440, 1441, 1442, 1443, 1444, 1445, 1446, 1447, 1448, 1449, 1450, 1451, 1452, 1453, 1454, 1486, 1487, 1488, 1489, 1490, 1491, 1492, 1493, 1494, 1495, 1496, 1497, 1498, 1499, 1519, 1520, 1521, 1522, 1523, 1524, 1525, 1526, 1527, 1528, 1529, 1539, 1540, 1541, 1542, 1543, 1544, 1545, 1546, 1547, 1548, 1552, 1553, 1554, 1555, 1556, 1557, 1558, 1566, 1567, 1568, 1569, 1570, 1571, 1572, 1573, 1574, 1575, 1580, 1581, 1582, 1583, 1584, 1585, 1586, 1587, 1588, 1593, 1594, 1595, 1602, 1603, 1604, 1609, 1610, 1611, 1612, 1616, 1617, 1618, 1619, 1620, 1621, 1622, 1623, 1624, 1625, 1626, 1627, 1628, 1629, 1633, 1634, 1635, 1636, 1637, 1638, 1639, 1640, 1644, 1645, 1646, 1647, 1648, 1649, 1650, 1651, 1652, 1653, 1654, 1655, 1656, 1657, 1658, 1659, 1660, 1661, 1662, 1663, 1664, 1665, 1666, 1667, 1668, 1669, 1670, 1671, 1672, 1673, 1674, 1675, 1676, 1677, 1678, 1679, 1680, 1681, 1682, 1683, 1684, 1685, 1686, 1687, 1688, 1689, 1690, 1691, 1692, 1693, 1694, 1695, 1696, 1697, 1698, 1699, 1700, 1701, 1702, 1703, 1704, 1705, 1706, 1707, 1708, 1709, 1710, 1711, 1712, 1713, 1714, 1715, 1716, 1717, 1718, 1719, 1720, 1721, 1722, 1723, 1724, 1725, 1726, 1727, 1728, 1729, 1730, 1731, 1732, 1733, 1734, 1735, 1736, 1737, 1738, 1739, 1740, 1741, 1742, 1743, 1744, 1745, 1746, 1747, 1748, 1749, 1750, 1751, 1752, 1753, 1754, 1755, 1756, 1757, 1758, 1759, 1760, 1761, 1762, 1763, 1764, 1765, 1766, 1767, 1768, 1769, 1770, 1771, 1772, 1773, 1774, 1775, 1776, 1777, 1778, 1779, 1780, 1781, 1782, 1783, 1784, 1785, 1786, 1787, 1788, 1789, 1790, 1791, 1792, 1793, 1794, 1795, 1796, 1797, 1798, 1799, 1800, 1801, 1802, 1803, 1804, 1805, 1806, 1807, 1808, 1809, 1810, 1811, 1812, 1813, 1814, 1815, 1816, 1817, 1818, 1819, 1820, 1821, 1822, 1823, 1824, 1825, 1826, 1827, 1828, 1829, 1830, 1831, 1832, 1833, 1834, 1835, 1836, 1837, 1838, 1839, 1840, 1841, 1842, 1843, 1844, 1845, 1846, 1847, 1848, 1849, 1850, 1851, 1852, 1853, 1854, 1855, 1856, 1857, 1858, 1859, 1860, 1861, 1862, 1863, 1864, 1865, 1866, 1867, 1868, 1869, 1870, 1871, 1872, 1873, 1874, 1875, 1876, 1877, 1878, 1879, 1880, 1881, 1882, 1883, 1884, 1885, 1886, 1887, 1888, 1889, 1890, 1891, 1892, 1893, 1894, 1895, 1896, 1897, 1898, 1899, 1900, 1901, 1902, 1903, 1904, 1905, 1906, 1907, 1908, 1909, 1910, 1911, 1912, 1913, 1914, 1915, 1916, 1917, 1918, 1919, 1920, 1921, 1922, 1923, 1924, 1925, 1926, 1927, 1928, 1929, 1930, 1931, 1932, 1933, 1934, 1935, 1936, 1937, 1938, 1939, 1940, 1941, 1942, 1943, 1944, 1945, 1946, 1947, 1948, 1949, 1950, 1951, 1952, 1953, 1954, 1955, 1956, 1957, 1958, 1959, 1960, 1961, 1962, 1963, 1964, 1965, 1966, 1967, 1968, 1969, 1970, 1971, 1972, 1973, 1974, 1975, 1976, 1977, 1978, 1979, 1980, 1981, 1982, 1983, 1984, 1985, 1986, 1987, 1988, 1989, 1990, 1991, 1992, 1993, 1994, 1995, 1996, 1997, 1998, 1999, 2000, 2001, 2002, 2003, 2004, 2005, 2006, 2007, 2008, 2009, 2010, 2011, 2012, 2013, 2014, 2015, 2016, 2017, 2018, 2019, 2020, 2021, 2022, 2023, 2024, 2025, 2026, 2027, 2028, 2029, 2030, 2031, 2032, 2033, 2034, 2035, 2036, 2037, 2038, 2039, 2040, 2041, 2042, 2043, 2044, 2045, 2046, 2047};local
resnet+2000;2700;3280;0;577;{73, 74, 75, 76, 77, 78, 79, 80, 81, 82, 83, 84, 85, 86, 87, 88, 89, 90, 91, 92, 93, 94, 95, 96, 97, 98, 99, 100, 101, 102, 103, 104, 105, 106, 107, 108, 109, 110, 111, 112, 113, 114, 115, 116, 117, 118, 119, 120, 121, 122, 123, 124, 125, 126, 127, 128, 129, 130, 131, 132, 133, 134, 135, 136, 137, 138, 139, 140, 141, 142, 143, 144, 145, 146, 147, 148, 149, 150, 151, 152, 153, 154, 155, 156, 634, 635, 636, 637, 638, 639, 640, 641, 642, 643, 644, 645, 646, 647, 648, 649, 650, 651, 652, 653, 654, 655, 656, 657, 658, 659, 660, 661, 662, 663, 664, 665, 666, 667, 668, 669, 670, 671, 672, 673, 1116, 1117, 1118, 1119, 1120, 1121, 1122, 1123, 1165, 1166, 1167, 1168, 1169, 1170, 1171, 1172, 1173, 1174, 1175, 1176, 1177, 1178, 1179, 1180, 1181, 1182, 1183, 1184, 1195, 1196, 1247, 1248, 1249, 1250, 1251, 1252, 1253, 1254, 1255, 1256, 1257, 1258, 1259, 1260, 1261, 1262, 1263, 1264, 1265, 1266, 1267, 1283, 1284, 1285, 1286, 1287, 1288, 1289, 1290, 1291, 1292, 1293, 1294, 1304, 1305, 1306, 1307, 1308, 1309, 1310, 1311, 1312, 1313, 1314, 1315, 1316, 1317, 1318, 1319, 1359, 1360, 1361, 1362, 1363, 1364, 1365, 1366, 1367, 1368, 1369, 1370, 1371, 1372, 1373, 1374, 1375, 1376, 1377, 1378, 1379, 1380, 1381, 1382, 1383, 1384, 1385, 1386, 1387, 1388, 1389, 1406, 1407, 1408, 1409, 1410, 1411, 1412, 1413, 1414, 1415, 1416, 1417, 1418, 1419, 1420, 1426, 1427, 1428, 1429, 1430, 1444, 1445, 1446, 1447, 1448, 1449, 1456, 1457, 1458, 1459, 1460, 1474, 1475, 1476, 1477, 1478, 1479, 1480, 1481, 1482, 1483, 1484, 1485, 1486, 1487, 1488, 1489, 1490, 1491, 1492, 1493, 1494, 1495, 1496, 1497, 1498, 1499, 1500, 1501, 1502, 1503, 1504, 1505, 1506, 1507, 1508, 1509, 1510, 1511, 1512, 1513, 1514, 1515, 1516, 1517, 1518, 1519, 1520, 1521, 1522, 1523, 1524, 1525, 1529, 1530, 1531, 1532, 1533, 1534, 1535, 1536, 1540, 1541, 1542, 1547, 1548, 1549, 1553, 1554, 1555, 1560, 1561, 1562, 1563, 1567, 1568, 1569, 1570, 1571, 1572, 1573, 1574, 1575, 1576, 1577, 1578, 1579, 1580, 1581, 1585, 1586, 1587, 1588, 1589, 1590, 1591, 1592, 1593, 1594, 1595, 1596, 1597, 1598, 1599, 1611, 1612, 1613, 1614, 1615, 1616, 1624, 1625, 1626, 1627, 1628, 1629, 1630, 1631, 1632, 1633, 1645, 1646, 1647, 1648, 1649, 1650, 1651, 1652, 1653, 1654, 1655, 1656, 1657, 1658, 1659, 1660, 1661, 1662, 1663, 1664, 1665, 1666, 1667, 1668, 1669, 1670, 1671, 1672, 1673, 1674, 1675, 1676, 1677, 1678, 1679, 1680, 1681, 1682, 1683, 1684, 1685, 1686, 1687, 1688, 1689, 1690, 1691, 1692, 1693, 1694, 1695, 1696, 1697, 1698, 1699, 1700, 1701, 1702, 1703, 1704, 1705, 1706, 1707, 1708, 1709, 1710, 1711, 1712, 1713, 1714, 1715, 1716, 1717, 1718, 1719, 1720, 1721, 1722, 1723, 1724, 1725, 1726, 1727, 1728, 1729, 1730, 1731, 1732, 1733, 1734, 1735, 1736, 1737, 1738, 1739, 1740, 1741, 1742, 1743, 1744, 1745, 1746, 1747, 1748, 1749, 1750, 1751, 1752, 1753, 1754, 1755, 1756, 1757, 1758, 1759, 1760, 1761, 1762, 1763, 1764, 1765, 1766, 1767, 1768, 1769, 1770, 1771, 1772, 1773, 1774, 1775, 1776, 1777, 1778, 1779, 1780, 1781, 1782, 1783, 1784, 1785, 1786, 1787, 1788, 1789, 1790, 1791, 1792, 1793, 1794, 1795, 1796, 1797, 1798, 1799, 1800, 1801, 1802, 1803, 1804, 1805, 1806, 1807, 1808, 1809, 1810, 1811, 1812, 1813, 1814, 1815, 1816, 1817, 1818, 1819, 1820, 1821, 1822, 1823, 1824, 1825, 1826, 1827, 1828, 1829, 1830, 1831, 1832, 1833, 1834, 1835, 1836, 1837};local
gromacs+2003;2700;3270;2;438;{1241, 1242, 1243, 1244, 1245, 1246, 1247, 1248, 1249, 1250, 1251, 1252, 1253, 1254, 1255, 1256, 1257, 1258, 1259, 1260, 1261, 1262, 1263, 1278, 1279, 1280, 1281, 1282, 1283, 1284, 1285, 1286, 1287, 1302, 1303, 1304, 1305, 1306, 1307, 1308, 1309, 1310, 1311, 1312, 1313, 1346, 1347, 1348, 1349, 1350, 1351, 1352, 1353, 1354, 1355, 1356, 1357, 1358, 1387, 1388, 1389, 1390, 1391, 1392, 1393, 1394, 1395, 1396, 1397, 1398, 1399, 1400, 1401, 1402, 1403, 1404, 1405, 1406, 1407, 1408, 1409, 1410, 1411, 1412, 1413, 1420, 1421, 1422, 1423, 1424, 1425, 1426, 1427, 1428, 1429, 1430, 1431, 1432, 1433, 1434, 1435, 1436, 1437, 1438, 1439, 1440, 1441, 1442, 1443, 1444, 1445, 1446, 1447, 1448, 1449, 1450, 1451, 1452, 1453, 1454, 1455, 1456, 1457, 1458, 1459, 1460, 1461, 1462, 1463, 1464, 1465, 1466, 1467, 1468, 1469, 1470, 1471, 1472, 1473, 1474, 1475, 1476, 1477, 1478, 1479, 1480, 1501, 1502, 1503, 1504, 1505, 1506, 1507, 1508, 1509, 1510, 1511, 1518, 1519, 1520, 1521, 1522, 1523, 1524, 1528, 1529, 1530, 1531, 1536, 1537, 1538, 1542, 1543, 1544, 1548, 1549, 1550, 1551, 1552, 1553, 1557, 1558, 1559, 1560, 1561, 1562, 1563, 1564, 1565, 1566, 1574, 1575, 1576, 1577, 1586, 1587, 1588, 1589, 1590, 1591, 1592, 1593, 1594, 1595, 1596, 1597, 1601, 1602, 1603, 1604, 1605, 1606, 1607, 1612, 1613, 1614, 1615, 1616, 1617, 1618, 1619, 1620, 1621, 1622, 1623, 1624, 1628, 1629, 1630, 1635, 1636, 1637, 1641, 1642, 1643, 1644, 1645, 1646, 1647, 1648, 1649, 1650, 1651, 1652, 1653, 1654, 1655, 1656, 1657, 1658, 1659, 1660, 1661, 1662, 1663, 1664, 1665, 1666, 1667, 1668, 1669, 1670, 1671, 1672, 1673, 1674, 1675, 1676, 1677, 1678, 1679, 1680, 1681, 1682, 1683, 1684, 1685, 1686, 1687, 1688, 1689, 1690, 1691, 1692, 1693, 1694, 1695, 1696, 1697, 1698, 1699, 1700, 1701, 1702, 1703, 1704, 1705, 1706, 1707, 1708, 1709, 1710, 1711, 1712, 1713, 1714, 1715, 1716, 1717, 1718, 1719, 1720, 1721, 1722, 1723, 1724, 1725, 1726, 1727, 1728, 1729, 1730, 1731, 1732, 1733, 1734, 1735, 1736, 1737, 1738, 1739, 1740, 1741, 1742, 1743, 1744, 1745, 1746, 1747, 1748, 1749, 1750, 1751, 1752, 1753, 1754, 1755, 1756, 1757, 1758, 1759, 1760, 1761, 1762, 1763, 1764, 1765, 1766, 1767, 1768, 1769, 1770, 1771, 1772, 1773, 1774, 1775, 1776, 1777, 1778, 1779, 1780, 1781, 1782, 1783, 1784, 1785, 1786, 1787, 1788, 1789, 1790, 1791, 1792, 1793, 1794, 1795, 1796, 1797, 1798, 1799, 1800, 1801, 1802, 1803, 1804, 1805, 1806, 1807, 1808, 1809, 1810, 1811, 1812, 1813, 1814, 1815, 1816, 1817, 1818, 1819, 1820, 1821, 1822, 1823, 1824, 1825, 1826, 1827, 1828, 1829, 1830, 1831, 1832, 1833, 1834, 1835, 1836, 1837, 1838, 1839, 1840, 1841, 1842, 1843, 1844, 1845, 1846};local
resnet+2018;2700;3250;1;154;{1764, 1765, 1766, 1767, 1768, 1769, 1770, 1771, 1772, 1773, 1774, 1775, 1776, 1777, 1778, 1779, 1780, 1781, 1782, 1783, 1784, 1785, 1786, 1787, 1788, 1789, 1790, 1791, 1792, 1793, 1794, 1795, 1796, 1797, 1798, 1799, 1800, 1801, 1802, 1803, 1804, 1805, 1806, 1807, 1808, 1809, 1810, 1811, 1812, 1813, 1814, 1815, 1816, 1817, 1818, 1819, 1820, 1821, 1822, 1823, 1824, 1825, 1826, 1827, 1828, 1829, 1830, 1831, 1832, 1833, 1834, 1835, 1836, 1837, 1838, 1839, 1840, 1841, 1842, 1843, 1844, 1845, 1846, 1847, 1848, 1849, 1850, 1851, 1852, 1853, 1854, 1855, 1856, 1857, 1858, 1859, 1860, 1861, 1862, 1863, 1864, 1865, 1866, 1867, 1868, 1869, 1870, 1871, 1872, 1873, 1874, 1875, 1876, 1877, 1878, 1879, 1880, 1881, 1882, 1883, 1884, 1885, 1886, 1887, 1888, 1889, 1890, 1891, 1892, 1893, 1894, 1895, 1896, 1897, 1898, 1899, 1900, 1901, 1902, 1903, 1904, 1905, 1906, 1907, 1908, 1909, 1910, 1911, 1912, 1913, 1914, 1915, 1916, 1917};local
gromacs+2020;2700;3210;0;133;{1838, 1839, 1840, 1841, 1842, 1843, 1844, 1845, 1846, 1847, 1848, 1849, 1850, 1851, 1852, 1853, 1854, 1855, 1856, 1857, 1858, 1859, 1860, 1861, 1862, 1863, 1864, 1865, 1866, 1867, 1868, 1869, 1870, 1871, 1872, 1873, 1874, 1875, 1876, 1877, 1878, 1879, 1880, 1881, 1882, 1883, 1884, 1885, 1886, 1887, 1888, 1889, 1890, 1891, 1892, 1893, 1894, 1895, 1896, 1897, 1898, 1899, 1900, 1901, 1902, 1903, 1904, 1905, 1906, 1907, 1908, 1909, 1910, 1911, 1912, 1913, 1914, 1915, 1916, 1917, 1918, 1919, 1920, 1921, 1922, 1923, 1924, 1925, 1926, 1927, 1928, 1929, 1930, 1931, 1932, 1933, 1934, 1935, 1936, 1937, 1938, 1939, 1940, 1941, 1942, 1943, 1944, 1945, 1946, 1947, 1948, 1949, 1950, 1951, 1952, 1953, 1954, 1955, 1956, 1957, 1958, 1959, 1960, 1961, 1962, 1963, 1964, 1965, 1966, 1967, 1968, 1969, 1970};local
resnet+2030;2700;3030;2;28;{1847, 1848, 1849, 1850, 1851, 1852, 1853, 1854, 1855, 1856, 1857, 1858, 1859, 1860, 1861, 1862, 1863, 1864, 1865, 1866, 1867, 1868, 1869, 1870, 1871, 1872, 1873, 1874};local
gromacs+2031;2700;3200;2;27;{1875, 1876, 1877, 1878, 1879, 1880, 1881, 1882, 1883, 1884, 1885, 1886, 1887, 1888, 1889, 1890, 1891, 1892, 1893, 1894, 1895, 1896, 1897, 1898, 1899, 1900, 1901};local
resnet+2034;2700;3120;2;20;{1920, 1921, 1902, 1903, 1904, 1905, 1906, 1907, 1908, 1909, 1910, 1911, 1912, 1913, 1914, 1915, 1916, 1917, 1918, 1919};local
gromacs+2036;2700;3280;1;31;{1920, 1921, 1922, 1923, 1924, 1925, 1926, 1927, 1928, 1929, 1930, 1931, 1932, 1933, 1934, 1935, 1936, 1937, 1938, 1939, 1940, 1941, 1942, 1943, 1944, 1945, 1946, 1947, 1948, 1918, 1919};local
resnet+2037;2700;3140;2;30;{1922, 1923, 1924, 1925, 1926, 1927, 1928, 1929, 1930, 1931, 1932, 1933, 1934, 1935, 1936, 1937, 1938, 1939, 1940, 1941, 1942, 1943, 1944, 1945, 1946, 1947, 1948, 1949, 1950, 1951};local
gromacs+2038;2700;3240;1;23;{1949, 1950, 1951, 1952, 1953, 1954, 1955, 1956, 1957, 1958, 1959, 1960, 1961, 1962, 1963, 1964, 1965, 1966, 1967, 1968, 1969, 1970, 1971};local
resnet+2040;2700;3040;2;12;{1952, 1953, 1954, 1955, 1956, 1957, 1958, 1959, 1960, 1961, 1962, 1963};local
gromacs+2043;2700;3030;2;16;{1964, 1965, 1966, 1967, 1968, 1969, 1970, 1971, 1972, 1973, 1974, 1975, 1976, 1977, 1978, 1979};local
resnet+2046;2700;3530;0;15;{1984, 1985, 1971, 1972, 1973, 1974, 1975, 1976, 1977, 1978, 1979, 1980, 1981, 1982, 1983};local
gromacs+2048;2700;3270;1;10;{1972, 1973, 1974, 1975, 1976, 1977, 1978, 1979, 1980, 1981};local
resnet+2049;2700;3340;2;15;{1984, 1985, 1986, 1987, 1988, 1989, 1990, 1991, 1992, 1993, 1994, 1980, 1981, 1982, 1983};local
gromacs+2051;2700;3460;1;10;{1984, 1985, 1986, 1987, 1988, 1989, 1990, 1991, 1982, 1983};local
resnet+2058;2700;3140;0;5;{1986, 1987, 1988, 1989, 1990};local
gromacs+2059;2700;3190;0;6;{1991, 1992, 1993, 1994, 1995, 1996};local
resnet+2067;2700;3020;1;4;{1992, 1993, 1994, 1995};local
gromacs+2074;2700;3380;2;2;{1995, 1996};local
resnet+2081;2700;3290;1;304;{2048, 2049, 2050, 2051, 2052, 2053, 2054, 2055, 2056, 2057, 2058, 2059, 2060, 2061, 2062, 2063, 2064, 2065, 2066, 2067, 2068, 2069, 2070, 2071, 2072, 2073, 2074, 2075, 2076, 2077, 2078, 2079, 2080, 2081, 2082, 2083, 2084, 2085, 2086, 2087, 2088, 2089, 2090, 2091, 2092, 2093, 2094, 2095, 2096, 2097, 2098, 2099, 2100, 2101, 2102, 2103, 2104, 2105, 2106, 2107, 2108, 2109, 2110, 2111, 2112, 2113, 2114, 2115, 2116, 2117, 2118, 2119, 2120, 2121, 2122, 2123, 2124, 2125, 2126, 2127, 2128, 2129, 2130, 2131, 2132, 2133, 2134, 2135, 2136, 2137, 2138, 2139, 2140, 2141, 2142, 2143, 2144, 2145, 2146, 2147, 2148, 2149, 2150, 2151, 2152, 2153, 2154, 2155, 2156, 2157, 2158, 2159, 2160, 2161, 2162, 2163, 2164, 2165, 2166, 2167, 2168, 2169, 2170, 2171, 2172, 2173, 2174, 2175, 2176, 2177, 2178, 2179, 2180, 2181, 2182, 2183, 2184, 2185, 2186, 2187, 2188, 2189, 2190, 2191, 2192, 2193, 2194, 2195, 2196, 2197, 2198, 2199, 2200, 2201, 2202, 2203, 2204, 2205, 2206, 2207, 2208, 2209, 2210, 2211, 2212, 2213, 2214, 2215, 2216, 2217, 2218, 2219, 2220, 2221, 2222, 2223, 2224, 2225, 2226, 2227, 2228, 2229, 2230, 2231, 2232, 2233, 2234, 2235, 2236, 2237, 2238, 2239, 2240, 2241, 2242, 2243, 2244, 2245, 2246, 2247, 2248, 2249, 2250, 2251, 2252, 2253, 2254, 2255, 2256, 2257, 2258, 2259, 2260, 2261, 2262, 2263, 2264, 2265, 2266, 2267, 2268, 2269, 2270, 2271, 2272, 2273, 2274, 2275, 2276, 2277, 2278, 2279, 2280, 2281, 2282, 2283, 2284, 2285, 2286, 2287, 2288, 2289, 2290, 2291, 2292, 2293, 2294, 2295, 2296, 2297, 2298, 2299, 1996, 1997, 1998, 1999, 2000, 2001, 2002, 2003, 2004, 2005, 2006, 2007, 2008, 2009, 2010, 2011, 2012, 2013, 2014, 2015, 2016, 2017, 2018, 2019, 2020, 2021, 2022, 2023, 2024, 2025, 2026, 2027, 2028, 2029, 2030, 2031, 2032, 2033, 2034, 2035, 2036, 2037, 2038, 2039, 2040, 2041, 2042, 2043, 2044, 2045, 2046, 2047};local
gromacs+2082;2700;3020;0;373;{2048, 2049, 2050, 2051, 2052, 2053, 2054, 2055, 2056, 2057, 2058, 2059, 2060, 2061, 2062, 2063, 2064, 2065, 2066, 2067, 2068, 2069, 2070, 2071, 2072, 2073, 2074, 2075, 2076, 2077, 2078, 2079, 2080, 2081, 2082, 2083, 2084, 2085, 2086, 2087, 2088, 2089, 2090, 2091, 2092, 2093, 2094, 2095, 2096, 2097, 2098, 2099, 2100, 2101, 2102, 2103, 2104, 2105, 2106, 2107, 2108, 2109, 2110, 2111, 2112, 2113, 2114, 2115, 2116, 2117, 2118, 2119, 2120, 2121, 2122, 2123, 2124, 2125, 2126, 2127, 2128, 2129, 2130, 2131, 2132, 2133, 2134, 2135, 2136, 2137, 2138, 2139, 2140, 2141, 2142, 2143, 2144, 2145, 2146, 2147, 2148, 2149, 2150, 2151, 2152, 2153, 2154, 2155, 2156, 2157, 2158, 2159, 2160, 2161, 2162, 2163, 2164, 2165, 2166, 2167, 2168, 2169, 2170, 2171, 2172, 2173, 2174, 2175, 2176, 2177, 2178, 2179, 2180, 2181, 2182, 2183, 2184, 2185, 2186, 2187, 2188, 2189, 2190, 2191, 2192, 2193, 2194, 2195, 2196, 2197, 2198, 2199, 2200, 2201, 2202, 2203, 2204, 2205, 2206, 2207, 2208, 2209, 2210, 2211, 2212, 2213, 2214, 2215, 2216, 2217, 2218, 2219, 2220, 2221, 2222, 2223, 2224, 2225, 2226, 2227, 2228, 2229, 2230, 2231, 2232, 2233, 2234, 2235, 2236, 2237, 2238, 2239, 2240, 2241, 2242, 2243, 2244, 2245, 2246, 2247, 2248, 2249, 2250, 2251, 2252, 2253, 2254, 2255, 2256, 2257, 2258, 2259, 2260, 2261, 2262, 2263, 2264, 2265, 2266, 2267, 2268, 2269, 2270, 2271, 2272, 2273, 2274, 2275, 2276, 2277, 2278, 2279, 2280, 2281, 2282, 2283, 2284, 2285, 2286, 2287, 2288, 2289, 2290, 2291, 2292, 2293, 2294, 2295, 2296, 2297, 2298, 2299, 2300, 2301, 2302, 2303, 2304, 2305, 2306, 2307, 2308, 2309, 2310, 2311, 2312, 2313, 2314, 2315, 2316, 2317, 2318, 2319, 2320, 2321, 2322, 2323, 2324, 2325, 2326, 2327, 2328, 2329, 2330, 2331, 2332, 2333, 2334, 2335, 2336, 2337, 2338, 2339, 2340, 2341, 2342, 2343, 2344, 2345, 2346, 2347, 2348, 2349, 2350, 2351, 2352, 2353, 2354, 2355, 2356, 2357, 2358, 2359, 2360, 2361, 2362, 2363, 2364, 2365, 2366, 2367, 2368, 2369, 1997, 1998, 1999, 2000, 2001, 2002, 2003, 2004, 2005, 2006, 2007, 2008, 2009, 2010, 2011, 2012, 2013, 2014, 2015, 2016, 2017, 2018, 2019, 2020, 2021, 2022, 2023, 2024, 2025, 2026, 2027, 2028, 2029, 2030, 2031, 2032, 2033, 2034, 2035, 2036, 2037, 2038, 2039, 2040, 2041, 2042, 2043, 2044, 2045, 2046, 2047};local
resnet+2083;2700;3190;2;210;{2048, 2049, 2050, 2051, 2052, 2053, 2054, 2055, 2056, 2057, 2058, 2059, 2060, 2061, 2062, 2063, 2064, 2065, 2066, 2067, 2068, 2069, 2070, 2071, 2072, 2073, 2074, 2075, 2076, 2077, 2078, 2079, 2080, 2081, 2082, 2083, 2084, 2085, 2086, 2087, 2088, 2089, 2090, 2091, 2092, 2093, 2094, 2095, 2096, 2097, 2098, 2099, 2100, 2101, 2102, 2103, 2104, 2105, 2106, 2107, 2108, 2109, 2110, 2111, 2112, 2113, 2114, 2115, 2116, 2117, 2118, 2119, 2120, 2121, 2122, 2123, 2124, 2125, 2126, 2127, 2128, 2129, 2130, 2131, 2132, 2133, 2134, 2135, 2136, 2137, 2138, 2139, 2140, 2141, 2142, 2143, 2144, 2145, 2146, 2147, 2148, 2149, 2150, 2151, 2152, 2153, 2154, 2155, 2156, 2157, 2158, 2159, 2160, 2161, 2162, 2163, 2164, 2165, 2166, 2167, 2168, 2169, 2170, 2171, 2172, 2173, 2174, 2175, 2176, 2177, 2178, 2179, 2180, 2181, 2182, 2183, 2184, 2185, 2186, 2187, 2188, 2189, 2190, 2191, 2192, 2193, 2194, 2195, 2196, 2197, 2198, 2199, 2200, 2201, 2202, 2203, 2204, 2205, 2206, 1997, 1998, 1999, 2000, 2001, 2002, 2003, 2004, 2005, 2006, 2007, 2008, 2009, 2010, 2011, 2012, 2013, 2014, 2015, 2016, 2017, 2018, 2019, 2020, 2021, 2022, 2023, 2024, 2025, 2026, 2027, 2028, 2029, 2030, 2031, 2032, 2033, 2034, 2035, 2036, 2037, 2038, 2039, 2040, 2041, 2042, 2043, 2044, 2045, 2046, 2047};local
gromacs+2085;2700;3250;2;204;{2207, 2208, 2209, 2210, 2211, 2212, 2213, 2214, 2215, 2216, 2217, 2218, 2219, 2220, 2221, 2222, 2223, 2224, 2225, 2226, 2227, 2228, 2229, 2230, 2231, 2232, 2233, 2234, 2235, 2236, 2237, 2238, 2239, 2240, 2241, 2242, 2243, 2244, 2245, 2246, 2247, 2248, 2249, 2250, 2251, 2252, 2253, 2254, 2255, 2256, 2257, 2258, 2259, 2260, 2261, 2262, 2263, 2264, 2265, 2266, 2267, 2268, 2269, 2270, 2271, 2272, 2273, 2274, 2275, 2276, 2277, 2278, 2279, 2280, 2281, 2282, 2283, 2284, 2285, 2286, 2287, 2288, 2289, 2290, 2291, 2292, 2293, 2294, 2295, 2296, 2297, 2298, 2299, 2300, 2301, 2302, 2303, 2304, 2305, 2306, 2307, 2308, 2309, 2310, 2311, 2312, 2313, 2314, 2315, 2316, 2317, 2318, 2319, 2320, 2321, 2322, 2323, 2324, 2325, 2326, 2327, 2328, 2329, 2330, 2331, 2332, 2333, 2334, 2335, 2336, 2337, 2338, 2339, 2340, 2341, 2342, 2343, 2344, 2345, 2346, 2347, 2348, 2349, 2350, 2351, 2352, 2353, 2354, 2355, 2356, 2357, 2358, 2359, 2360, 2361, 2362, 2363, 2364, 2365, 2366, 2367, 2368, 2369, 2370, 2371, 2372, 2373, 2374, 2375, 2376, 2377, 2378, 2379, 2380, 2381, 2382, 2383, 2384, 2385, 2386, 2387, 2388, 2389, 2390, 2391, 2392, 2393, 2394, 2395, 2396, 2397, 2398, 2399, 2400, 2401, 2402, 2403, 2404, 2405, 2406, 2407, 2408, 2409, 2410};local
resnet+2086;2700;2920;3;234;{2240, 2241, 2242, 2243, 2244, 2245, 2246, 2247, 2248, 2249, 2250, 2251, 2252, 2253, 2254, 2255, 2256, 2257, 2258, 2259, 2260, 2261, 2262, 2263, 2264, 2265, 2266, 2267, 2268, 2269, 2270, 2271, 2272, 2273, 2274, 2275, 2276, 2277, 2278, 2279, 2280, 2281, 2282, 2283, 2284, 2285, 2286, 2287, 2288, 2289, 2290, 2291, 2292, 2293, 2294, 2295, 2296, 2297, 2298, 2299, 2300, 2301, 2302, 2303, 2304, 2305, 2306, 2307, 2308, 2309, 2310, 2311, 2312, 2313, 2314, 2315, 2316, 2317, 2318, 2319, 2320, 2321, 2322, 2323, 2324, 2325, 2326, 2327, 2328, 2329, 2330, 2331, 2332, 2333, 2334, 2335, 2336, 2337, 2338, 2339, 2340, 2341, 2342, 2343, 2344, 2345, 2346, 2347, 2348, 2349, 2350, 2351, 2352, 2353, 2354, 2355, 2356, 2357, 2358, 2359, 2360, 2361, 2362, 2363, 2364, 2365, 2366, 2367, 2368, 2369, 2370, 2371, 2372, 2373, 2374, 2375, 2376, 2377, 2378, 2379, 2380, 2381, 2382, 2383, 2384, 2385, 2386, 2387, 2388, 2389, 2390, 2391, 2392, 2393, 2394, 2395, 2396, 2397, 2398, 2399, 2400, 2401, 2402, 2403, 2404, 2405, 2406, 2407, 2408, 2409, 2410, 2411, 2412, 2413, 2414, 2415, 2416, 2417, 2418, 2419, 2420, 2421, 2422, 2423, 2424, 2425, 2426, 2427, 2428, 2429, 2430, 2431, 2432, 2433, 2434, 2435, 2436, 2437, 2438, 2439, 2440, 2441, 2442, 2443, 2444, 2445, 2446, 2447, 2448, 2449, 2450, 2451, 2452, 2453, 2454, 2455, 2456, 2457, 2458, 2459, 2460, 2461, 2462, 2463, 2464, 2465, 2466, 2467, 2468, 2469, 2470, 2471, 2472, 2473};local
gromacs+2088;2700;2990;1;165;{2300, 2301, 2302, 2303, 2304, 2305, 2306, 2307, 2308, 2309, 2310, 2311, 2312, 2313, 2314, 2315, 2316, 2317, 2318, 2319, 2320, 2321, 2322, 2323, 2324, 2325, 2326, 2327, 2328, 2329, 2330, 2331, 2332, 2333, 2334, 2335, 2336, 2337, 2338, 2339, 2340, 2341, 2342, 2343, 2344, 2345, 2346, 2347, 2348, 2349, 2350, 2351, 2352, 2353, 2354, 2355, 2356, 2357, 2358, 2359, 2360, 2361, 2362, 2363, 2364, 2365, 2366, 2367, 2368, 2369, 2370, 2371, 2372, 2373, 2374, 2375, 2376, 2377, 2378, 2379, 2380, 2381, 2382, 2383, 2384, 2385, 2386, 2387, 2388, 2389, 2390, 2391, 2392, 2393, 2394, 2395, 2396, 2397, 2398, 2399, 2400, 2401, 2402, 2403, 2404, 2405, 2406, 2407, 2408, 2409, 2410, 2411, 2412, 2413, 2414, 2415, 2416, 2417, 2418, 2419, 2420, 2421, 2422, 2423, 2424, 2425, 2426, 2427, 2428, 2429, 2430, 2431, 2432, 2433, 2434, 2435, 2436, 2437, 2438, 2439, 2440, 2441, 2442, 2443, 2444, 2445, 2446, 2447, 2448, 2449, 2450, 2451, 2452, 2453, 2454, 2455, 2456, 2457, 2458, 2459, 2460, 2461, 2462, 2463, 2464};local
resnet+2090;2700;2900;0;211;{2370, 2371, 2372, 2373, 2374, 2375, 2376, 2377, 2378, 2379, 2380, 2381, 2382, 2383, 2384, 2385, 2386, 2387, 2388, 2389, 2390, 2391, 2392, 2393, 2394, 2395, 2396, 2397, 2398, 2399, 2400, 2401, 2402, 2403, 2404, 2405, 2406, 2407, 2408, 2409, 2410, 2411, 2412, 2413, 2414, 2415, 2416, 2417, 2418, 2419, 2420, 2421, 2422, 2423, 2424, 2425, 2426, 2427, 2428, 2429, 2430, 2431, 2432, 2433, 2434, 2435, 2436, 2437, 2438, 2439, 2440, 2441, 2442, 2443, 2444, 2445, 2446, 2447, 2448, 2449, 2450, 2451, 2452, 2453, 2454, 2455, 2456, 2457, 2458, 2459, 2460, 2461, 2462, 2463, 2464, 2465, 2466, 2467, 2468, 2469, 2470, 2471, 2472, 2473, 2474, 2475, 2476, 2477, 2478, 2479, 2480, 2481, 2482, 2483, 2484, 2485, 2486, 2487, 2488, 2489, 2490, 2491, 2492, 2493, 2494, 2495, 2496, 2497, 2498, 2499};global
resnet+2090;2700;2900;2;211;{2411, 2412, 2413, 2414, 2415, 2416, 2417, 2418, 2419, 2420, 2421, 2422, 2423, 2424, 2425, 2426, 2427, 2428, 2429, 2430, 2431, 2432, 2433, 2434, 2435, 2436, 2437, 2438, 2439, 2440, 2441, 2442, 2443, 2444, 2445, 2446, 2447, 2448, 2449, 2450, 2451, 2452, 2453, 2454, 2455, 2456, 2457, 2458, 2459, 2460, 2461, 2462, 2463, 2464, 2465, 2466, 2467, 2468, 2469, 2470, 2471, 2472, 2473, 2474, 2475, 2476, 2477, 2478, 2479, 2480, 2481, 2482, 2483, 2484, 2485, 2486, 2487, 2488, 2489, 2490, 2491};global
gromacs+2121;2700;2910;1;12;{2465, 2466, 2467, 2468, 2469, 2470, 2471, 2472, 2473, 2474, 2475, 2476};local
openfoam+2187;2700;2900;3;1;{2474};local
resnet+2356;2700;2750;3;9;{2475, 2476, 2477, 2478, 2479, 2480, 2481, 2482, 2483};local
gromacs+2368;2700;2750;1;5;{2477, 2478, 2479, 2480, 2481};local
resnet+2373;2700;2740;1;3;{2482, 2483, 2484};local
gromacs+2377;2700;2760;3;4;{2484, 2485, 2486, 2487};local
resnet+2381;2700;2740;1;2;{2485, 2486};local
gromacs+2409;2700;2760;1;18;{2496, 2497, 2498, 2499, 2487, 2488, 2489, 2490, 2491, 2492, 2493, 2494, 2495};global
gromacs+2409;2700;2760;3;18;{2488, 2489, 2490, 2491, 2492};global
resnet+2413;2700;2730;2;9;{2496, 2497, 2498, 2499, 2492, 2493, 2494, 2495};global
resnet+2413;2700;2730;3;9;{2493};global
gromacs+2432;2700;2760;3;3;{2496, 2494, 2495};local
resnet+2419;2710;2760;3;8;{2497, 2498, 2499, 1414, 1415, 1416, 1417, 1418};local
gromacs+2431;2730;2760;1;4;{362, 363, 364, 365};local
resnet+2433;2730;2750;1;4;{368, 369, 366, 367};local
gromacs+2437;2730;2760;1;2;{370, 371};local
resnet+2445;2730;2760;1;2;{372, 373};local
shufflenet+2457;2730;2750;1;1;{374};local
gromacs+2479;2730;2740;1;24;{384, 385, 386, 387, 388, 389, 390, 391, 392, 393, 394, 395, 396, 397, 398, 375, 376, 377, 378, 379, 380, 381, 382, 383};local
resnet+2490;2730;2750;1;4;{400, 401, 402, 399};local
gromacs+2093;2830;3150;1;130;{384, 385, 386, 387, 388, 389, 390, 391, 392, 393, 394, 395, 396, 397, 398, 399, 400, 401, 402, 2477, 2478, 2479, 2480, 2481, 2482, 2483, 2484, 2485, 2486, 2487, 2488, 2489, 2490, 2491, 2492, 2493, 2494, 2495, 2496, 2497, 2498, 2499, 362, 363, 364, 365, 366, 367, 368, 369, 370, 371, 372, 373, 374, 375, 376, 377, 378, 379, 380, 381, 382, 383};global
gromacs+2093;2830;3150;3;130;{1414, 1415, 1416, 1417, 1418, 2478, 2495, 2475, 806, 807, 808, 809, 810, 811, 812, 813, 814, 815, 816, 817, 818, 819, 820, 821, 822, 823, 824, 825, 826, 827, 828, 829, 830, 831, 832, 833, 2479, 2480, 2481, 2492, 2493, 2494, 2482, 2496, 2497, 2498, 2499, 2483, 2484, 2476, 2485, 2486, 2487, 2488, 2489, 2477, 2490, 2491};global
gromacs+2093;2830;3150;2;130;{2496, 2497, 2498, 2499, 2492, 2493, 2494, 2495};global
resnet+2427;2890;2940;1;4;{1513, 1514, 1515, 1516};local
gromacs+2436;2910;2970;1;3;{1523, 1524, 1525};local
resnet+2094;2960;3380;0;220;{2370, 2371, 2372, 2373, 2374, 2375, 2376, 2377, 2378, 2379, 2380, 2381, 2382, 2383, 2384, 2385, 2386, 2387, 2388, 2389, 2390, 2391, 2392, 2393, 2394, 2395, 2396, 2397, 2398, 2399, 2400, 2401, 2402, 2403, 2404, 2405, 2406, 2407, 2408, 2409, 2410, 2411, 2412, 2413, 2414, 2415, 2416, 2417, 2418, 2419, 2420, 2421, 2422, 2423, 2424, 2425, 2426, 2427, 2428, 2429, 2430, 2431, 2432, 2433, 2434, 2435, 2436, 2437, 2438, 2439, 2440, 2441, 2442, 2443, 2444, 2445, 2446, 2447, 2448, 2449, 2450, 2451, 2452, 2453, 2454, 2455, 2456, 2457, 2458, 2459, 2460, 2461, 2462, 2463, 2464, 2465, 2466, 2467, 2468, 2469, 2470, 2471, 2472, 2473, 2474, 2475, 2476, 2477, 2478, 2479, 2480, 2481, 2482, 2483, 2484, 2485, 2486, 2487, 2488, 2489, 2490, 2491, 2492, 2493, 2494, 2495, 2496, 2497, 2498, 2499};global
resnet+2094;2960;3380;2;220;{1582, 1583, 1584, 1585, 2411, 2412, 2413, 2414, 2415, 2416, 2417, 2418, 2419, 2420, 2421, 2422, 2423, 2424, 2425, 2426, 2427, 2428, 2429, 2430, 2431, 2432, 2433, 2434, 2435, 2436, 2437, 2438, 2439, 2440, 2441, 2442, 2443, 2444, 2445, 2446, 2447, 2448, 2449, 2450, 2451, 2452, 2453, 2454, 2455, 2456, 2457, 2458, 2459, 2460, 2461, 2462, 2463, 2464, 2465, 2466, 2467, 2468, 2469, 2470, 2471, 2472, 2473, 2474, 2475, 2476, 2477, 2478, 2479, 2480, 2481, 2482, 2483, 2484, 2485, 2486, 2487, 2488, 2489, 2490, 2491};global
resnet+2094;2960;3380;3;220;{1576, 1577, 1578, 1579, 2474};global
gromacs+2125;2970;3350;1;11;{2465, 2466, 2467, 2468, 2469, 2470, 2471, 2472, 2473, 2474, 2475};local
resnet+2095;2980;3340;3;181;{2240, 2241, 2242, 2243, 2244, 2245, 2246, 2247, 2248, 2249, 2250, 2251, 2252, 2253, 2254, 2255, 2256, 2257, 2258, 2259, 2260, 2261, 2262, 2263, 2264, 2265, 2266, 2267, 2268, 2269, 2270, 2271, 2272, 2273, 2274, 2275, 2276, 2277, 2278, 2279, 2280, 2281, 2282, 2283, 2284, 2285, 2286, 2287, 2288, 2289, 2290, 2291, 2292, 2293, 2294, 2295, 2296, 2297, 2298, 2299, 2300, 2301, 2302, 2303, 2304, 2305, 2306, 2307, 2308, 2309, 2310, 2311, 2312, 2313, 2314, 2315, 2316, 2317, 2318, 2319, 2320, 2321, 2322, 2323, 2324, 2325, 2326, 2327, 2328, 2329, 2330, 2331, 2332, 2333, 2334, 2335, 2336, 2337, 2338, 2339, 2340, 2341, 2342, 2343, 2344, 2345, 2346, 2347, 2348, 2349, 2350, 2351, 2352, 2353, 2354, 2355, 2356, 2357, 2358, 2359, 2360, 2361, 2362, 2363, 2364, 2365, 2366, 2367, 2368, 2369, 2370, 2371, 2372, 2373, 2374, 2375, 2376, 2377, 2378, 2379, 2380, 2381, 2382, 2383, 2384, 2385, 2386, 2387, 2388, 2389, 2390, 2391, 2392, 2393, 2394, 2395, 2396, 2397, 2398, 2399, 2400, 2401, 2402, 2403, 2404, 2405, 2406, 2407, 2408, 2409, 2410, 2411, 2412, 2413, 2414, 2415, 2416, 2417, 2418, 2419, 2420};local
gromacs+2098;2980;3460;3;40;{2432, 2433, 2434, 2435, 2436, 2437, 2438, 2439, 2440, 2441, 2442, 2443, 2444, 2445, 2446, 2447, 2448, 2449, 2450, 2451, 2452, 2453, 2454, 2455, 2456, 2457, 2458, 2459, 2460, 2421, 2422, 2423, 2424, 2425, 2426, 2427, 2428, 2429, 2430, 2431};local
resnet+2104;3000;3460;1;52;{680, 681, 682, 683, 684, 685, 686, 687, 688, 689, 690, 691, 692, 693, 694, 695, 696, 697, 698, 699, 700, 701, 702, 703, 704, 705, 706, 707, 708, 709, 710, 711, 712, 713, 714, 715, 716, 717, 718, 719, 720, 721, 722, 723, 724, 725, 2476, 1513, 1514, 1515, 1516};global
resnet+2104;3000;3460;3;52;{2461};global
gromacs+2105;3010;3380;2;34;{384, 385, 386, 387, 388, 389, 390, 391, 392, 393, 394, 395, 396, 397, 398, 399, 400, 401, 402, 372, 373, 374, 375, 376, 377, 378, 379, 380, 381, 382, 383};global
gromacs+2105;3010;3380;3;34;{2464, 2462, 2463};global
resnet+2108;3030;3210;0;33;{339, 340, 341, 342, 343, 344, 345, 346, 347, 348, 349, 350, 351, 352, 353, 354, 355, 356, 357, 358, 359, 360, 361, 362, 363, 364, 365, 366, 367, 368, 369, 370, 371};local
gromacs+2112;3030;3470;0;50;{384, 385, 386, 387, 388, 389, 390, 391, 392, 393, 394, 395, 396, 397, 398, 399, 400, 401, 402, 403, 404, 405, 406, 407, 408, 409, 372, 373, 374, 375, 376, 377, 378, 379, 380, 381, 382, 383};global
gromacs+2112;3030;3470;3;50;{2465, 2466, 2467, 2468, 2469, 2470, 2471, 2472, 2473};global
gromacs+2112;3030;3470;1;50;{1523, 1524, 1525};global
resnet+2113;3050;3500;1;42;{2304, 2305, 2306, 2307, 2308, 2309, 2310, 2311, 2312, 2313, 2314, 2315, 2316, 2317, 2318, 2319, 2320, 2321, 2322, 2323, 2324, 2325, 2326, 2327, 2328, 2329, 2330, 2331, 2332, 2333, 2334, 2335, 2336, 2337, 2338, 2339, 2340, 2341, 2300, 2301, 2302, 2303};local
gromacs+2116;3050;3230;1;24;{2342, 2343, 2344, 2345, 2346, 2347, 2348, 2349, 2350, 2351, 2352, 2353, 2354, 2355, 2356, 2357, 2358, 2359, 2360, 2361, 2362, 2363, 2364, 2365};local
resnet+2118;3050;3480;1;12;{2368, 2369, 2370, 2371, 2372, 2373, 2374, 2375, 2376, 2377, 2366, 2367};local
gromacs+2124;3050;3540;1;13;{2378, 2379, 2380, 2381, 2382, 2383, 2384, 2385, 2386, 2387, 2388, 2389, 2390};local
resnet+2128;3050;3390;1;15;{2400, 2401, 2402, 2403, 2404, 2405, 2391, 2392, 2393, 2394, 2395, 2396, 2397, 2398, 2399};local
gromacs+2133;3050;3400;1;10;{2406, 2407, 2408, 2409, 2410, 2411, 2412, 2413, 2414, 2415};local
resnet+2135;3050;3430;1;11;{2416, 2417, 2418, 2419, 2420, 2421, 2422, 2423, 2424, 2425, 2426};local
gromacs+2136;3050;3280;1;9;{2432, 2433, 2434, 2435, 2427, 2428, 2429, 2430, 2431};local
resnet+2137;3050;3400;1;15;{2436, 2437, 2438, 2439, 2440, 2441, 2442, 2443, 2444, 2445, 2446, 2447, 2448, 2449, 2450};local
gromacs+2146;3050;3390;1;5;{2451, 2452, 2453, 2454, 2455};local
resnet+2151;3050;3250;1;7;{2456, 2457, 2458, 2459, 2460, 2461, 2462};local
gromacs+2182;3050;3260;1;2;{2464, 2463};local
resnet+2138;3080;3410;0;15;{1997, 1998, 1999, 2000, 2001, 2002, 2003, 2004, 2005, 2006, 2007, 2008, 2009, 2010, 2011};local
gromacs+2152;3080;3430;0;6;{2016, 2017, 2012, 2013, 2014, 2015};local
resnet+2154;3080;3430;0;5;{2018, 2019, 2020, 2021, 2022};local
gromacs+2156;3080;3480;0;5;{2023, 2024, 2025, 2026, 2027};local
resnet+2157;3080;3510;0;8;{2028, 2029, 2030, 2031, 2032, 2033, 2034, 2035};local
gromacs+2160;3080;3290;0;5;{2036, 2037, 2038, 2039, 2040};local
resnet+2164;3080;3310;0;4;{2041, 2042, 2043, 2044};local
gromacs+2168;3080;3260;0;4;{2048, 2045, 2046, 2047};local
resnet+2171;3080;3400;0;3;{2049, 2050, 2051};local
gromacs+2175;3080;3390;0;4;{2052, 2053, 2054, 2055};local
resnet+2177;3080;3450;0;3;{2056, 2057, 2058};local
gromacs+2178;3080;3340;0;3;{2059, 2060, 2061};local
openfoam+2189;3080;3340;0;1;{2062};local
shufflenet+2190;3080;3370;0;1;{2063};local
openfoam+2191;3080;3440;0;1;{2064};local
shufflenet+2196;3080;3530;0;1;{2065};local
openfoam+2200;3080;3270;0;1;{2066};local
shufflenet+2203;3080;3410;0;1;{2067};local
openfoam+2208;3080;3360;0;1;{2068};local
shufflenet+2212;3080;3400;0;1;{2069};local
openfoam+2213;3080;3260;0;1;{2070};local
shufflenet+2214;3080;3350;0;1;{2071};local
resnet+2220;3080;3400;0;131;{2072, 2073, 2074, 2075, 2076, 2077, 2078, 2079, 2080, 2081, 2082, 2083, 2084, 2085, 2086, 2087, 2088, 2089, 2090, 2091, 2092, 2093, 2094, 2095, 2096, 2097, 2098, 2099, 2100, 2101, 2102, 2103, 2104, 2105, 2106, 2107, 2108, 2109, 2110, 2111, 2112, 2113, 2114, 2115, 2116, 2117, 2118, 2119, 2120, 2121, 2122, 2123, 2124, 2125, 2126, 2127, 2128, 2129, 2130, 2131, 2132, 2133, 2134, 2135, 2136, 2137, 2138, 2139, 2140, 2141, 2142, 2143, 2144, 2145, 2146, 2147, 2148, 2149, 2150, 2151, 2152, 2153, 2154, 2155, 2156, 2157, 2158, 2159, 2160, 2161, 2162, 2163, 2164, 2165, 2166, 2167, 2168, 2169, 2170, 2171, 2172, 2173, 2174, 2175, 2176, 2177, 2178, 2179, 2180, 2181, 2182, 2183, 2184, 2185, 2186, 2187, 2188, 2189, 2190, 2191, 2192, 2193, 2194, 2195, 2196, 2197, 2198, 2199, 2200, 2201, 2202};local
gromacs+2266;3080;3180;0;5;{2203, 2204, 2205, 2206, 2207};local
resnet+2276;3080;3220;0;3;{2208, 2209, 2210};local
gromacs+2277;3080;3210;0;4;{2211, 2212, 2213, 2214};local
resnet+2222;3100;3230;0;217;{2215, 2216, 2217, 2218, 2219, 2220, 2221, 2222, 2223, 2224, 2225, 2226, 2227, 2228, 2229, 2230, 2231, 2232, 2233, 2234, 2235, 2236, 2237, 2238, 2239, 2240, 2241, 2242, 2243, 2244, 2245, 2246, 2247, 2248, 2249, 2250, 2251, 2252, 2253, 2254, 2255, 2256, 2257, 2258, 2259, 2260, 2261, 2262, 2263, 2264, 2265, 2266, 2267, 2268, 2269, 2270, 2271, 2272, 2273, 2274, 2275, 2276, 2277, 2278, 2279, 2280, 2281, 2282, 2283, 2284, 2285, 2286, 2287, 2288, 2289, 2290, 2291, 2292, 2293, 2294, 2295, 2296, 2297, 2298, 2299, 2300, 2301, 2302, 2303, 2304, 2305, 2306, 2307, 2308, 2309, 2310, 2311, 2312, 2313, 2314, 2315, 2316, 2317, 2318, 2319, 2320, 2321, 2322, 2323, 2324, 2325, 2326, 2327, 2328, 2329, 2330, 2331, 2332, 2333, 2334, 2335, 2336, 2337, 2338, 2339, 2340, 2341, 2342, 2343, 2344, 2345, 2346, 2347, 2348, 2349, 2350, 2351, 2352, 2353, 2354, 2355, 2356, 2357, 2358, 2359, 2360, 2361, 2362, 2363, 2364, 2365, 2366, 2367, 2368, 2369};global
resnet+2222;3100;3230;2;217;{1952, 1953, 1954, 1955, 1956, 1957, 1958, 1959, 1960, 1961, 1962, 1963, 1964, 1965, 1966, 1967, 1968, 1969, 1970, 1971, 1972, 1973, 1974, 1847, 1848, 1849, 1850, 1851, 1852, 1853, 1854, 1855, 1856, 1857, 1858, 1859, 1860, 1861, 1862, 1863, 1864, 1865, 1866, 1867, 1868, 1869, 1870, 1871, 1872, 1873, 1874, 1975, 1976, 1977, 1978, 1979};global
resnet+2222;3100;3230;1;217;{1992, 1993, 1994, 1995, 111, 112};global
gromacs+2359;3140;3220;0;7;{44, 45, 46, 47, 48, 49, 50};local
resnet+2424;3140;3220;0;8;{51, 52, 53, 54, 55, 56, 57, 58};local
gromacs+2443;3140;3190;0;2;{59, 60};local
openfoam+2458;3140;3190;0;1;{61};local
resnet+2492;3140;3160;0;4;{64, 65, 62, 63};local
gromacs+2494;3140;3180;0;2;{66, 67};local
resnet+2523;3140;3150;0;4;{68, 69, 70, 71};local
shufflenet+2540;3140;3190;0;1;{72};local
gromacs+2225;3210;3510;1;189;{384, 385, 386, 387, 388, 389, 390, 391, 392, 393, 394, 395, 396, 397, 398, 399, 400, 401, 402, 2477, 2478, 2479, 2480, 2481, 2482, 2483, 2484, 2485, 2486, 2487, 2488, 2489, 2490, 2491, 2492, 2493, 2494, 2495, 2496, 2497, 2498, 2499, 362, 363, 364, 365, 366, 367, 368, 369, 370, 371, 372, 373, 374, 375, 376, 377, 378, 379, 380, 381, 382, 383};global
gromacs+2225;3210;3510;2;189;{1920, 1921, 1922, 1923, 1924, 1925, 1926, 1927, 1928, 1929, 1930, 1931, 1932, 1933, 1934, 1935, 1936, 1937, 1938, 1939, 1940, 1941, 1942, 1943, 1944, 1945, 1946, 1947, 1948, 1949, 1950, 1951, 2492, 2493, 2494, 2495, 2496, 2497, 2498, 2499, 1902, 1903, 1904, 1905, 1906, 1907, 1908, 1909, 1910, 1911, 1912, 1913, 1914, 1915, 1916, 1917, 1918, 1919};global
gromacs+2225;3210;3510;3;189;{1414, 1415, 1416, 1417, 1418, 2478, 2495, 2475, 806, 807, 808, 809, 810, 811, 812, 813, 814, 815, 816, 817, 818, 819, 820, 821, 822, 823, 824, 825, 826, 827, 828, 829, 830, 831, 832, 833, 2479, 2480, 2481, 2492, 2493, 2494, 2482, 2496, 2497, 2498, 2499, 2483, 2484, 2476, 2485, 2486, 2487, 2488, 2489, 2477, 2490, 2491};global
gromacs+2225;3210;3510;0;189;{1986, 1987, 68, 69, 70, 71, 1988, 1989, 1990};global
resnet+2224;3250;3390;2;249;{2048, 2049, 2050, 2051, 2052, 2053, 2054, 2055, 2056, 2057, 2058, 2059, 2060, 2061, 2062, 2063, 2064, 2065, 2066, 2067, 2068, 2069, 2070, 2071, 2072, 2073, 2074, 2075, 2076, 2077, 2078, 2079, 2080, 2081, 2082, 2083, 2084, 2085, 2086, 2087, 2088, 2089, 2090, 2091, 2092, 2093, 2094, 2095, 2096, 2097, 2098, 2099, 2100, 2101, 2102, 2103, 2104, 2105, 2106, 2107, 2108, 2109, 2110, 2111, 2112, 2113, 2114, 2115, 2116, 2117, 2118, 2119, 2120, 2121, 2122, 2123, 2124, 2125, 2126, 2127, 2128, 2129, 2130, 2131, 2132, 2133, 2134, 2135, 2136, 2137, 2138, 2139, 2140, 2141, 2142, 2143, 2144, 2145, 2146, 2147, 2148, 2149, 2150, 2151, 2152, 2153, 2154, 2155, 2156, 2157, 2158, 2159, 2160, 2161, 2162, 2163, 2164, 2165, 2166, 2167, 2168, 2169, 2170, 2171, 2172, 2173, 2174, 2175, 2176, 2177, 2178, 2179, 2180, 2181, 2182, 2183, 2184, 2185, 2186, 2187, 2188, 2189, 2190, 2191, 2192, 2193, 2194, 2195, 2196, 2197, 2198, 2199, 2200, 2201, 2202, 2203, 2204, 2205, 2206, 1997, 1998, 1999, 2000, 2001, 2002, 2003, 2004, 2005, 2006, 2007, 2008, 2009, 2010, 2011, 2012, 2013, 2014, 2015, 2016, 2017, 2018, 2019, 2020, 2021, 2022, 2023, 2024, 2025, 2026, 2027, 2028, 2029, 2030, 2031, 2032, 2033, 2034, 2035, 2036, 2037, 2038, 2039, 2040, 2041, 2042, 2043, 2044, 2045, 2046, 2047};global
resnet+2224;3250;3390;0;249;{2203, 2204, 2205, 2206, 2207, 59, 60, 61, 62, 63, 64, 65, 66, 67, 1991, 72, 1992, 1993, 1994, 1995, 1996};global
resnet+2224;3250;3390;3;249;{1312, 1313, 1314, 1315, 1316, 1317, 1613, 1614, 783, 1615, 1305, 1306, 1307, 1308, 1309, 1310, 1311};global
resnet+2224;3250;3390;1;249;{428};global
gromacs+2227;3280;3480;0;217;{1893, 1894, 42, 43, 44, 45, 46, 47, 48, 49, 50, 51, 52, 53, 54, 55, 56, 57, 58, 1895, 1896, 1897, 1898, 2208, 2209, 2210, 2211, 2212, 2213, 2214, 1875, 1876, 1877, 1878, 1879, 1880, 1881, 1882, 1883, 1884, 1885, 1886, 1887, 1888, 1889, 1890, 1891, 1838, 1839, 1840, 1841, 1842, 1843, 1844, 1845, 1846, 1847, 1848, 1849, 1850, 1851, 1852, 1853, 1854, 1855, 1856, 1857, 1858, 1859, 1860, 1861, 1862, 1863, 1864, 1865, 1866, 1867, 1868, 1869, 1870, 1871, 1872, 1873, 1874, 339, 340, 341, 342, 343, 344, 345, 346, 347, 348, 349, 350, 351, 352, 353, 354, 355, 356, 357, 358, 359, 360, 361, 362, 363, 364, 365, 366, 367, 368, 369, 370, 371, 1899, 1900, 1901, 1902, 1903, 1904, 1905, 1906, 1907, 1908, 1909, 1910, 1911, 1912, 1913, 1914, 1915, 1916, 1917, 1918, 1919, 1920, 1921, 1922, 1923, 1924, 1925, 1926, 1927, 1928, 1929, 1930, 1931, 1932, 1933, 1934, 1935, 1936, 1937, 1938, 1939, 1940, 1941, 1942, 1943, 1944, 1945, 1946, 1947, 1948, 1949, 1950, 1951, 1952, 1953, 1954, 1955, 1956, 1957, 1958, 1959, 1960, 1961, 1962, 1963, 1964, 1965, 1966, 1967, 1968, 1969, 1970, 1892};global
gromacs+2227;3280;3480;2;217;{1875, 1876, 1877, 1878, 1879, 1880, 1881, 1882, 1883, 1884, 1885, 1886, 1887, 1888, 1889, 1890, 1891, 1892, 1893, 1894, 1895, 1896, 1897, 1898, 1899, 1900, 1901};global
resnet+2231;3290;3440;0;118;{2215, 2216, 2217, 2218, 2219, 2220, 2221, 2222, 2223, 2224, 2225, 2226, 2227, 2228, 2229, 2230, 2231, 2232, 2233, 2234, 2235, 2236, 2237, 2238, 2239, 2240, 2241, 2242, 2243, 2244, 2245, 2246, 2247, 2248, 2249, 2250, 2251, 2252, 2253, 2254, 2255, 2256, 2257, 2258, 2259, 2260, 2261, 2262, 2263, 2264, 2265, 2266, 2267, 2268, 2269, 2270, 2271, 2272, 2273, 2274, 2275, 2276, 2277, 2278, 2279, 2280, 2281, 2282, 2283, 2284, 2285, 2286, 2287, 2288, 2289, 2290, 2291, 2292, 2293, 2294, 2295, 2296, 2297, 2298, 2299, 2300, 2301, 2302, 2303, 2304, 2305, 2306, 2307, 2308, 2309, 2310, 2311, 2312, 2313, 2314, 2315, 2316, 2317, 2318, 2319, 2320, 2321, 2322, 2323, 2324, 2325, 2326, 2327, 2328, 2329, 2330, 2331, 2332};local
gromacs+2235;3290;3490;2;35;{1952, 1953, 1954, 1955, 1956, 1957, 1958, 1847, 1848, 1849, 1850, 1851, 1852, 1853, 1854, 1855, 1856, 1857, 1858, 1859, 1860, 1861, 1862, 1863, 1864, 1865, 1866, 1867, 1868, 1869, 1870, 1871, 1872, 1873, 1874};local
resnet+2245;3290;3460;0;9;{2336, 2337, 2338, 2339, 2340, 2341, 2333, 2334, 2335};local
gromacs+2283;3290;3510;1;2;{112, 111};local
resnet+2291;3290;3430;0;2;{2342, 2343};local
gromacs+2293;3290;3480;1;2;{1992, 1993};local
resnet+2360;3290;3420;0;7;{2344, 2345, 2346, 2347, 2348, 2349, 2350};local
gromacs+2364;3290;3440;1;5;{2342, 2343, 2344, 1994, 1995};local
resnet+2305;3300;3420;3;344;{798, 799, 800, 801, 802, 803, 804, 805, 865, 866, 867, 868, 869, 870, 871, 872, 873, 874, 875, 876, 877, 878, 879, 880, 881, 882, 883, 884, 885, 886, 887, 888, 889, 890, 891, 892, 893, 894, 895, 896, 897, 898, 899, 900, 901, 918, 919, 920, 921, 922, 923, 924, 925, 926, 927, 928, 929, 930, 931, 932, 933, 934, 935, 936, 937, 938, 939, 940, 941, 942, 943, 1053, 1054, 1055, 1056, 1057, 1058, 1059, 1060, 1061, 1062, 1063, 1064, 1065, 1066, 1067, 1068, 1069, 1070, 1071, 1072, 1073, 1074, 1075, 1076, 1077, 1078, 1079, 1080, 1081, 1082, 1083, 1084, 1085, 1086, 1087, 1088, 1089, 1090, 1091, 1092, 1093, 1094, 1095, 1096, 1103, 1104, 1105, 1106, 1107, 1108, 1109, 1110, 1111, 1112, 1113, 1114, 1115, 1116, 1117, 1118, 1119, 1120, 1121, 1122, 1123, 1124, 1125, 1126, 1127, 1128, 1129, 1130, 1131, 1132, 1133, 1134, 1135, 1136, 1137, 1138, 1139, 1140, 1141, 1142, 1143, 1144, 1145, 1146, 1147, 1148, 1149, 1150, 1151, 1152, 1153, 1154, 1155, 1156, 1157, 1206, 1207, 1208, 1209, 1210, 1211, 1212, 1213, 1214, 1215, 1216, 1217, 1218, 1219, 1220, 1221, 1222, 1223, 1224, 1225, 1226, 1227, 1228, 1229, 1230, 1231, 1232, 1233, 1234, 1235, 1236, 1237, 1264, 1265, 1266, 1267, 1268, 1269, 1270, 1271, 1272, 1273, 1274, 1275, 1276, 1296, 1297, 1298, 1299, 1300, 1301, 1302, 1303, 1304, 1318, 1319, 1320, 1321, 1322, 1323, 1324, 1325, 1326, 1327, 1328, 1329, 1330, 1331, 1332, 1333, 1334, 1335, 1336, 1337, 1338, 1339, 1340, 1341, 1342, 1343, 1381, 1382, 1383, 1384, 1385, 1386, 1387, 1388, 1389, 1390, 1391, 1392, 1402, 1403, 1404, 1405, 1406, 1407, 1408, 1409, 1410, 1411, 1412, 1413, 1425, 1426, 1427, 1428, 1429, 1430, 1431, 1432, 1433, 1434, 1435, 1436, 1437, 1438, 1439, 1440, 1441, 1442, 1443, 1444, 1445, 1446, 1447, 1448, 1449, 1450, 1451, 1452, 1453, 1454, 1486, 1487, 1488, 1489, 1490, 1491, 1492, 1493, 1494, 1495, 1496, 1497, 1498, 1499, 1519, 1520, 1521, 1522, 1523, 1524, 1525, 1526, 1527, 1528, 1529, 1539, 1540, 1541, 1542, 1543, 1544, 1545, 1546, 1547, 1548, 1552, 1553, 1554, 1555, 1556};local
gromacs+2311;3300;3390;3;218;{1557, 1558, 1566, 1567, 1568, 1569, 1570, 1571, 1572, 1573, 1574, 1575, 1580, 1581, 1582, 1583, 1584, 1585, 1586, 1587, 1588, 1593, 1594, 1595, 1602, 1603, 1604, 1609, 1610, 1611, 1612, 1616, 1617, 1618, 1619, 1620, 1621, 1622, 1623, 1624, 1625, 1626, 1627, 1628, 1629, 1633, 1634, 1635, 1636, 1637, 1638, 1639, 1640, 1644, 1645, 1646, 1647, 1648, 1649, 1650, 1651, 1652, 1653, 1654, 1655, 1656, 1657, 1658, 1659, 1660, 1661, 1662, 1663, 1664, 1665, 1666, 1667, 1668, 1669, 1670, 1671, 1672, 1673, 1674, 1675, 1676, 1677, 1678, 1679, 1680, 1681, 1682, 1683, 1684, 1685, 1686, 1687, 1688, 1689, 1690, 1691, 1692, 1693, 1694, 1695, 1696, 1697, 1698, 1699, 1700, 1701, 1702, 1703, 1704, 1705, 1706, 1707, 1708, 1709, 1710, 1711, 1712, 1713, 1714, 1715, 1716, 1717, 1718, 1719, 1720, 1721, 1722, 1723, 1724, 1725, 1726, 1727, 1728, 1729, 1730, 1731, 1732, 1733, 1734, 1735, 1736, 1737, 1738, 1739, 1740, 1741, 1742, 1743, 1744, 1745, 1746, 1747, 1748, 1749, 1750, 1751, 1752, 1753, 1754, 1755, 1756, 1757, 1758, 1759, 1760, 1761, 1762, 1763, 1764, 1765, 1766, 1767, 1768, 1769, 1770, 1771, 1772, 1773, 1774, 1775, 1776, 1777, 1778, 1779, 1780, 1781, 1782, 1783, 1784, 1785, 1786, 1787, 1788, 1789, 1790, 1791, 1792, 1793, 1794, 1795, 1796, 1797, 1798, 1799, 1800, 1801, 1802, 1803, 1804, 1805, 1806, 1807, 1808};local
resnet+2312;3300;3350;3;184;{1809, 1810, 1811, 1812, 1813, 1814, 1815, 1816, 1817, 1818, 1819, 1820, 1821, 1822, 1823, 1824, 1825, 1826, 1827, 1828, 1829, 1830, 1831, 1832, 1833, 1834, 1835, 1836, 1837, 1838, 1839, 1840, 1841, 1842, 1843, 1844, 1845, 1846, 1847, 1848, 1849, 1850, 1851, 1852, 1853, 1854, 1855, 1856, 1857, 1858, 1859, 1860, 1861, 1862, 1863, 1864, 1865, 1866, 1867, 1868, 1869, 1870, 1871, 1872, 1873, 1874, 1875, 1876, 1877, 1878, 1879, 1880, 1881, 1882, 1883, 1884, 1885, 1886, 1887, 1888, 1889, 1890, 1891, 1892, 1893, 1894, 1895, 1896, 1897, 1898, 1899, 1900, 1901, 1902, 1903, 1904, 1905, 1906, 1907, 1908, 1909, 1910, 1911, 1912, 1913, 1914, 1915, 1916, 1917, 1918, 1919, 1920, 1921, 1922, 1923, 1924, 1925, 1926, 1927, 1928, 1929, 1930, 1931, 1932, 1933, 1934, 1935, 1936, 1937, 1938, 1939, 1940, 1941, 1942, 1943, 1944, 1945, 1946, 1947, 1948, 1949, 1950, 1951, 1952, 1953, 1954, 1955, 1956, 1957, 1958, 1959, 1960, 1961, 1962, 1963, 1964, 1965, 1966, 1967, 1968, 1969, 1970, 1971, 1972, 1973, 1974, 1975, 1976, 1977, 1978, 1979, 1980, 1981, 1982, 1983, 1984, 1985, 1986, 1987, 1988, 1989, 1990, 1991, 1992};local
gromacs+2317;3300;3340;3;112;{2048, 2049, 2050, 2051, 2052, 2053, 2054, 2055, 2056, 2057, 2058, 2059, 2060, 2061, 2062, 2063, 2064, 2065, 2066, 2067, 2068, 2069, 2070, 2071, 2072, 2073, 2074, 2075, 2076, 2077, 2078, 2079, 2080, 2081, 2082, 2083, 2084, 2085, 2086, 2087, 2088, 2089, 2090, 2091, 2092, 2093, 2094, 2095, 2096, 2097, 2098, 2099, 2100, 2101, 2102, 2103, 2104, 1993, 1994, 1995, 1996, 1997, 1998, 1999, 2000, 2001, 2002, 2003, 2004, 2005, 2006, 2007, 2008, 2009, 2010, 2011, 2012, 2013, 2014, 2015, 2016, 2017, 2018, 2019, 2020, 2021, 2022, 2023, 2024, 2025, 2026, 2027, 2028, 2029, 2030, 2031, 2032, 2033, 2034, 2035, 2036, 2037, 2038, 2039, 2040, 2041, 2042, 2043, 2044, 2045, 2046, 2047};local
resnet+2318;3300;3520;3;93;{2105, 2106, 2107, 2108, 2109, 2110, 2111, 2112, 2113, 2114, 2115, 2116, 2117, 2118, 2119, 2120, 2121, 2122, 2123, 2124, 2125, 2126, 2127, 2128, 2129, 2130, 2131, 2132, 2133, 2134, 2135, 2136, 2137, 2138, 2139, 2140, 2141, 2142, 2143, 2144, 2145, 2146, 2147, 2148, 2149, 2150, 2151, 2152, 2153, 2154, 2155, 2156, 2157, 2158, 2159, 2160, 2161, 2162, 2163, 2164, 2165, 2166, 2167, 2168, 2169, 2170, 2171, 2172, 2173, 2174, 2175, 2176, 2177, 2178, 2179, 2180, 2181, 2182, 2183, 2184, 2185, 2186, 2187, 2188, 2189, 2190, 2191, 2192, 2193, 2194, 2195, 2196, 2197};local
gromacs+2320;3300;3370;1;126;{2345, 2346, 1949, 1950, 1951, 1952, 1953, 1954, 1955, 1956, 1957, 1958, 1959, 1960, 1961, 1962, 1963, 1964, 1965, 1966, 1967, 1968, 1969, 1970, 1971, 2347, 2348, 2349, 2350, 2351, 2352, 2353, 2354, 2355, 2356, 2357, 2358, 2359, 2360, 2361, 2362, 2363, 2364, 2365};global
gromacs+2320;3300;3370;3;126;{2198, 2199, 2200, 2201, 2202, 2203, 2204, 2205, 2206, 2207, 2208, 2209, 2210, 2211, 2212, 2213, 2214, 2215, 2216, 2217, 2218, 2219, 2220, 2221, 2222, 2223, 2224, 2225, 2226, 2227, 2228, 2229, 2230, 2231, 2232, 2233, 2234, 2235, 2236, 2237, 2238, 2239};global
gromacs+2320;3300;3370;2;126;{1959, 1960, 1961, 1962, 1963, 1964, 1965, 1966, 1967, 1968, 1969, 1970, 1971, 1972, 1973, 1974, 1975, 1976, 1977, 1978, 1979};global
gromacs+2320;3300;3370;0;126;{2351, 2352, 2353, 2354, 2355, 2356, 2357, 2358, 2359, 2360, 2361, 2362, 2363, 2364, 2365, 2366, 2367, 2368, 2369};global
resnet+2321;3310;3360;2;117;{2207, 2208, 2209, 2210, 2211, 2212, 2213, 2214, 2215, 2216, 2217, 2218, 2219, 2220, 2221, 2222, 2223, 2224, 2225, 2226, 2227, 2228, 2229, 2230, 2231, 2232, 2233, 2234, 2235, 2236, 2237, 2238, 2239, 2240, 2241, 2242, 2243, 2244, 2245, 2246, 2247, 2248, 2249, 2250, 2251, 2252, 2253, 2254, 2255, 2256, 2257, 2258, 2259, 2260, 2261, 2262, 2263, 2264, 2265, 2266, 2267, 2268, 2269, 2270, 2271, 2272, 2273, 2274, 2275, 2276, 2277, 2278, 2279, 2280, 2281, 2282, 2283, 2284, 2285, 2286, 2287, 2288, 2289, 2290, 2291, 2292, 2293, 2294, 2295, 2296, 2297, 2298, 2299, 2300, 2301, 2302, 2303, 2304, 2305, 2306, 2307, 2308, 2309, 2310, 2311, 2312, 2313, 2314, 2315, 2316, 2317, 2318, 2319, 2320, 2321, 2322, 2323};local
gromacs+2322;3310;3350;1;128;{1764, 1765, 1766, 1767, 1768, 1769, 1770, 1771, 1772, 1773, 1774, 1775, 1776, 1777, 1778, 1779, 1780, 1781, 1782, 1783, 1784, 1785, 1786, 1787, 1788, 1789, 1790, 1791, 1792, 1793, 1794, 1795, 1796, 1797, 1798, 1799, 1800, 1801, 1802, 1803, 1804, 1805, 1806, 1807, 1808, 1809, 1810, 1811, 1812, 1813, 1814, 1815, 1816, 1817, 1818, 1819, 1820, 1821, 1822, 1823, 1824, 1825, 1826, 1827, 1828, 1829, 1830, 1831, 1832, 1833, 1834, 1835, 1836, 1837, 1838, 1839, 1840, 1841, 1842, 1843, 1844, 1845, 1846, 1847, 1848, 1849, 1850, 1851, 1852, 1853, 1854, 1855, 1856, 1857, 1858, 1859, 1860, 1861, 1862, 1863, 1864, 1865, 1866, 1867, 1868, 1869, 1870, 1871, 1872, 1873, 1874, 1875, 1876, 1877, 1878, 1879, 1880, 1881, 1882, 1883, 1884, 1885, 1886, 1887, 1888, 1889, 1890, 1891};local
resnet+2327;3310;3500;2;62;{2324, 2325, 2326, 2327, 2328, 2329, 2330, 2331, 2332, 2333, 2334, 2335, 2336, 2337, 2338, 2339, 2340, 2341, 2342, 2343, 2344, 2345, 2346, 2347, 2348, 2349, 2350, 2351, 2352, 2353, 2354, 2355, 2356, 2357, 2358, 2359, 2360, 2361, 2362, 2363, 2364, 2365, 2366, 2367, 2368, 2369, 2370, 2371, 2372, 2373, 2374, 2375, 2376, 2377, 2378, 2379, 2380, 2381, 2382, 2383, 2384, 2385};local
gromacs+2336;3310;3420;1;47;{2456, 2457, 2458, 2459, 2460, 2461, 2462, 1892, 1893, 1894, 1895, 1896, 1897, 1898, 1899, 1900, 1901, 1902, 1903, 1904, 1905, 1906, 1907, 1908, 1909, 1910, 1911, 1912, 1913, 1914, 1915, 1916, 1917};global
gromacs+2336;3310;3420;2;47;{2386, 2387, 2388, 2389, 2390, 2391, 2392, 2393, 2394, 2395, 2396, 2397, 2398, 2399};global
resnet+2363;3310;3450;2;8;{2400, 2401, 2402, 2403, 2404, 2405, 2406, 2407};local
gromacs+2365;3320;3480;0;6;{2048, 2070, 2045, 2046, 2047};global
gromacs+2365;3320;3480;2;6;{2408};global
resnet+2376;3320;3470;1;4;{2464, 2463};global
resnet+2376;3320;3470;2;4;{2409, 2410};global
gromacs+2341;3330;3540;2;56;{1280, 1281, 1282, 1283, 1284, 1285, 1286, 1287, 1302, 1303, 1304, 1305, 1306, 1307, 1308, 1309, 1310, 1311, 1312, 1313, 1346, 1347, 1348, 1349, 1350, 1351, 1352, 1353, 1354, 1355, 1356, 1241, 1242, 1243, 1244, 1245, 1246, 1247, 1248, 1249, 1250, 1251, 1252, 1253, 1254, 1255, 1256, 1257, 1258, 1259, 1260, 1261, 1262, 1263, 1278, 1279};local
resnet+2379;3330;3500;2;2;{1357, 1358};local
openfoam+2385;3330;3540;2;1;{1387};local
gromacs+2391;3330;3380;2;241;{1536, 1537, 1538, 1542, 1543, 1544, 1548, 1549, 1550, 1551, 1552, 1553, 1557, 1558, 1559, 1560, 1561, 1562, 1563, 1564, 1565, 1566, 1574, 1575, 1576, 1577, 1586, 1587, 1588, 1589, 1590, 1591, 1592, 1593, 1594, 1595, 1596, 1597, 1601, 1602, 1603, 1604, 1605, 1606, 1607, 1612, 1613, 1614, 1615, 1616, 1617, 1618, 1619, 1620, 1621, 1622, 1623, 1624, 1628, 1629, 1630, 1635, 1636, 1637, 1641, 1642, 1643, 1644, 1645, 1646, 1647, 1648, 1649, 1650, 1651, 1652, 1653, 1654, 1655, 1656, 1657, 1658, 1659, 1660, 1661, 1662, 1663, 1664, 1665, 1666, 1667, 1668, 1669, 1670, 1671, 1672, 1673, 1674, 1675, 1676, 1677, 1678, 1679, 1680, 1681, 1682, 1683, 1684, 1685, 1686, 1687, 1688, 1689, 1690, 1691, 1692, 1693, 1694, 1695, 1696, 1697, 1698, 1699, 1700, 1701, 1702, 1703, 1704, 1705, 1706, 1707, 1708, 1388, 1389, 1390, 1391, 1392, 1393, 1394, 1395, 1396, 1397, 1398, 1399, 1400, 1401, 1402, 1403, 1404, 1405, 1406, 1407, 1408, 1409, 1410, 1411, 1412, 1413, 1420, 1421, 1422, 1423, 1424, 1425, 1426, 1427, 1428, 1429, 1430, 1431, 1432, 1433, 1434, 1435, 1436, 1437, 1438, 1439, 1440, 1441, 1442, 1443, 1444, 1445, 1446, 1447, 1448, 1449, 1450, 1451, 1452, 1453, 1454, 1455, 1456, 1457, 1458, 1459, 1460, 1461, 1462, 1463, 1464, 1465, 1466, 1467, 1468, 1469, 1470, 1471, 1472, 1473, 1474, 1475, 1476, 1477, 1478, 1479, 1480, 1501, 1502, 1503, 1504, 1505, 1506, 1507, 1508, 1509, 1510, 1511, 1518, 1519, 1520, 1521, 1522, 1523, 1524, 1528, 1529, 1530, 1531};local
resnet+2439;3330;3470;2;2;{1709, 1710};local
gromacs+2481;3330;3340;2;15;{1711, 1712, 1713, 1714, 1715, 1716, 1717, 1718, 1719, 1720, 1721, 1722, 1723, 1724, 1725};local
resnet+2518;3330;3340;2;8;{1728, 1729, 1730, 1731, 1732, 1733, 1726, 1727};local
gromacs+2519;3330;3340;2;7;{1734, 1735, 1736, 1737, 1738, 1739, 1740};local
shufflenet+2544;3330;3350;2;1;{1741};local
resnet+2388;3340;3530;0;549;{73, 74, 75, 76, 77, 78, 79, 80, 81, 82, 83, 84, 85, 86, 87, 88, 89, 90, 91, 92, 93, 94, 95, 96, 97, 98, 99, 100, 101, 102, 103, 104, 105, 106, 107, 108, 109, 110, 111, 112, 113, 114, 115, 116, 117, 118, 119, 120, 121, 122, 123, 124, 125, 126, 127, 128, 129, 130, 131, 132, 133, 134, 135, 136, 137, 138, 139, 140, 141, 142, 143, 144, 145, 146, 147, 148, 149, 150, 151, 152, 153, 154, 155, 156, 634, 635, 636, 637, 638, 639, 640, 641, 642, 643, 644, 645, 646, 647, 648, 649, 650, 651, 652, 653, 654, 655, 656, 657, 658, 659, 660, 661, 662, 663, 664, 665, 666, 667, 668, 669, 670, 671, 672, 673, 1116, 1117, 1118, 1119, 1120, 1121, 1122, 1123, 1165, 1166, 1167, 1168, 1169, 1170, 1171, 1172, 1173, 1174, 1175, 1176, 1177, 1178, 1179, 1180, 1181, 1182, 1183, 1184, 1195, 1196, 1247, 1248, 1249, 1250, 1251, 1252, 1253, 1254, 1255, 1256, 1257, 1258, 1259, 1260, 1261, 1262, 1263, 1264, 1265, 1266, 1267, 1283, 1284, 1285, 1286, 1287, 1288, 1289, 1290, 1291, 1292, 1293, 1294, 1304, 1305, 1306, 1307, 1308, 1309, 1310, 1311, 1312, 1313, 1314, 1315, 1316, 1317, 1318, 1319, 1359, 1360, 1361, 1362, 1363, 1364, 1365, 1366, 1367, 1368, 1369, 1370, 1371, 1372, 1373, 1374, 1375, 1376, 1377, 1378, 1379, 1380, 1381, 1382, 1383, 1384, 1385, 1386, 1387, 1388, 1389, 1406, 1407, 1408, 1409, 1410, 1411, 1412, 1413, 1414, 1415, 1416, 1417, 1418, 1419, 1420, 1426, 1427, 1428, 1429, 1430, 1444, 1445, 1446, 1447, 1448, 1449, 1456, 1457, 1458, 1459, 1460, 1474, 1475, 1476, 1477, 1478, 1479, 1480, 1481, 1482, 1483, 1484, 1485, 1486, 1487, 1488, 1489, 1490, 1491, 1492, 1493, 1494, 1495, 1496, 1497, 1498, 1499, 1500, 1501, 1502, 1503, 1504, 1505, 1506, 1507, 1508, 1509, 1510, 1511, 1512, 1513, 1514, 1515, 1516, 1517, 1518, 1519, 1520, 1521, 1522, 1523, 1524, 1525, 1529, 1530, 1531, 1532, 1533, 1534, 1535, 1536, 1540, 1541, 1542, 1547, 1548, 1549, 1553, 1554, 1555, 1560, 1561, 1562, 1563, 1567, 1568, 1569, 1570, 1571, 1572, 1573, 1574, 1575, 1576, 1577, 1578, 1579, 1580, 1581, 1585, 1586, 1587, 1588, 1589, 1590, 1591, 1592, 1593, 1594, 1595, 1596, 1597, 1598, 1599, 1611, 1612, 1613, 1614, 1615, 1616, 1624, 1625, 1626, 1627, 1628, 1629, 1630, 1631, 1632, 1633, 1645, 1646, 1647, 1648, 1649, 1650, 1651, 1652, 1653, 1654, 1655, 1656, 1657, 1658, 1659, 1660, 1661, 1662, 1663, 1664, 1665, 1666, 1667, 1668, 1669, 1670, 1671, 1672, 1673, 1674, 1675, 1676, 1677, 1678, 1679, 1680, 1681, 1682, 1683, 1684, 1685, 1686, 1687, 1688, 1689, 1690, 1691, 1692, 1693, 1694, 1695, 1696, 1697, 1698, 1699, 1700, 1701, 1702, 1703, 1704, 1705, 1706, 1707, 1708, 1709, 1710, 1711, 1712, 1713, 1714, 1715, 1716, 1717, 1718, 1719, 1720, 1721, 1722, 1723, 1724, 1725, 1726, 1727, 1728, 1729, 1730, 1731, 1732, 1733, 1734, 1735, 1736, 1737, 1738, 1739, 1740, 1741, 1742, 1743, 1744, 1745, 1746, 1747, 1748, 1749, 1750, 1751, 1752, 1753, 1754, 1755, 1756, 1757, 1758, 1759, 1760, 1761, 1762, 1763, 1764, 1765, 1766, 1767, 1768, 1769, 1770, 1771, 1772, 1773, 1774, 1775, 1776, 1777, 1778, 1779, 1780, 1781, 1782, 1783, 1784, 1785, 1786, 1787, 1788, 1789, 1790, 1791, 1792, 1793, 1794, 1795, 1796, 1797, 1798, 1799, 1800, 1801, 1802, 1803, 1804, 1805, 1806, 1807, 1808, 1809};local
gromacs+2389;3350;3380;1;503;{2048, 2049, 2050, 2051, 2052, 2053, 2054, 2055, 2056, 2057, 2058, 2059, 2060, 2061, 2062, 2063, 2064, 2065, 2066, 2067, 2068, 2069, 2070, 2071, 2072, 2073, 2074, 2075, 2076, 2077, 2078, 2079, 2080, 2081, 2082, 2083, 2084, 2085, 2086, 2087, 2088, 2089, 2090, 2091, 2092, 2093, 2094, 2095, 2096, 2097, 2098, 2099, 2100, 2101, 2102, 2103, 2104, 2105, 2106, 2107, 2108, 61, 2109, 2110, 2111, 2112, 2113, 2114, 2115, 2116, 2117, 2118, 2119, 2120, 2121, 2122, 2123, 2124, 2125, 2126, 2127, 2128, 2129, 2130, 2131, 2132, 2133, 2134, 2135, 2136, 2137, 2138, 2139, 2140, 2141, 2142, 2143, 2144, 2145, 2146, 2147, 2148, 2149, 2150, 2151, 2152, 2153, 2154, 2155, 2156, 2157, 2158, 2159, 2160, 2161, 2162, 2163, 2164, 2165, 2166, 2167, 2168, 2169, 2170, 2171, 2172, 2173, 2174, 2175, 2176, 2177, 2178, 2179, 2180, 2181, 2182, 2183, 2184, 2185, 2186, 2187, 2188, 2189, 2190, 2191, 2192, 2193, 2194, 2195, 2196, 2197, 2198, 2199, 2200, 2201, 2202, 2203, 2204, 2205, 2206, 2207, 2208, 2209, 2210, 2211, 2212, 2213, 2214, 2215, 2216, 2217, 2218, 2219, 2220, 2221, 2222, 2223, 2224, 2225, 2226, 2227, 2228, 2229, 2230, 2231, 2232, 2233, 2234, 2235, 2236, 2237, 2238, 2239, 2240, 2241, 2242, 2243, 2244, 2245, 2246, 2247, 2248, 2249, 2250, 2251, 2252, 2253, 2254, 2255, 2256, 2257, 2258, 2259, 2260, 2261, 2262, 2263, 2264, 2265, 2266, 2267, 2268, 2269, 2270, 2271, 2272, 2273, 2274, 2275, 2276, 2277, 2278, 2279, 2280, 2281, 2282, 2283, 2284, 2285, 2286, 2287, 2288, 2289, 2290, 2291, 2292, 2293, 2294, 2295, 2296, 2297, 2298, 2299, 2427, 2428, 2429, 2430, 2431, 2432, 2433, 2434, 2435, 459, 1918, 1919, 1920, 1921, 1922, 1923, 1924, 1925, 1926, 1927, 1928, 1929, 1930, 1931, 1932, 1933, 1934, 1935, 1936, 1937, 1938, 1939, 1940, 1941, 1942, 1943, 1944, 1945, 1946, 1947, 1948, 1972, 1973, 1974, 1975, 1976, 1977, 1978, 1979, 1980, 1981, 1996, 1997, 1998, 1999, 2000, 2001, 2002, 2003, 2004, 2005, 2006, 2007, 2008, 2009, 2010, 2011, 2012, 2013, 2014, 2015, 2016, 2017, 2018, 2019, 2020, 2021, 2022, 2023, 2024, 2025, 2026, 2027, 2028, 2029, 2030, 2031, 2032, 2033, 2034, 2035, 2036, 2037, 2038, 2039, 2040, 2041, 2042, 2043, 2044, 2045, 2046, 2047};global
gromacs+2389;3350;3380;2;503;{1742, 1743, 1744, 1745, 1746, 1747, 1748, 1749, 1750, 1751, 1752, 1753, 1754, 1755, 1756, 1757, 1758, 1759, 1760, 1761, 1762, 1763, 1764, 1765, 1766, 1767, 1768, 1769, 1770, 1771, 1772, 1773, 1774, 1775, 1776, 1777, 1778, 1779, 1780, 1781, 1782, 1783, 1784, 1785, 1786, 1787, 1788, 1789, 1790, 1791, 1792, 1793, 1794, 1795, 1796, 1797, 1798, 1799, 1800, 1801, 1802, 1803, 1804, 1805, 1806, 1807, 1808, 1809, 1810, 1811, 1812, 1813, 1814, 1815, 1816, 1817, 1818, 1819, 1820, 1821, 1822, 1823, 1824, 1825, 1826, 1827, 1828, 1829, 1830, 1831, 1832, 1833, 1834, 1835, 1836, 1837, 1838, 1839, 1840, 1841, 1842, 1843, 1844, 1845, 1846, 343, 344, 345, 346, 347, 348, 349, 350};global
gromacs+2389;3350;3380;0;503;{2066, 1810, 1811, 1812, 1813, 1814, 1815, 1816, 1817, 1818, 1819, 1820, 1821, 1822, 1823, 1824, 1825, 1826, 1827, 1828, 1829, 1830, 1831, 1832, 1833, 1834, 1835, 1836, 1837, 2036, 2037, 2038, 2039, 2040};global
resnet+2390;3400;3510;3;344;{2048, 2049, 2050, 2051, 2052, 2053, 2054, 2055, 2056, 2057, 2058, 2059, 2060, 2061, 2062, 2063, 2064, 2065, 2066, 2067, 2068, 2069, 2070, 2071, 2072, 2073, 2074, 2075, 2076, 2077, 2078, 2079, 2080, 2081, 2082, 2083, 2084, 2085, 2086, 2087, 2088, 2089, 2090, 2091, 2092, 2093, 2094, 2095, 2096, 2097, 2098, 2099, 2100, 2101, 2102, 2103, 2104, 2240, 2241, 2242, 2243, 2244, 2245, 2246, 2247, 2248, 2249, 2250, 2251, 2252, 2253, 2254, 2255, 2256, 2257, 2258, 2259, 2260, 2261, 2262, 2263, 2264, 2265, 2266, 2267, 2268, 2269, 2270, 2271, 2272, 2273, 2274, 2275, 2276, 2277, 2278, 2279, 2280, 2281, 2282, 2283, 2284, 2285, 2286, 2287, 2288, 2289, 2290, 2291, 2292, 2293, 2294, 2295, 2296, 2297, 2298, 2299, 2300, 2301, 2302, 2303, 2304, 2305, 2306, 2307, 2308, 2309, 2310, 2311, 2312, 2313, 2314, 2315, 2316, 2317, 2318, 2319, 2320, 2321, 2322, 2323, 2324, 2325, 2326, 2327, 2328, 2329, 2330, 2331, 2332, 2333, 2334, 2335, 2336, 2337, 2338, 2339, 2340, 2341, 2342, 2343, 2344, 2345, 2346, 2347, 2348, 2349, 2350, 2351, 2352, 2353, 2354, 2355, 2356, 2357, 2358, 2359, 2360, 2361, 2362, 2363, 2364, 2365, 2366, 2367, 2368, 2369, 2370, 2371, 2372, 2373, 2374, 2375, 2376, 2377, 2378, 2379, 2380, 2381, 2382, 2383, 2384, 2385, 2386, 2387, 2388, 2389, 2390, 2391, 2392, 2393, 2394, 2395, 2396, 2397, 2398, 2399, 2400, 2401, 2402, 2403, 2404, 2405, 2406, 2407, 2408, 2409, 2410, 2411, 2412, 2413, 2414, 2415, 2416, 2417, 2418, 2419, 2420, 1993, 1994, 1995, 1996, 1997, 1998, 1999, 2000, 2001, 2002, 2003, 2004, 2005, 2006, 2007, 2008, 2009, 2010, 2011, 2012, 2013, 2014, 2015, 2016, 2017, 2018, 2019, 2020, 2021, 2022, 2023, 2024, 2025, 2026, 2027, 2028, 2029, 2030, 2031, 2032, 2033, 2034, 2035, 2036, 2037, 2038, 2039, 2040, 2041, 2042, 2043, 2044, 2045, 2046, 2047};global
resnet+2390;3400;3510;2;344;{1985, 1986, 1987, 1711, 1712, 1713, 1714, 1715, 1716, 1717, 1718, 1719, 1720, 1721, 1722, 1723, 1724, 1725, 1726, 1727, 1728, 1729, 1730, 1731, 1732, 1733, 1734, 1735, 1736, 1737, 1738, 1739, 1740, 1988, 1989, 1990, 1991, 1992, 1993, 1994, 1512, 1513, 1514, 1980, 1981, 1982, 1983, 1984};global
resnet+2390;3400;3510;1;344;{81, 67, 628};global
gromacs+2392;3410;3530;3;143;{1809, 1810, 1811, 1812, 1813, 1814, 1815, 1816, 1817, 1818, 1819, 1820, 1821, 1822, 1823, 1824, 1825, 1826, 1827, 1828, 1829, 1830, 1831, 1832, 1833, 1834, 1835, 1836, 1837, 1838, 1839, 1840, 1841, 1842, 1843, 1844, 1845, 1846, 1847, 1848, 1849, 1850, 1851, 1852, 1853, 1854, 1855, 1856, 1857, 1858, 1859, 1860, 1861, 1862, 1863, 1864, 1865, 1866, 1867, 1868, 1869, 1870, 1871, 1872, 1873, 1874, 1875, 1876, 1877, 1878, 1879, 1880, 1881, 1882, 1883, 1884, 1885, 1886, 1887, 1888, 1889, 1890, 1891, 1892, 1893, 1894, 1895, 1896, 1897, 1898, 1899, 1900, 1901, 1902, 1903, 1904, 1905, 1906, 1907, 1908, 1909, 1910, 1911, 1912, 1913, 1914, 1915, 1916, 1917, 1918, 1919, 1920, 1921, 1922, 1923, 1924, 1925, 1926, 1927, 1928, 1929, 1930, 1931, 1932, 1933, 1934, 1935, 1936, 1937, 1938, 1939, 1940, 1941, 1942, 1943, 1944, 1945, 1946, 1947, 1948, 1949, 1950, 1951};local
resnet+2395;3410;3440;1;217;{552, 553, 554, 555, 556, 557, 558, 559, 560, 561, 1843, 1844, 620, 621, 622, 629, 630, 631, 1764, 1765, 1766, 1767, 1768, 1769, 1770, 1771, 1772, 1773, 1774, 1775, 1776, 1777, 1778, 1779, 1780, 1781, 1782, 1783, 1784, 1785, 1786, 1787, 1788, 1789, 1790, 1791, 1792, 1793, 1794, 1795, 1796, 1797, 1798, 1799, 1800, 1801, 1802, 1803, 1804, 1805, 1806, 1807, 1808, 1809, 1810, 1811, 1812, 1813, 1814, 1815, 1816, 1817, 1818, 1819, 1820, 1821, 1822, 1823, 1824, 1825, 1826, 1827, 1828, 1829, 1830, 1831, 1832, 1833, 1834, 1835, 1836, 1837, 1838, 1839, 1840, 1841, 1842, 1331, 1332, 1333, 1334, 1335, 1336, 1337, 1338, 1339, 1340, 1341, 1845, 1846, 1847, 1848, 1849, 1850, 1851, 1852, 1853, 1854, 1855, 1856, 1857, 1858, 1859, 1860, 1861, 1862, 1863, 1864, 1865, 1866, 1867, 1868, 1869, 1870, 1871, 1872, 1873, 1874, 1875, 1876, 1877, 1878, 1879, 1880, 1881, 1882, 1883, 1884, 1885, 1886, 1887, 1888, 1889, 1890, 1891, 2465, 2466, 2467, 2468, 2469, 2470, 2471, 2472, 2473, 2474, 2475};global
resnet+2395;3410;3440;3;217;{1952, 1953, 1954, 1955, 1956, 1957, 1958, 1959, 1960, 1961, 1962, 1963, 1964, 1965, 1966, 1967, 1968, 1969, 1970, 1971, 1972, 1973, 1974, 1975, 1976, 1977, 1978, 1979, 1980, 1981, 1982, 1983, 1984, 1985, 1986, 1987, 1988, 1989, 1990, 1991, 1992};global
resnet+2395;3410;3440;0;217;{2059, 2060, 2061, 2062, 2071, 2041, 2042, 2043, 2044};global
resnet+2395;3410;3440;2;217;{1741};global
gromacs+2406;3420;3480;2;41;{543, 544, 545, 546, 547, 548, 549, 550, 551, 552, 553, 554, 555, 556, 557, 558, 559, 560, 561, 562, 563, 564, 565, 566, 567, 568, 569, 570, 571, 572, 573, 574, 575, 576, 577, 578, 579, 580, 581, 582, 583};local
resnet+2428;3420;3480;2;4;{1130, 1131, 1132, 1133};local
gromacs+2446;3420;3490;2;2;{1134, 1135};local
openfoam+2459;3420;3540;2;1;{1136};local
shufflenet+2496;3420;3480;2;1;{1137};local
resnet+2397;3430;3450;2;217;{1138, 1139, 1140, 2207, 2208, 2209, 2210, 2211, 2212, 2213, 2214, 2215, 2216, 2217, 2218, 2219, 2220, 2221, 2222, 2223, 2224, 2225, 2226, 2227, 2228, 2229, 2230, 2231, 2232, 2233, 2234, 2235, 2236, 2237, 2238, 2239, 2240, 2241, 2242, 2243, 2244, 2245, 2246, 2247, 2248, 2249, 2250, 2251, 2252, 2253, 2254, 2255, 2256, 2257, 2258, 2259, 2260, 2261, 2262, 2263, 2264, 2265, 2266, 2267, 2268, 2269, 2270, 2271, 2272, 2273, 2274, 2275, 2276, 2277, 2278, 2279, 2280, 2281, 2282, 2283, 2284, 2285, 2286, 2287, 2288, 2289, 2290, 2291, 2292, 2293, 2294, 2295, 2296, 2297, 2298, 2299, 2300, 2301, 2302, 2303, 2304, 2305, 2306, 2307, 2308, 2309, 2310, 2311, 2312, 2313, 2314, 2315, 2316, 2317, 2318, 2319, 2320, 2321, 2322, 2323, 1959, 1960, 1961, 1962, 1963, 1964, 1965, 1966, 1967, 1968, 1969, 1970, 1971, 1972, 1973, 1974, 1975, 1976, 1977, 1978, 1979, 1532, 1533, 1534, 1535};global
resnet+2397;3430;3450;1;217;{2345, 2346, 1949, 1950, 1951, 1952, 1953, 1954, 1955, 1956, 1957, 1958, 1959, 1960, 1961, 1962, 1963, 1964, 1965, 1966, 1967, 1968, 1969, 1970, 1971, 2347, 2348, 2349, 2350, 2351, 2352, 2353, 2354, 2355, 2356, 2357, 2358, 2359, 2360, 2361, 2362, 2363, 2364, 2365, 632, 633, 634};global
resnet+2397;3430;3450;3;217;{2198, 2199, 2200, 2201, 2202, 2203, 2204, 2205, 2206, 2207, 2208, 2209, 2210, 2211, 2212, 2213, 2214, 2215, 2216, 2217, 2218, 2219, 2220, 2221, 2222};global
gromacs+2399;3440;3480;2;179;{1536, 1537, 1538, 1542, 1543, 1528, 1544, 1548, 1549, 1550, 1551, 1552, 1553, 1557, 1558, 1559, 1560, 1561, 1562, 1563, 1564, 1565, 1566, 1574, 1575, 1576, 1577, 1582, 1583, 1584, 1585, 1586, 1455, 1459, 1464, 1469, 378, 381, 379, 372, 373, 343, 344, 345, 346, 347, 348, 349, 350, 374, 375, 380, 376, 377, 1388, 1389, 1390, 1391, 1392, 1393, 1394, 1395, 1396, 1397, 1398, 1399, 1400, 1401, 1402, 1403, 1404, 1405, 1406, 1407, 384, 385, 386, 387, 388, 389, 390, 391, 392, 393, 394, 395, 396, 397, 398, 399, 400, 401, 402, 1420, 1422, 1424, 1425, 1426, 1427, 1429, 1430, 1431, 1428, 1432, 1433, 1434, 1435, 1436, 1437, 1438, 383, 1439, 1440, 1441, 1442, 1443, 1444, 1445, 1446, 1408, 1447, 1448, 1449, 1450, 1409, 1451, 1452, 1453, 1454, 1410, 382, 1456, 1457, 1458, 1411, 1460, 1461, 1462, 1463, 1412, 1465, 1466, 1467, 1468, 1413, 1470, 1471, 1472, 1473, 1474, 1475, 1476, 1477, 1478, 1479, 1480, 1501, 1502, 1503, 1504, 1505, 1506, 1507, 1508, 1509, 1510, 1511, 1421, 1518, 1519, 1520, 1521, 1522, 1523, 1524, 1423, 1529, 1530, 1531};local
resnet+2400;3440;3450;1;217;{2048, 2049, 2050, 2051, 2052, 2053, 2054, 2055, 2056, 2057, 2058, 2059, 2060, 2061, 2062, 2063, 2064, 2065, 2066, 2067, 2068, 2069, 2070, 2071, 2072, 2073, 2074, 2075, 2076, 2077, 2078, 2079, 2080, 2081, 2082, 2083, 2084, 2085, 2086, 2087, 2088, 2089, 2090, 2091, 2092, 2093, 2094, 2095, 2096, 2097, 2098, 2099, 2100, 2101, 2102, 2103, 2104, 2105, 2106, 2107, 2108, 61, 2109, 2110, 2111, 2112, 2113, 2114, 2115, 2116, 2117, 2118, 2119, 2120, 2121, 2122, 2123, 2124, 2125, 2126, 2127, 2128, 2129, 2130, 2131, 2132, 2133, 2134, 2135, 2136, 2137, 2138, 2139, 2140, 2141, 2142, 2143, 2144, 2145, 2146, 2147, 2148, 2149, 2150, 2151, 2152, 2153, 2154, 2155, 2156, 2157, 2158, 2159, 2160, 2161, 2162, 2163, 2164, 2165, 2166, 2167, 2168, 2169, 1918, 1919, 1920, 1921, 1922, 1923, 1924, 1925, 1926, 1927, 1928, 1929, 1930, 1931, 1932, 1933, 1934, 1935, 1936, 1937, 1938, 1939, 1940, 1941, 1942, 1943, 1944, 1945, 1946, 1947, 1948, 1972, 1973, 1974, 1975, 1976, 1977, 1978, 1979, 1980, 1981, 459, 1996, 1997, 1998, 1999, 2000, 2001, 2002, 2003, 2004, 2005, 2006, 2007, 2008, 2009, 2010, 2011, 2012, 2013, 2014, 2015, 2016, 2017, 2018, 2019, 2020, 2021, 2022, 2023, 2024, 2025, 2026, 2027, 2028, 2029, 2030, 2031, 2032, 2033, 2034, 2035, 2036, 2037, 2038, 2039, 2040, 2041, 2042, 2043, 2044, 2045, 2046, 2047};local
gromacs+2402;3440;3480;2;196;{1587, 1588, 1589, 1590, 1591, 1592, 1593, 1594, 1595, 1596, 1597, 1601, 1602, 1603, 1604, 1605, 1606, 1607, 1612, 1613, 1614, 1615, 1616, 1617, 1618, 1619, 1620, 1621, 1622, 1623, 1624, 1628, 1629, 1630, 1635, 1636, 1637, 1641, 1642, 1643, 1644, 1645, 1646, 1647, 1648, 1649, 1650, 1651, 1652, 1653, 1654, 1655, 1656, 1657, 1658, 1659, 1660, 1661, 1662, 1663, 1664, 1665, 1666, 1667, 1668, 1669, 1670, 1671, 1672, 1673, 1674, 1675, 1676, 1677, 1678, 1679, 1680, 1681, 1682, 1683, 1684, 1685, 1686, 1687, 1688, 1689, 1690, 1691, 1692, 1693, 1694, 1695, 1696, 1697, 1698, 1699, 1700, 1701, 1702, 1703, 1704, 1705, 1706, 1707, 1708, 1742, 1743, 1744, 1745, 1746, 1747, 1748, 1749, 1750, 1751, 1752, 1753, 1754, 1755, 1756, 1757, 1758, 1759, 1760, 1761, 1762, 1763, 1764, 1765, 1766, 1767, 1768, 1769, 1770, 1771, 1772, 1773, 1774, 1775, 1776, 1777, 1778, 1779, 1780, 1781, 1782, 1783, 1784, 1785, 1786, 1787, 1788, 1789, 1790, 1791, 1792, 1793, 1794, 1795, 1796, 1797, 1798, 1799, 1800, 1801, 1802, 1803, 1804, 1805, 1806, 1807, 1808, 1809, 1810, 1811, 1812, 1813, 1814, 1815, 1816, 1817, 1818, 1819, 1820, 1821, 1822, 1823, 1824, 1825, 1826, 1827, 1828, 1829, 1830, 1831, 1832};local
resnet+2463;3440;3460;0;261;{2063, 2066, 2068, 1810, 1811, 1812, 1813, 1814, 1815, 1816, 1817, 1818, 1819, 1820, 1821, 1822, 1823, 1824, 1825, 1826, 1827, 1828, 1829, 1830, 1831, 1832, 1833, 1834, 1835, 1836, 1837, 2351, 2352, 2353, 2354, 2355, 2356, 2357, 2358, 2359, 2360, 2361, 2362, 2363, 2364, 2365, 2366, 2367, 2368, 2369, 2370, 2371, 2372, 2373, 2374, 2375, 2376, 2377, 2378, 2379, 2380, 2381, 2382, 2383, 2384, 2385, 2386, 2387, 2388, 2389, 2390, 2391, 2392, 2393, 2394, 2395, 2396, 2397, 2398, 2399, 2400, 2401, 2402, 2403, 2404, 2405, 2406, 2407, 2408, 2409, 2410, 2411, 2412, 2413, 2414, 2415, 2416, 2417, 2418, 2419, 2420, 2421, 2422, 2423, 2424, 2425, 2426, 2427, 2428, 2429, 2430, 2431, 2432, 2433, 2434, 2435, 2436, 2437, 2438, 2439, 2440, 2441, 2442, 2443, 2444, 2445, 2446, 2447, 2448, 2449, 2450, 2451, 2452, 2453, 2454, 2455, 2456, 2457, 2458, 2459, 2460, 2461, 2462, 2463, 2464, 2465, 2466, 2467, 2468, 2469, 2470, 2471, 2472, 2473, 2474, 2475, 2476, 2477, 2478, 2479, 2480, 2481, 2482, 2483, 2484, 2485, 2486, 2487, 2488, 2489, 2490, 2491, 2492, 2493, 2494, 2495, 2496, 2497, 2498, 2499, 2036, 2037, 2038, 2039, 2040};global
resnet+2463;3440;3460;1;261;{2176, 2177, 2178, 2179, 2180, 2181, 2182, 2183, 2184, 2185, 2186, 2187, 2188, 2189, 2190, 2191, 2192, 2193, 2194, 2195, 2196, 2197, 2198, 2199, 2200, 2201, 2202, 2203, 2204, 2205, 2206, 2207, 2208, 2209, 2210, 2211, 2212, 2213, 2214, 2215, 2216, 2217, 2218, 2219, 2220, 2221, 2222, 2223, 2224, 2225, 2226, 2227, 2228, 2229, 2230, 2231, 2232, 2233, 2234, 2235, 2236, 2237, 2238, 2239, 2240, 2241, 2242, 2243, 2244, 2245, 2170, 2171, 2172, 2173, 2174, 2175};global
gromacs+2471;3440;3520;2;84;{1833, 1834, 1835, 1836, 1837, 1838, 1839, 1840, 1841, 1842, 1843, 1844, 1845, 1846, 2411, 2412, 2413, 2414, 2415, 2416, 2417, 2418, 2419, 2420, 2421, 2422, 2423, 2424, 2425, 2426, 2427, 2428, 2429, 2430, 2431, 2432, 2433, 2434, 2435, 2436, 2437, 2438, 2439, 2440, 2441, 2442, 2443, 2444, 2445, 2446, 2447, 2448, 2449, 2450, 2451, 2452, 2453, 2454, 2455, 2456, 2457, 2458, 2459, 2460, 2461, 2462, 2463, 2464, 2465, 2466, 2467, 2468, 2469, 2470, 2471, 2472, 2473, 2474, 2475, 2476, 2477, 2478, 1995, 1996};local
resnet+2464;3450;3460;3;481;{2239, 1557, 1558, 1566, 1567, 1568, 1569, 1570, 1571, 1572, 1573, 1574, 1575, 1576, 1577, 1578, 1579, 1580, 1581, 1582, 1583, 1584, 1585, 1586, 1587, 1588, 1593, 1594, 1595, 1602, 1603, 1604, 1609, 1610, 1611, 1612, 1613, 1614, 1615, 1616, 1617, 1618, 1619, 1620, 1621, 1622, 1623, 1624, 1625, 1626, 1627, 1628, 1629, 1633, 1634, 1635, 1636, 1637, 1638, 1639, 1640, 1644, 1645, 1646, 1647, 1648, 1649, 1650, 1651, 1652, 1653, 1654, 1655, 1656, 1657, 1658, 1659, 1660, 1661, 1662, 1663, 1664, 1665, 1666, 1667, 1668, 1669, 1670, 1671, 1672, 1673, 1674, 1675, 1676, 1677, 1678, 1679, 1680, 1681, 1682, 1683, 1684, 1685, 1686, 1687, 1688, 1689, 1690, 1691, 1692, 1693, 1694, 1695, 1696, 1697, 1698, 1699, 1700, 1701, 1702, 1703, 1704, 1705, 1706, 1707, 1708, 1709, 1710, 1711, 1712, 1713, 1714, 1715, 1716, 1717, 1718, 1719, 1720, 1721, 1722, 1723, 1724, 1725, 1726, 1727, 1728, 1729, 1730, 1731, 1732, 1733, 1734, 1735, 1736, 1737, 1738, 1739, 1740, 1741, 1742, 1743, 1744, 1745, 1746, 1747, 1748, 1749, 1750, 1751, 1752, 1753, 1754, 1755, 1756, 1757, 1758, 1759, 1760, 1761, 1762, 1763, 1764, 1765, 1766, 1767, 1768, 1769, 1770, 1771, 1772, 1773, 1774, 1775, 1776, 1777, 1778, 1779, 1780, 1781, 1782, 1783, 1784, 1785, 1786, 1787, 1788, 1789, 1790, 1791, 1792, 1793, 1794, 1795, 1796, 1797, 1798, 1799, 1800, 1801, 1802, 1803, 1804, 1805, 1806, 783, 1807, 1808, 1305, 1306, 1307, 1308, 1309, 1310, 1311, 1312, 1313, 1314, 1315, 1316, 1317, 2462, 2463, 2464, 2474, 2223, 2224, 2225, 2226, 2227, 2228, 2229, 2230, 2231, 2232, 2233, 2234, 2235, 2236, 2237, 2238};global
resnet+2464;3450;3460;2;481;{2048, 2049, 2050, 2051, 2052, 2053, 2054, 2055, 2056, 2057, 2058, 2059, 2060, 2061, 2062, 2063, 2064, 2065, 2066, 2067, 2068, 2069, 2070, 2071, 2072, 2073, 2074, 2075, 2076, 2077, 2078, 2079, 2080, 2081, 2082, 2083, 2084, 2085, 2086, 2087, 2088, 2089, 2090, 2091, 2092, 2093, 2094, 2095, 2096, 2097, 2098, 2099, 2100, 2101, 2102, 2103, 2104, 2105, 2106, 2107, 2108, 2109, 2110, 2111, 2112, 2113, 2114, 2115, 2116, 2117, 2118, 2119, 2120, 2121, 2122, 2123, 2124, 2125, 2126, 2127, 2128, 2129, 2130, 2131, 2132, 2133, 2134, 2135, 2136, 2137, 2138, 2139, 2140, 2141, 2142, 2143, 2144, 2145, 2146, 2147, 2148, 2149, 2150, 2151, 2152, 2153, 2154, 2155, 2156, 2157, 2158, 2159, 2160, 2161, 2162, 2163, 2164, 2165, 2166, 2167, 2168, 2169, 2170, 2171, 2172, 2173, 2174, 2175, 2176, 2177, 2178, 2179, 2180, 2181, 2182, 2183, 2184, 2185, 2186, 2187, 2188, 2189, 2190, 2191, 2192, 2193, 2194, 2195, 2196, 2197, 2198, 2199, 2200, 2201, 2202, 2203, 2204, 2205, 2206, 2479, 2480, 2481, 2482, 2483, 2484, 2485, 2486, 2487, 2488, 2489, 1997, 1998, 1999, 2000, 2001, 2002, 2003, 2004, 2005, 2006, 2007, 2008, 2009, 2010, 2011, 2012, 2013, 2014, 2015, 2016, 2017, 2018, 2019, 2020, 2021, 2022, 2023, 2024, 2025, 2026, 2027, 2028, 2029, 2030, 2031, 2032, 2033, 2034, 2035, 2036, 2037, 2038, 2039, 2040, 2041, 2042, 2043, 2044, 2045, 2046, 2047};global
gromacs+2466;3460;3500;0;226;{2049, 2050, 2051, 2052, 2053, 2054, 2055, 1550, 1551, 1552, 2069, 2072, 2073, 2074, 2075, 2076, 2077, 2078, 2079, 2080, 2081, 2082, 2083, 2084, 2085, 2086, 2087, 2088, 2089, 2090, 2091, 2092, 2093, 2094, 2095, 2096, 2097, 2098, 2099, 2100, 2101, 2102, 2103, 2104, 2105, 2106, 59, 60, 61, 62, 63, 2112, 2113, 2114, 2115, 2116, 64, 65, 66, 67, 72, 2117, 2118, 2119, 2120, 2121, 2122, 2123, 2124, 2125, 2126, 2127, 2128, 2129, 2130, 2131, 2132, 2133, 2134, 2135, 2136, 2137, 2138, 2139, 2140, 2141, 2142, 2143, 2144, 2145, 2146, 2147, 2148, 2149, 2150, 2151, 2152, 2153, 2154, 2155, 2156, 2157, 2158, 2159, 2160, 2161, 2162, 2163, 2164, 2165, 2166, 2167, 2168, 2169, 2170, 2171, 2172, 2173, 2174, 2175, 2176, 2177, 2178, 2179, 2180, 2181, 2182, 2183, 2184, 2185, 2186, 2187, 2188, 2189, 2190, 2191, 2192, 2193, 2194, 2195, 2196, 2197, 2198, 2199, 2200, 2201, 2202, 2203, 2204, 2205, 2206, 2207, 2107, 2108, 2109, 2110, 2111, 1991, 1992, 1993, 1994, 1995, 1996};global
gromacs+2466;3460;3500;1;226;{2392, 2393, 2394, 2395, 2396, 2296, 2297, 428, 2246, 2247, 2248, 2249, 2250, 2251, 2252, 2253, 2254, 2255, 2256, 2257, 2258, 2259, 2260, 2261, 2262, 2263, 2264, 2265, 2266, 2267, 2268, 2269, 2270, 2271, 2272, 2273, 2274, 2275, 2276, 2277, 2278, 2279, 2280, 2281, 2282, 2283, 2284, 2285, 2286, 2287, 2288, 2289, 2290, 2291, 2292, 2293, 2294, 2295, 120, 121, 2298, 2299, 2391};global
resnet+2468;3480;3500;3;193;{1053, 1054, 1055, 1056, 1057, 1058, 1059, 1060, 1061, 1062, 1063, 1064, 1065, 1066, 1067, 1068, 1069, 1070, 1071, 1072, 1073, 1074, 1075, 1076, 1077, 1078, 1079, 1080, 1081, 1082, 1083, 1084, 1085, 1086, 1087, 1088, 1089, 1090, 1091, 1092, 1093, 1094, 1095, 1096, 1103, 1104, 1105, 1106, 1107, 1108, 1109, 1110, 1111, 1112, 1113, 1114, 1115, 1116, 1117, 1118, 1119, 1120, 1121, 1122, 1123, 1124, 1125, 1126, 1127, 1128, 1129, 1130, 1131, 1132, 1133, 1134, 1135, 1136, 1137, 1138, 1139, 1140, 1141, 1142, 1143, 1144, 1145, 1146, 1147, 1148, 1149, 1150, 1151, 1152, 1153, 1154, 1155, 1156, 1157, 1206, 1207, 1208, 1209, 1210, 1211, 1212, 1213, 1214, 1215, 1216, 1217, 1218, 1219, 1220, 1221, 1222, 1223, 1224, 1225, 1226, 1227, 1228, 798, 799, 800, 801, 802, 803, 804, 805, 865, 866, 867, 868, 869, 870, 871, 872, 873, 874, 875, 876, 877, 878, 879, 880, 881, 882, 883, 884, 885, 886, 887, 888, 889, 890, 891, 892, 893, 894, 895, 896, 897, 898, 899, 900, 901, 918, 919, 920, 921, 922, 923, 924, 925, 926, 927, 928, 929, 930, 931, 932, 933, 934, 935, 936, 937, 938, 939, 940, 941, 942, 943};local
gromacs+2469;3480;3500;3;182;{1539, 1540, 1541, 1542, 1543, 1544, 1545, 1546, 1547, 1548, 1552, 1553, 1554, 1555, 1556, 1229, 1230, 1231, 1232, 1233, 1234, 1235, 1236, 1237, 1264, 1265, 1266, 1267, 1268, 1269, 1270, 1271, 1272, 1273, 1274, 1275, 1276, 1296, 1297, 1298, 1299, 1300, 1301, 1302, 1303, 1304, 1318, 1319, 1320, 1321, 1322, 1323, 1324, 1325, 1326, 1327, 1328, 1329, 1330, 1331, 1332, 1333, 1334, 1335, 1336, 1337, 1338, 1339, 1340, 1341, 1342, 1343, 1381, 1382, 1383, 1384, 1385, 1386, 1387, 1388, 1389, 1390, 1391, 1392, 1402, 1403, 1404, 1405, 1406, 1407, 1408, 1409, 1410, 1411, 1412, 1413, 1425, 1426, 1427, 1428, 1429, 1430, 1431, 1432, 1433, 1434, 1435, 1436, 1437, 1438, 1439, 1440, 1441, 1442, 1443, 1444, 1445, 1446, 1447, 1448, 1449, 1450, 1451, 1452, 1453, 1454, 1486, 1487, 1488, 1489, 1490, 1491, 1492, 1493, 1494, 1495, 1496, 1497, 1498, 1499, 1519, 1520, 1521, 1522, 1523, 1524, 1525, 1526, 1527, 1528, 1529};global
gromacs+2469;3480;3500;1;182;{1915, 1916, 1917, 2397, 2398, 1892, 1893, 1894, 1895, 1896, 1897, 1898, 1899, 1900, 1901, 1902, 1903, 1904, 1905, 1906, 1907, 1908, 1909, 1910, 1911, 1912, 1913, 1914, 635, 636, 637};global
resnet+2473;3480;3530;1;93;{2432, 2433, 2434, 2435, 2436, 2437, 2438, 2439, 2440, 2441, 2442, 2443, 2444, 2445, 2446, 2447, 2448, 2449, 2450, 2451, 2452, 2453, 2454, 2455, 2456, 2457, 2458, 2459, 2460, 2461, 2462, 2399, 2400, 2401, 2402, 2403, 2404, 2405, 2406, 2407, 2408, 2409, 2410, 2411, 2412, 2413, 2414, 2415, 2427, 2428, 2429, 2430, 2431};global
resnet+2473;3480;3530;0;93;{2067, 2344, 41, 2345, 2346, 2347, 2348, 2349, 2350, 1997, 1998, 1999, 2000, 2001, 2002, 2003, 2004, 2005, 2006, 2007, 2008, 2009, 2010, 2011};global
resnet+2473;3480;3530;2;93;{2491, 2490, 2386, 2387, 2388, 2389, 2390, 2391, 2392, 2393, 2394, 2395, 2396, 2397, 2398, 2399};global
gromacs+2484;3490;3520;0;11;{2016, 2017, 2018, 2019, 2020, 2021, 2022, 2012, 2013, 2014, 2015};local
resnet+2495;3490;3540;1;2;{2416, 2417};local
gromacs+2516;3490;3530;1;5;{2418, 2419, 2420, 2421, 2422};local
resnet+2525;3490;3520;1;3;{2424, 2425, 2423};local
gromacs+2527;3490;3500;0;2;{2342, 2343};local
openfoam+2541;3490;3540;1;1;{2426};local
resnet+2474;3500;3510;1;77;{552, 553, 554, 555, 556, 557, 558, 559, 560, 561, 620, 621, 622, 629, 630, 631, 1764, 1765, 1766, 1767, 1768, 1769, 1770, 1771, 1772, 1773, 1774, 1775, 1776, 1777, 1778, 1779, 1780, 1781, 1782, 1783, 1784, 1785, 1786, 1787, 1788, 1789, 1790, 1791, 1792, 1793, 1794, 1795, 1796, 1797, 1798, 1799, 1800, 1801, 1802, 1803, 1804, 1805, 1806, 1807, 1808, 1809, 1810, 1811, 1812, 1813, 1331, 1332, 1333, 1334, 1335, 1336, 1337, 1338, 1339, 1340, 1341};local
gromacs+2502;3500;3540;0;223;{2059, 2060, 2061, 2062, 2064, 2071, 2215, 2216, 2217, 2218, 2219, 2220, 2221, 2222, 2223, 2224, 2225, 2226, 2227, 2228, 2229, 2230, 2231, 2232, 2233, 2234, 2235, 2236, 2237, 2238, 2239, 2240, 2241, 2242, 2243, 2244, 2245, 2246, 2247, 2248, 2249, 2250, 2251, 2252, 2253, 2254, 2255, 2256, 2257, 2258, 2259, 2260, 2261, 2262, 2263, 2264, 2265, 2266, 2267, 2268, 2269, 2270, 2271, 2272, 2273, 2274, 2275, 2276, 2277, 2278, 2279, 2280, 2281, 2282, 2283, 2284, 2285, 2286, 2287, 2288, 2289, 2290, 2291, 2292, 2293, 2294, 2295, 2296, 2297, 2298, 2299, 2300, 2301, 2302, 2303, 2304, 2305, 2306, 2307, 2308, 2309, 2310, 2311, 2312, 2313, 2314, 2315, 2316, 2317, 2318, 2319, 2320, 2321, 2322, 2323, 2324, 2325, 2326, 2327, 2328, 2329, 2330, 2331, 2332, 2041, 2042, 2043, 2044};global
gromacs+2502;3500;3540;1;223;{2342, 2343, 2344, 1814, 1815, 1816, 1817, 1818, 1819, 1820, 1821, 1822, 1823, 1824, 1825, 1826, 1827, 1828, 1829, 1830, 1831, 1832, 1833, 1834, 1835, 1836, 1837, 1838, 1839, 1840, 1841, 1842, 1843, 1844, 1845, 1846, 1847, 1848, 1849, 1850, 1851, 1852, 1853, 1854, 1855, 1856, 1857, 1858, 1859, 1860, 1861, 1862, 1863, 1864, 1865, 1866, 1867, 1868, 1869, 1870, 1871, 1872, 1873, 1874, 1875, 1876, 1877, 1878, 1879, 1880, 1881, 1882, 1883, 1884, 1885, 1886, 1887, 1888, 1889, 1890, 1891, 2465, 2466, 2467, 2468, 2469, 2470, 2471, 2472, 2473, 2474, 2475, 1994, 1995};global
gromacs+2502;3500;3540;3;223;{1952};global
resnet+2505;3500;3510;3;32;{1953, 1954, 1955, 1956, 1957, 1958, 1959, 1960, 1961, 1962, 1963, 1964, 1965, 1966, 1967, 1968, 1969, 1970, 1971, 1972, 1973, 1974, 1975, 1976, 1977, 1978, 1979, 1980, 1981, 1982, 1983, 1984};local
gromacs+2498;3510;3530;1;286;{2048, 2049, 2050, 2051, 2052, 2053, 2054, 2055, 2056, 2057, 2058, 2059, 2060, 2061, 2062, 2063, 2064, 2065, 2066, 2067, 2068, 2069, 2070, 2071, 2072, 2073, 2074, 2075, 2076, 2077, 2078, 2079, 2080, 2081, 2082, 2083, 2084, 2085, 2086, 2087, 2088, 2089, 2090, 2091, 2092, 2093, 2094, 2095, 2096, 2097, 2098, 2099, 2100, 2101, 2102, 2103, 2104, 2105, 2106, 2107, 2108, 61, 2109, 2110, 2111, 2112, 2113, 2114, 2115, 2116, 2117, 2118, 2119, 2120, 2121, 2122, 2123, 2124, 2125, 2126, 2127, 2128, 2129, 2130, 2131, 2132, 2133, 2134, 2135, 2136, 2137, 2138, 2139, 2140, 2141, 2142, 2143, 2144, 2145, 2146, 2147, 2148, 2149, 2150, 2151, 2152, 2153, 2154, 2155, 2156, 2157, 623, 624, 625, 626, 627, 2158, 2159, 2160, 2161, 632, 633, 634, 2162, 2163, 2164, 638, 639, 2167, 2168, 2169, 2165, 2166, 2345, 2346, 2347, 2348, 2349, 2350, 2351, 2352, 2353, 2354, 2355, 2356, 2357, 2358, 2359, 2360, 2361, 2362, 2363, 2364, 2365, 1918, 1919, 1920, 1921, 1922, 1923, 1924, 1925, 1926, 1927, 1928, 1929, 1930, 1931, 1932, 1933, 1934, 1935, 1936, 1937, 1938, 1939, 1940, 1941, 1942, 1943, 1944, 1945, 1946, 1947, 1948, 1949, 1950, 1951, 1952, 1953, 1954, 1955, 1956, 1957, 1958, 1959, 1960, 1961, 1962, 1963, 1964, 1965, 1966, 1967, 1968, 1969, 1970, 1971, 1972, 1973, 1974, 1975, 1976, 1977, 1978, 1979, 1980, 1981, 459, 1996, 1997, 1998, 1999, 2000, 2001, 2002, 2003, 2004, 2005, 2006, 2007, 2008, 2009, 2010, 2011, 2012, 2013, 2014, 2015, 2016, 2017, 2018, 2019, 2020, 2021, 2022, 2023, 2024, 2025, 2026, 2027, 2028, 2029, 2030, 2031, 2032, 2033, 2034, 2035, 2036, 2037, 2038, 2039, 2040, 2041, 2042, 2043, 2044, 2045, 2046, 2047};global
gromacs+2498;3510;3530;2;286;{1959, 1960, 1961, 1962, 1963, 1964, 1741, 1965, 1138, 1139, 1140, 1532, 1533, 1534, 1535};global
resnet+2507;3510;3530;2;28;{2207, 2208, 2209, 2210, 2211, 2212, 2213, 2214, 2215, 2216, 2217, 2218, 2219, 2220, 1966, 1967, 1968, 1969, 1970, 1971, 1972, 1973, 1974, 1975, 1976, 1977, 1978, 1979};local
gromacs+2508;3510;3530;2;23;{2221, 2222, 2223, 2224, 2225, 2226, 2227, 2228, 2229, 2230, 2231, 2232, 2233, 2234, 2235, 2236, 2237, 2238, 2239, 2240, 2241, 2242, 2243};local
resnet+2497;3520;3530;3;980;{2198, 2199, 2200, 2201, 2202, 2203, 2204, 2205, 2206, 2207, 2208, 2209, 2210, 2211, 2212, 2213, 2214, 2215, 2216, 2217, 2218, 2219, 2220, 2221, 2222, 2223, 2224, 2225, 2226, 2227, 2228, 2229, 2230, 2231, 2232, 2233, 2234, 2235, 2236, 2237, 2238, 2239, 2421, 2422, 2423, 2424, 2425, 2426, 2427, 2428, 2429, 2430, 2431, 2432, 2433, 2434, 2435, 2436, 2437, 2438, 2439, 2440, 2441, 2442, 2443, 2444, 2445, 2446, 2447, 2448, 2449, 2450, 2451, 2452, 2453, 2454, 2455, 2456, 2457, 2458, 2459, 2460, 2461, 2462, 2463, 2464, 2474, 783, 1305, 1306, 1307, 1308, 1309, 1310, 1311, 1312, 1313, 1314, 1315, 1316, 1317, 1557, 1558, 1566, 1567, 1568, 1569, 1570, 1571, 1572, 1573, 1574, 1575, 1576, 1577, 1578, 1579, 1580, 1581, 1582, 1583, 1584, 1585, 1586, 1587, 1588, 1593, 1594, 1595, 1602, 1603, 1604, 1609, 1610, 1611, 1612, 1613, 1614, 1615, 1616, 1617, 1618, 1619, 1620, 1621, 1622, 1623, 1624, 1625, 1626, 1627, 1628, 1629, 1633, 1634, 1635, 1636, 1637, 1638, 1639, 1640, 1644, 1645, 1646, 1647, 1648, 1649, 1650, 1651, 1652, 1653, 1654, 1655, 1656, 1657, 1658, 1659, 1660, 1661, 1662, 1663, 1664, 1665, 1666, 1667, 1668, 1669, 1670, 1671, 1672, 1673, 1674, 1675, 1676, 1677, 1678, 1679, 1680, 1681, 1682, 1683, 1684, 1685, 1686, 1687, 1688, 1689, 1690, 1691, 1692, 1693, 1694, 1695, 1696, 1697, 1698, 1699, 1700, 1701, 1702, 1703, 1704, 1705, 1706, 1707, 1708, 1709, 1710, 1711, 1712, 1713, 1714, 1715, 1716, 1717, 1718, 1719, 1720, 1721, 1722, 1723, 1724, 1725, 1726, 1727, 1728, 1729, 1730, 1731, 1732, 1733, 1734, 1735, 1736, 1737, 1738, 1739, 1740, 1741, 1742, 1743, 1744, 1745, 1746, 1747, 1748, 1749, 1750, 1751, 1752, 1753, 1754, 1755, 1756, 1757, 1758, 1759, 1760, 1761, 1762, 1763, 1764, 1765, 1766, 1767, 1768, 1769, 1770, 1771, 1772, 1773, 1774, 1775, 1776, 1777, 1778, 1779, 1780, 1781, 1782, 1783, 1784, 1785, 1786, 1787, 1788, 1789, 1790, 1791, 1792, 1793, 1794, 1795, 1796, 1797, 1798, 1799, 1800, 1801, 1802, 1803, 1804, 1805, 1806, 1807, 1808, 1985, 1986, 1987, 1988, 1989, 1990, 1991, 1992};global
resnet+2497;3520;3530;2;980;{2048, 2049, 2050, 2051, 2052, 2053, 2054, 2055, 2056, 2057, 2058, 2059, 2060, 2061, 2062, 2063, 2064, 2065, 2066, 2067, 2068, 2069, 2070, 2071, 2072, 2073, 2074, 2075, 2076, 2077, 2078, 2079, 2080, 2081, 2082, 2083, 2084, 2085, 2086, 2087, 2088, 2089, 2090, 2091, 2092, 2093, 2094, 2095, 2096, 2097, 2098, 2099, 2100, 2101, 2102, 2103, 2104, 2105, 2106, 2107, 2108, 2109, 2110, 2111, 2112, 2113, 2114, 2115, 2116, 2117, 2118, 2119, 2120, 2121, 2122, 2123, 2124, 2125, 2126, 2127, 2128, 2129, 2130, 2131, 2132, 2133, 2134, 2135, 2136, 2137, 2138, 2139, 2140, 2141, 2142, 2143, 2144, 2145, 2146, 2147, 2148, 2149, 2150, 2151, 2152, 2153, 2154, 2155, 2156, 2157, 2158, 2159, 2160, 2161, 2162, 2163, 2164, 2165, 2166, 2167, 2168, 2169, 2170, 2171, 2172, 2173, 2174, 2175, 2176, 2177, 2178, 2179, 2180, 2181, 2182, 2183, 2184, 2185, 2186, 2187, 2188, 2189, 2190, 2191, 2192, 2193, 2194, 2195, 2196, 2197, 2198, 2199, 2200, 2201, 2202, 2203, 2204, 2205, 2206, 2244, 2245, 2246, 2247, 2248, 2249, 2250, 2251, 2252, 2253, 2254, 2255, 2256, 2257, 2258, 2259, 2260, 2261, 2262, 2263, 2264, 2265, 2266, 2267, 2268, 2269, 2270, 2271, 2272, 2273, 2274, 2275, 2276, 2277, 2278, 2279, 2280, 2281, 2282, 2283, 2284, 2285, 2286, 2287, 2288, 2289, 2290, 2291, 2292, 2293, 2294, 2295, 2296, 2297, 2298, 2299, 2300, 2301, 2302, 2303, 2304, 2305, 2306, 2307, 2308, 2309, 2310, 2311, 2312, 2313, 2314, 2315, 2316, 2317, 2318, 2319, 2320, 2321, 2322, 2323, 2400, 2401, 2402, 2403, 2404, 2405, 2406, 2407, 2479, 2480, 2481, 2482, 2483, 2484, 2485, 2486, 2487, 2488, 2489, 1997, 1998, 1999, 2000, 2001, 2002, 2003, 2004, 2005, 2006, 2007, 2008, 2009, 2010, 2011, 2012, 2013, 2014, 2015, 2016, 2017, 2018, 2019, 2020, 2021, 2022, 2023, 2024, 2025, 2026, 2027, 2028, 2029, 2030, 2031, 2032, 2033, 2034, 2035, 2036, 2037, 2038, 2039, 2040, 2041, 2042, 2043, 2044, 2045, 2046, 2047};global
resnet+2497;3520;3530;0;980;{2056, 2057, 2058, 2063, 2066, 2068, 40, 1810, 1811, 1812, 1813, 1814, 1815, 1816, 1817, 1818, 1819, 1820, 1821, 1822, 1823, 1824, 1825, 1826, 1827, 1828, 2341, 1829, 1830, 1831, 1832, 1833, 1834, 1835, 1836, 1837, 2351, 2352, 2353, 2354, 2355, 2356, 2357, 2358, 2359, 2360, 2361, 2362, 2363, 2364, 2365, 2366, 2367, 2368, 2369, 2370, 2371, 2372, 2373, 2374, 2375, 2376, 2377, 2378, 2379, 2380, 2381, 2382, 2383, 2384, 2385, 2386, 2387, 2388, 2389, 2390, 2391, 2392, 2393, 2394, 2395, 2396, 2397, 2398, 2399, 2400, 2401, 2402, 2403, 2404, 2405, 2406, 2407, 2408, 2409, 2410, 2411, 2412, 2413, 2414, 2415, 2416, 2417, 2418, 2419, 2420, 2421, 2422, 2423, 2424, 2425, 2426, 2427, 2428, 2429, 2430, 2431, 2432, 2433, 2434, 2435, 2436, 2437, 2438, 2439, 2440, 2441, 2442, 2443, 2444, 2445, 2446, 2447, 2448, 2449, 2450, 2451, 2452, 2453, 2454, 2455, 2456, 2457, 2458, 2459, 2460, 2461, 2462, 2463, 2464, 2465, 2466, 2467, 2468, 2469, 2470, 2471, 2472, 2473, 2474, 2475, 2476, 2477, 2478, 2479, 2480, 2481, 2482, 2483, 2484, 2485, 2486, 2487, 2488, 2489, 2490, 2491, 2492, 2493, 2494, 2495, 2496, 2497, 2498, 2499, 2333, 2334, 2335, 2336, 2337, 2036, 2037, 2038, 2039, 2040, 2339, 2338, 2340};global
resnet+2497;3520;3530;1;980;{2239, 2240, 2241, 2242, 2243, 2244, 2245, 2170, 2171, 2172, 2173, 2174, 2175, 640, 641, 2176, 2177, 2178, 2179, 2180, 2181, 2182, 2183, 2184, 2185, 2186, 2187, 2188, 2189, 2190, 2191, 2192, 2193, 2194, 2195, 2196, 2197, 2198, 2199, 2200, 2201, 2202, 2203, 2204, 2205, 2206, 2207, 2208, 2209, 2210, 2211, 2212, 2213, 680, 681, 682, 683, 684, 685, 686, 687, 688, 689, 690, 691, 692, 693, 694, 695, 696, 697, 698, 699, 700, 701, 702, 703, 704, 705, 706, 707, 708, 709, 710, 711, 712, 713, 714, 715, 716, 717, 718, 719, 720, 721, 722, 723, 724, 725, 2214, 2215, 2216, 2217, 2218, 2219, 2220, 2221, 2222, 2476, 2223, 2224, 2225, 1982, 1983, 1984, 1985, 1986, 1987, 1988, 1989, 1990, 1991, 2226, 2227, 2228, 2229, 2230, 2231, 2232, 2233, 2234, 1513, 1514, 1515, 1516, 2235, 2236, 2237, 2238};global
gromacs+2520;3530;3540;0;7;{372, 373, 374, 375, 376, 377, 378};local
resnet+2530;3530;3540;0;2;{379, 380};local
gromacs+2534;3530;3540;0;2;{381, 382};local
shufflenet+2547;3530;3540;0;1;{383};local
resnet+2554;3530;3540;0;23;{384, 385, 386, 387, 388, 389, 390, 391, 392, 393, 394, 395, 396, 397, 398, 399, 400, 401, 402, 403, 404, 405, 406};local
gromacs+2560;3530;3540;3;13;{2465, 2466, 2467, 2468, 2469, 2470, 2471, 2472, 2473};global
gromacs+2560;3530;3540;1;13;{1523, 1524, 1525, 2463};global
openfoam+2574;3530;3540;2;1;{1709};local
resnet+2593;3530;3540;0;4;{408, 409, 407};global
resnet+2593;3530;3540;2;4;{1710};global
gromacs+2598;3530;3540;2;2;{2409, 2410};local
shufflenet+2599;3530;3540;1;1;{2464};local
openfoam+1587;3620;4930;0;1;{37};local
shufflenet+2545;3620;3640;0;1;{40};local
resnet+1186;3680;5680;0;7;{41, 42, 43, 44, 45, 46, 47};local
gromacs+2129;3680;4260;0;12;{48, 49, 50, 51, 52, 53, 54, 55, 56, 57, 58, 59};local
resnet+2510;3720;3760;0;18;{64, 65, 66, 67, 68, 69, 70, 71, 40, 72, 73, 74, 75, 76, 60, 61, 62, 63};local
gromacs+2511;3730;3760;0;29;{77, 78, 79, 80, 81, 82, 83, 84, 85, 86, 87, 88, 89, 90, 91, 92, 93, 94, 95, 96, 97, 98, 99, 100, 101, 102, 103, 104, 105};local
resnet+2096;3820;4420;0;186;{635, 40, 60, 61, 62, 63, 64, 65, 66, 67, 68, 69, 70, 71, 72, 73, 74, 75, 76, 77, 78, 79, 80, 81, 82, 83, 84, 85, 86, 87, 88, 89, 90, 91, 92, 93, 94, 95, 96, 97, 98, 99, 100, 101, 102, 103, 104, 105, 106, 107, 108, 109, 110, 111, 112, 113, 114, 115, 116, 117, 118, 119, 120, 121, 122, 123, 124, 125, 126, 127, 128, 129, 130, 131, 132, 133, 134, 135, 136, 137, 138, 139, 140, 141, 142, 143, 144, 145, 146, 147, 148, 149, 150, 151, 152, 153, 154, 155, 156, 637, 640, 636, 641, 642, 643, 644, 645, 638, 646, 647, 648, 649, 650, 639, 339, 340, 341, 342, 343, 344, 345, 346, 347, 348, 349, 350, 351, 352, 353, 354, 355, 356, 357, 358, 359, 360, 361, 362, 363, 364, 365, 366, 367, 368, 369, 370, 371, 372, 373, 374, 375, 376, 377, 378, 379, 380, 381, 382, 383, 384, 385, 386, 387, 388, 389, 390, 391, 392, 393, 394, 395, 396, 397, 398, 399, 400, 401, 402, 403, 404, 405, 406, 407, 408, 409, 634};local
gromacs+2139;3850;4350;0;11;{651, 652, 653, 654, 655, 656, 657, 658, 659, 660, 661};local
resnet+2153;3850;4320;0;6;{662, 663, 664, 665, 666, 667};local
gromacs+2163;3850;4370;0;4;{668, 669, 670, 671};local
resnet+2185;3870;4380;0;2;{672, 26};local
gromacs+2174;3900;4400;0;3;{673, 674, 675};local
openfoam+2199;3910;4390;0;1;{676};local
resnet+2236;3910;4400;0;28;{677, 678, 679, 680, 681, 682, 683, 684, 685, 686, 687, 688, 689, 690, 691, 692, 693, 694, 695, 696, 697, 698, 699, 700, 701, 702, 703, 704};local
gromacs+2239;3910;4270;3;13;{768, 769, 709, 710, 751, 753, 697, 698, 763, 764, 765, 766, 767};local
resnet+2240;3910;4330;3;10;{800, 801, 770, 781, 783, 784, 791, 793, 798, 799};local
shufflenet+2299;3910;4310;3;1;{802};local
gromacs+2255;3930;4260;3;5;{704, 803, 804, 805, 703};local
openfoam+2546;3950;3990;0;1;{705};local
resnet+2260;4050;4380;0;8;{705, 706, 707, 708, 709, 710, 711, 712};local
gromacs+2254;4060;4340;3;15;{714, 715, 716, 717, 718, 719, 720, 721, 722, 723, 724, 725, 726, 727, 728};local
resnet+2278;4060;4400;3;3;{729, 730, 731};local
gromacs+2281;4060;4420;3;3;{732, 733, 734};local
resnet+2285;4060;4380;3;2;{736, 735};local
gromacs+2289;4060;4410;3;2;{737, 738};local
resnet+2371;4060;4390;3;3;{739, 740, 741};local
gromacs+2374;4080;4400;3;3;{752, 806, 807};local
resnet+2326;4090;4380;3;53;{808, 809, 810, 811, 812, 813, 814, 815, 816, 817, 818, 819, 820, 821, 822, 823, 824, 825, 826, 827, 828, 829, 830, 831, 832, 833, 865, 866, 867, 868, 869, 870, 871, 872, 873, 874, 875, 876, 877, 878, 879, 880, 881, 882, 883, 884, 885, 886, 887, 888, 889, 890, 891};local
gromacs+2329;4130;4420;0;40;{7, 11, 713, 714, 715, 716, 717, 718, 719, 720, 721, 722, 723, 724, 725, 726, 727, 728, 729, 730, 731, 732, 733, 734, 735, 736, 737, 738, 739, 740, 741, 742, 743, 744, 745, 746, 747, 748, 749, 750};local
resnet+2414;4170;4330;3;6;{896, 897, 892, 893, 894, 895};local
gromacs+2417;4180;4410;3;6;{898, 899, 900, 901, 902, 903};local
resnet+2535;4270;4290;0;2;{752, 751};local
gromacs+2476;4300;4410;3;27;{904, 905, 906, 907, 908, 909, 910, 911, 912, 913, 914, 915, 916, 917, 918, 919, 920, 921, 922, 923, 924, 925, 926, 927, 928, 929, 930};local
resnet+2485;4320;4380;0;14;{754, 753, 48, 49, 50, 51, 52, 53, 54, 55, 56, 57, 58, 59};local
gromacs+2509;4330;4380;0;20;{768, 769, 770, 771, 772, 773, 774, 755, 756, 757, 758, 759, 760, 761, 762, 763, 764, 765, 766, 767};local
resnet+2503;4350;4370;2;114;{310, 312, 315, 323, 326, 338, 343, 344, 345, 346, 347, 348, 349, 350, 351, 352, 353, 354, 355, 356, 357, 358, 359, 360, 361, 362, 363, 364, 365, 366, 367, 368, 369, 370, 371, 372, 373, 374, 375, 376, 377, 378, 379, 380, 381, 382, 383, 384, 385, 386, 387, 388, 389, 390, 391, 392, 393, 394, 395, 396, 397, 398, 399, 400, 401, 402, 403, 404, 405, 406, 407, 408, 409, 410, 411, 412, 413, 414, 415, 416, 417, 418, 419, 420, 421, 422, 423, 424, 425, 426, 427, 428, 429, 430, 431, 432, 433, 434, 435, 436, 437, 438, 439, 440, 441, 442, 443, 444, 445, 446, 447, 448, 449, 450};local
gromacs+2504;4350;4410;3;37;{768, 769, 803, 804, 805, 931, 932, 933, 934, 935, 936, 937, 938, 939, 940, 941, 942, 943, 697, 698, 703, 704, 709, 710, 967, 968, 969, 970, 971, 972, 751, 753, 763, 764, 765, 766, 767};local
resnet+2512;4370;4410;0;29;{775, 776, 9, 777, 778, 779, 780, 781, 782, 783, 784, 785, 786, 787, 788, 789, 790, 791, 792, 793, 794, 795, 796, 797, 798, 799, 800, 751, 752};local
gromacs+2538;4380;4420;2;2;{451, 452};local
resnet+2539;4380;4410;2;2;{453, 454};local
shufflenet+2548;4380;4420;2;1;{455};local
gromacs+2559;4390;4410;3;15;{800, 801, 770, 802, 781, 783, 784, 894, 895, 791, 793, 892, 893, 798, 799};local
resnet+2566;4390;4420;2;4;{456, 457, 458, 459};local
gromacs+2561;4400;4410;3;9;{714, 715, 716, 717, 718, 719, 720, 721, 722};local
openfoam+2576;4400;4420;2;1;{460};local
resnet+2595;4400;4410;3;4;{723, 724, 725, 726};local
shufflenet+2620;4400;4420;2;1;{461};local
gromacs+2591;4410;4420;0;12;{651, 652, 653, 654, 655, 656, 17, 657, 658, 659, 660, 661};local
resnet+1002;4480;5840;0;669;{7, 9, 11, 17, 26, 40, 48, 49, 50, 51, 52, 53, 54, 55, 56, 57, 58, 59, 60, 61, 62, 63, 64, 65, 66, 67, 68, 69, 70, 71, 72, 73, 74, 75, 76, 77, 78, 79, 80, 81, 82, 83, 84, 85, 86, 87, 88, 89, 90, 91, 92, 93, 94, 95, 96, 97, 98, 99, 100, 101, 102, 103, 104, 105, 106, 107, 108, 109, 110, 111, 112, 113, 114, 115, 116, 117, 118, 119, 120, 121, 122, 123, 124, 125, 126, 127, 128, 129, 130, 131, 132, 133, 134, 135, 136, 137, 138, 139, 140, 141, 142, 143, 144, 145, 146, 147, 148, 149, 150, 151, 152, 153, 154, 155, 156, 339, 340, 341, 342, 343, 344, 345, 346, 347, 348, 349, 350, 351, 352, 353, 354, 355, 356, 357, 358, 359, 360, 361, 362, 363, 364, 365, 366, 367, 368, 369, 370, 371, 372, 373, 374, 375, 376, 377, 378, 379, 380, 381, 382, 383, 384, 385, 386, 387, 388, 389, 390, 391, 392, 393, 394, 395, 396, 397, 398, 399, 400, 401, 402, 403, 404, 405, 406, 407, 408, 409, 634, 635, 636, 637, 638, 639, 640, 641, 642, 643, 644, 645, 646, 647, 648, 649, 650, 651, 652, 653, 654, 655, 656, 657, 658, 659, 660, 661, 662, 663, 664, 665, 666, 667, 668, 669, 670, 671, 672, 673, 674, 675, 676, 677, 678, 679, 680, 681, 682, 683, 684, 685, 686, 687, 688, 689, 690, 691, 692, 693, 694, 695, 696, 697, 698, 699, 700, 701, 702, 703, 704, 705, 706, 707, 708, 709, 710, 711, 712, 713, 714, 715, 716, 717, 718, 719, 720, 721, 722, 723, 724, 725, 726, 727, 728, 729, 730, 731, 732, 733, 734, 735, 736, 737, 738, 739, 740, 741, 742, 743, 744, 745, 746, 747, 748, 749, 750, 751, 752, 753, 754, 755, 756, 757, 758, 759, 760, 761, 762, 763, 764, 765, 766, 767, 768, 769, 770, 771, 772, 773, 774, 775, 776, 777, 778, 779, 780, 781, 782, 783, 784, 785, 786, 787, 788, 789, 790, 791, 792, 793, 794, 795, 796, 797, 798, 799, 800, 801, 802, 803, 804, 805, 806, 807, 808, 809, 810, 811, 812, 813, 814, 815, 816, 817, 818, 819, 820, 821, 822, 823, 824, 825, 826, 827, 828, 829, 830, 831, 832, 833, 834, 835, 836, 837, 838, 839, 840, 841, 842, 843, 844, 845, 846, 847, 848, 849, 850, 851, 852, 853, 854, 855, 856, 857, 858, 859, 860, 861, 862, 863, 864, 865, 866, 867, 868, 869, 870, 871, 872, 873, 874, 875, 876, 877, 878, 879, 880, 881, 882, 883, 884, 885, 886, 887, 888, 889, 890, 891, 892, 893, 894, 895, 896, 897, 898, 899, 900, 901, 902, 903, 904, 905, 906, 907, 908, 909, 910, 911, 912, 913, 914, 915, 916, 917, 918, 919, 920, 1116, 1117, 1118, 1119, 1120, 1121, 1122, 1123, 1165, 1166, 1167, 1168, 1169, 1170, 1171, 1172, 1173, 1174, 1175, 1176, 1177, 1178, 1179, 1180, 1181, 1182, 1183, 1184, 1185, 1186, 1187, 1188, 1189, 1190, 1191, 1192, 1193, 1194, 1195, 1196, 1247, 1248, 1249, 1250, 1251, 1252, 1253, 1254, 1255, 1256, 1257, 1258, 1259, 1260, 1261, 1262, 1263, 1264, 1265, 1266, 1267, 1283, 1284, 1285, 1286, 1287, 1288, 1289, 1290, 1291, 1292, 1293, 1294, 1295, 1296, 1297, 1298, 1299, 1300, 1301, 1302, 1303, 1304, 1305, 1306, 1307, 1308, 1309, 1310, 1311, 1312, 1313, 1314, 1315, 1316, 1317, 1318, 1319, 1348, 1349, 1350, 1351, 1352, 1353, 1354, 1355, 1356, 1357, 1358, 1359, 1360, 1361, 1362, 1363, 1364, 1365, 1366, 1367, 1368, 1369, 1370, 1371, 1372, 1373, 1374, 1375, 1376, 1377, 1378, 1379, 1380, 1381, 1382, 1383, 1384, 1385, 1386, 1387, 1388, 1389, 1406, 1407, 1408, 1409, 1410, 1411, 1412, 1413, 1414, 1415, 1416, 1417, 1418, 1419, 1420, 1426, 1427, 1428, 1429, 1430, 1444, 1445, 1446, 1447, 1448, 1449, 1456, 1457, 1458, 1459, 1460, 1474, 1475, 1476, 1477, 1478, 1479, 1480, 1481, 1482, 1483, 1484, 1485, 1486, 1487, 1488, 1489, 1490, 1491, 1492, 1493, 1494, 1495, 1496, 1497, 1498};local
gromacs+1035;4500;23620;3;48;{768, 769, 770, 781, 783, 784, 697, 698, 703, 704, 709, 710, 714, 715, 716, 717, 718, 719, 720, 721, 722, 723, 724, 725, 726, 727, 728, 729, 730, 731, 732, 733, 734, 735, 736, 737, 738, 739, 740, 741, 751, 752, 753, 763, 764, 765, 766, 767};local
resnet+1125;4500;5800;2;9;{322, 323, 326, 331, 338, 310, 343, 312, 315};local
gromacs+1142;4500;5470;2;13;{352, 353, 354, 355, 356, 344, 345, 346, 347, 348, 349, 350, 351};local
resnet+2099;4500;5100;3;48;{791, 792, 793, 798, 799, 800, 801, 802, 803, 804, 805, 806, 807, 808, 809, 810, 811, 812, 813, 814, 815, 816, 817, 818, 819, 820, 821, 822, 823, 824, 825, 826, 827, 828, 829, 830, 831, 832, 833, 865, 866, 867, 868, 869, 870, 871, 872, 873};local
gromacs+2103;4500;5260;2;46;{384, 385, 386, 387, 388, 389, 390, 391, 392, 393, 394, 395, 396, 397, 398, 399, 400, 401, 402, 357, 358, 359, 360, 361, 362, 363, 364, 365, 366, 367, 368, 369, 370, 371, 372, 373, 374, 375, 376, 377, 378, 379, 380, 381, 382, 383};local
resnet+2109;4500;5060;3;55;{896, 897, 898, 899, 900, 901, 902, 903, 904, 905, 906, 907, 908, 909, 910, 911, 912, 913, 914, 915, 916, 917, 918, 919, 920, 921, 922, 923, 924, 925, 926, 927, 928, 874, 875, 876, 877, 878, 879, 880, 881, 882, 883, 884, 885, 886, 887, 888, 889, 890, 891, 892, 893, 894, 895};local
gromacs+2117;4500;5090;2;29;{403, 404, 405, 406, 407, 408, 409, 410, 411, 412, 413, 414, 415, 416, 417, 418, 419, 420, 421, 422, 423, 424, 425, 426, 427, 428, 429, 430, 431};local
openfoam+2192;4500;5230;2;1;{432};local
shufflenet+2197;4500;5280;2;1;{433};local
openfoam+2202;4500;5080;2;1;{434};local
resnet+2218;4500;4980;2;253;{519, 520, 521, 522, 523, 524, 525, 526, 527, 528, 529, 530, 531, 532, 533, 534, 535, 536, 537, 538, 539, 540, 541, 542, 543, 544, 545, 546, 547, 548, 549, 550, 551, 552, 553, 554, 555, 556, 557, 558, 559, 560, 561, 562, 563, 564, 565, 566, 567, 568, 569, 570, 571, 572, 573, 574, 575, 576, 577, 578, 579, 580, 581, 582, 583, 1129, 1130, 1131, 1132, 1133, 1134, 1135, 1136, 1137, 1138, 1139, 1140, 1141, 1142, 1143, 1144, 1195, 1196, 1197, 1198, 1199, 1200, 1201, 1202, 1203, 1204, 1205, 1206, 1207, 1208, 1209, 1210, 1211, 1212, 1213, 1214, 1215, 1216, 1217, 1218, 1219, 1220, 1221, 1222, 1223, 1224, 1225, 1226, 1227, 1228, 1229, 1230, 1231, 1232, 1233, 1234, 1235, 1236, 1237, 1238, 1239, 1240, 1241, 1242, 1243, 1244, 1245, 1246, 1247, 1248, 1249, 1250, 1251, 1252, 1253, 1254, 1255, 1256, 1257, 1258, 1259, 1260, 1261, 1262, 1263, 1278, 1279, 1280, 1281, 1282, 1283, 1284, 1285, 1286, 1287, 1288, 1289, 1290, 1291, 1292, 1293, 1294, 1295, 1296, 1297, 1298, 1299, 1300, 1301, 1302, 1303, 1304, 1305, 1306, 1307, 1308, 1309, 1310, 1311, 1312, 1313, 1324, 1325, 1326, 1327, 1328, 1329, 1330, 1331, 1332, 1333, 1334, 1335, 1336, 1337, 1338, 1339, 1340, 1341, 1342, 1343, 1344, 1345, 1346, 1347, 1348, 1349, 1350, 1351, 1352, 1353, 1354, 1355, 435, 436, 437, 438, 439, 440, 441, 442, 443, 444, 445, 446, 447, 448, 449, 450, 451, 452, 453, 454, 455, 456, 457, 458, 459, 460, 461, 462, 463, 464, 465, 466, 467, 468, 469};local
gromacs+2219;4500;5050;3;192;{1025, 1026, 1027, 1028, 1029, 1030, 1031, 1032, 1033, 1034, 1035, 1036, 1037, 1038, 1039, 1040, 1041, 1042, 1043, 1053, 1054, 1055, 1056, 1057, 1058, 1059, 1060, 1061, 1062, 1063, 1064, 1065, 1066, 1067, 1068, 1069, 1070, 1071, 1072, 1073, 1074, 1075, 1076, 1077, 1078, 1079, 1080, 1081, 1082, 1083, 1084, 1085, 1086, 1087, 1088, 1089, 1090, 1091, 1092, 1093, 1094, 1095, 1096, 1103, 1104, 1105, 1106, 1107, 1108, 1109, 1110, 1111, 1112, 1113, 1114, 1115, 1116, 1117, 1118, 1119, 1120, 1121, 1122, 1123, 1124, 1125, 1126, 1127, 1128, 1129, 1130, 1131, 1132, 1133, 1134, 1135, 1136, 1137, 1138, 1139, 1140, 1141, 1142, 1143, 1144, 1145, 1146, 1147, 1148, 1149, 1150, 1151, 1152, 1153, 1154, 1155, 1156, 1157, 1206, 1207, 1208, 1209, 1210, 1211, 1212, 1213, 1214, 1215, 1216, 1217, 1218, 1219, 1220, 1221, 1222, 1223, 1224, 1225, 1226, 1227, 1228, 1229, 1230, 1231, 1232, 1233, 1234, 1235, 1236, 1237, 929, 930, 931, 932, 933, 934, 935, 936, 937, 938, 939, 940, 941, 942, 943, 967, 968, 969, 970, 971, 972, 973, 974, 975, 976, 977, 978, 979, 980, 981, 982, 983, 984, 985, 986, 987, 988, 989, 990, 991, 992, 993};local
resnet+2221;4500;4990;1;230;{512, 513, 514, 515, 516, 517, 518, 519, 520, 521, 522, 523, 524, 525, 526, 527, 528, 529, 530, 531, 532, 533, 534, 535, 536, 537, 538, 539, 540, 541, 542, 543, 544, 545, 546, 547, 548, 549, 550, 551, 552, 553, 554, 555, 556, 557, 558, 559, 560, 561, 61, 65, 67, 68, 72, 81, 84, 91, 97, 620, 109, 110, 111, 112, 621, 622, 623, 624, 625, 626, 627, 120, 121, 628, 629, 630, 631, 632, 633, 634, 136, 137, 301, 302, 303, 304, 305, 306, 307, 308, 309, 310, 311, 312, 313, 314, 315, 316, 317, 318, 319, 320, 321, 322, 323, 324, 325, 326, 327, 328, 329, 330, 331, 332, 333, 334, 335, 336, 337, 338, 339, 340, 341, 342, 343, 344, 345, 346, 347, 348, 349, 350, 351, 362, 363, 364, 365, 366, 367, 368, 369, 370, 371, 372, 373, 374, 375, 376, 377, 378, 379, 380, 381, 382, 383, 384, 385, 386, 387, 388, 389, 390, 391, 392, 393, 394, 395, 396, 397, 398, 399, 400, 401, 402, 405, 406, 412, 414, 415, 428, 453, 459, 464, 465, 466, 467, 468, 469, 470, 471, 472, 473, 474, 475, 476, 477, 478, 479, 480, 481, 482, 483, 484, 485, 486, 487, 488, 489, 490, 491, 492, 493, 494, 495, 496, 497, 498, 499, 500, 501, 502, 503, 504, 505, 506, 507, 508, 509, 510, 511};local
gromacs+2226;4500;5210;3;152;{1264, 1265, 1266, 1267, 1268, 1269, 1270, 1271, 1272, 1273, 1274, 1275, 1276, 1296, 1297, 1298, 1299, 1300, 1301, 1302, 1303, 1304, 1305, 1306, 1307, 1308, 1309, 1310, 1311, 1312, 1313, 1314, 1315, 1316, 1317, 1318, 1319, 1320, 1321, 1322, 1323, 1324, 1325, 1326, 1327, 1328, 1329, 1330, 1331, 1332, 1333, 1334, 1335, 1336, 1337, 1338, 1339, 1340, 1341, 1342, 1343, 1344, 1345, 1346, 1347, 1348, 1349, 1350, 1351, 1352, 1353, 1354, 1355, 1356, 1357, 1358, 1381, 1382, 1383, 1384, 1385, 1386, 1387, 1388, 1389, 1390, 1391, 1392, 1393, 1394, 1395, 1396, 1397, 1398, 1399, 1400, 1401, 1402, 1403, 1404, 1405, 1406, 1407, 1408, 1409, 1410, 1411, 1412, 1413, 1414, 1415, 1416, 1417, 1418, 1425, 1426, 1427, 1428, 1429, 1430, 1431, 1432, 1433, 1434, 1435, 1436, 1437, 1438, 1439, 1440, 1441, 1442, 1443, 1444, 1445, 1446, 1447, 1448, 1449, 1450, 1451, 1452, 1453, 1454, 1486, 1487, 1488, 1489, 1490, 1491, 1492, 1493};local
resnet+2230;4500;4780;2;224;{1536, 1537, 1538, 1542, 1543, 1544, 1548, 1549, 1550, 1551, 1552, 1553, 1557, 1558, 1559, 1560, 1561, 1562, 1563, 1564, 1565, 1566, 1567, 1568, 1569, 1570, 1571, 1572, 1573, 1574, 1575, 1576, 1577, 1582, 1583, 1584, 1585, 1586, 1587, 1588, 1589, 1590, 1591, 1592, 1593, 1594, 1595, 1596, 1597, 1601, 1602, 1603, 1604, 1605, 1606, 1607, 1612, 1613, 1614, 1615, 1616, 1617, 1618, 1619, 1620, 1621, 1622, 1623, 1624, 1628, 1629, 1630, 1635, 1636, 1637, 1641, 1642, 1643, 1644, 1645, 1646, 1647, 1648, 1649, 1650, 1651, 1652, 1653, 1654, 1655, 1656, 1657, 1658, 1659, 1660, 1661, 1662, 1663, 1356, 1357, 1358, 1387, 1388, 1389, 1390, 1391, 1392, 1393, 1394, 1395, 1396, 1397, 1398, 1399, 1400, 1401, 1402, 1403, 1404, 1405, 1406, 1407, 1408, 1409, 1410, 1411, 1412, 1413, 1420, 1421, 1422, 1423, 1424, 1425, 1426, 1427, 1428, 1429, 1430, 1431, 1432, 1433, 1434, 1435, 1436, 1437, 1438, 1439, 1440, 1441, 1442, 1443, 1444, 1445, 1446, 1447, 1448, 1449, 1450, 1451, 1452, 1453, 1454, 1455, 1456, 1457, 1458, 1459, 1460, 1461, 1462, 1463, 1464, 1465, 1466, 1467, 1468, 1469, 1470, 1471, 1472, 1473, 1474, 1475, 1476, 1477, 1478, 1479, 1480, 1481, 1482, 1483, 1484, 1485, 1486, 1501, 1502, 1503, 1504, 1505, 1506, 1507, 1508, 1509, 1510, 1511, 1512, 1513, 1514, 1518, 1519, 1520, 1521, 1522, 1523, 1524, 1528, 1529, 1530, 1531, 1532, 1533, 1534, 1535};local
gromacs+2232;4500;5060;0;45;{1536, 1537, 1538, 1539, 1540, 1541, 1542, 1547, 1548, 1549, 1550, 1499, 1500, 1501, 1502, 1503, 1504, 1505, 1506, 1507, 1508, 1509, 1510, 1511, 1512, 1513, 1514, 1515, 1516, 1517, 1518, 1519, 1520, 1521, 1522, 1523, 1524, 1525, 1529, 1530, 1531, 1532, 1533, 1534, 1535};local
resnet+2238;4500;5100;1;12;{640, 641, 642, 643, 644, 645, 680, 635, 636, 637, 638, 639};local
gromacs+2242;4500;5030;3;11;{1519, 1520, 1521, 1522, 1523, 1494, 1495, 1496, 1497, 1498, 1499};local
resnet+2247;4500;4900;1;16;{681, 682, 683, 684, 685, 686, 687, 688, 689, 690, 691, 692, 693, 694, 695, 696};local
gromacs+2248;4500;4970;3;11;{1539, 1540, 1524, 1525, 1526, 1527, 1528, 1529, 1530, 1531, 1532};local
resnet+2249;4500;5060;3;15;{1541, 1542, 1543, 1544, 1545, 1546, 1547, 1548, 1552, 1553, 1554, 1555, 1556, 1557, 1558};local
gromacs+2250;4500;4970;1;14;{704, 705, 706, 707, 708, 709, 710, 697, 698, 699, 700, 701, 702, 703};local
resnet+2258;4500;4910;0;7;{1551, 1552, 1553, 1554, 1555, 1560, 1561};local
gromacs+2262;4500;5290;3;5;{1568, 1569, 1570, 1566, 1567};local
resnet+2263;4500;4890;1;5;{711, 712, 713, 714, 715};local
gromacs+2265;4500;5130;3;6;{1571, 1572, 1573, 1574, 1575, 1576};local
resnet+2268;4500;4940;0;6;{1568, 1569, 1570, 1562, 1563, 1567};local
gromacs+2269;4500;4890;1;4;{716, 717, 718, 719};local
resnet+2270;4500;4870;3;4;{1577, 1578, 1579, 1580};local
gromacs+2271;4500;5220;0;4;{1571, 1572, 1573, 1574};local
resnet+2273;4500;4920;1;3;{720, 721, 722};local
gromacs+2274;4500;5230;3;3;{1581, 1582, 1583};local
resnet+2279;4500;4930;1;4;{723, 724, 725, 726};local
gromacs+2290;4500;4900;0;2;{1576, 1575};local
resnet+2294;4500;4950;3;2;{1584, 1585};local
shufflenet+2300;4500;4980;0;1;{1577};local
openfoam+2301;4500;4880;0;1;{1578};local
shufflenet+2302;4500;5030;1;1;{727};local
gromacs+2304;4500;4850;3;408;{1586, 1587, 1588, 1593, 1594, 1595, 1602, 1603, 1604, 1609, 1610, 1611, 1612, 1613, 1614, 1615, 1616, 1617, 1618, 1619, 1620, 1621, 1622, 1623, 1624, 1625, 1626, 1627, 1628, 1629, 1633, 1634, 1635, 1636, 1637, 1638, 1639, 1640, 1644, 1645, 1646, 1647, 1648, 1649, 1650, 1651, 1652, 1653, 1654, 1655, 1656, 1657, 1658, 1659, 1660, 1661, 1662, 1663, 1664, 1665, 1666, 1667, 1668, 1669, 1670, 1671, 1672, 1673, 1674, 1675, 1676, 1677, 1678, 1679, 1680, 1681, 1682, 1683, 1684, 1685, 1686, 1687, 1688, 1689, 1690, 1691, 1692, 1693, 1694, 1695, 1696, 1697, 1698, 1699, 1700, 1701, 1702, 1703, 1704, 1705, 1706, 1707, 1708, 1709, 1710, 1711, 1712, 1713, 1714, 1715, 1716, 1717, 1718, 1719, 1720, 1721, 1722, 1723, 1724, 1725, 1726, 1727, 1728, 1729, 1730, 1731, 1732, 1733, 1734, 1735, 1736, 1737, 1738, 1739, 1740, 1741, 1742, 1743, 1744, 1745, 1746, 1747, 1748, 1749, 1750, 1751, 1752, 1753, 1754, 1755, 1756, 1757, 1758, 1759, 1760, 1761, 1762, 1763, 1764, 1765, 1766, 1767, 1768, 1769, 1770, 1771, 1772, 1773, 1774, 1775, 1776, 1777, 1778, 1779, 1780, 1781, 1782, 1783, 1784, 1785, 1786, 1787, 1788, 1789, 1790, 1791, 1792, 1793, 1794, 1795, 1796, 1797, 1798, 1799, 1800, 1801, 1802, 1803, 1804, 1805, 1806, 1807, 1808, 1809, 1810, 1811, 1812, 1813, 1814, 1815, 1816, 1817, 1818, 1819, 1820, 1821, 1822, 1823, 1824, 1825, 1826, 1827, 1828, 1829, 1830, 1831, 1832, 1833, 1834, 1835, 1836, 1837, 1838, 1839, 1840, 1841, 1842, 1843, 1844, 1845, 1846, 1847, 1848, 1849, 1850, 1851, 1852, 1853, 1854, 1855, 1856, 1857, 1858, 1859, 1860, 1861, 1862, 1863, 1864, 1865, 1866, 1867, 1868, 1869, 1870, 1871, 1872, 1873, 1874, 1875, 1876, 1877, 1878, 1879, 1880, 1881, 1882, 1883, 1884, 1885, 1886, 1887, 1888, 1889, 1890, 1891, 1892, 1893, 1894, 1895, 1896, 1897, 1898, 1899, 1900, 1901, 1902, 1903, 1904, 1905, 1906, 1907, 1908, 1909, 1910, 1911, 1912, 1913, 1914, 1915, 1916, 1917, 1918, 1919, 1920, 1921, 1922, 1923, 1924, 1925, 1926, 1927, 1928, 1929, 1930, 1931, 1932, 1933, 1934, 1935, 1936, 1937, 1938, 1939, 1940, 1941, 1942, 1943, 1944, 1945, 1946, 1947, 1948, 1949, 1950, 1951, 1952, 1953, 1954, 1955, 1956, 1957, 1958, 1959, 1960, 1961, 1962, 1963, 1964, 1965, 1966, 1967, 1968, 1969, 1970, 1971, 1972, 1973, 1974, 1975, 1976, 1977, 1978, 1979, 1980, 1981, 1982, 1983, 1984, 1985, 1986, 1987, 1988, 1989, 1990, 1991, 1992, 1993, 1994, 1995, 1996, 1997, 1998, 1999, 2000, 2001, 2002, 2003, 2004, 2005, 2006, 2007, 2008, 2009, 2010, 2011, 2012, 2013};local
resnet+2306;4500;5020;0;147;{1579, 1580, 1581, 1585, 1586, 1587, 1588, 1589, 1590, 1591, 1592, 1593, 1594, 1595, 1596, 1597, 1598, 1599, 1611, 1612, 1613, 1614, 1615, 1616, 1624, 1625, 1626, 1627, 1628, 1629, 1630, 1631, 1632, 1633, 1637, 1638, 1639, 1640, 1645, 1646, 1647, 1648, 1649, 1650, 1651, 1652, 1653, 1654, 1655, 1656, 1657, 1658, 1659, 1660, 1661, 1662, 1663, 1664, 1665, 1666, 1667, 1668, 1669, 1670, 1671, 1672, 1673, 1674, 1675, 1676, 1677, 1678, 1679, 1680, 1681, 1682, 1683, 1684, 1685, 1686, 1687, 1688, 1689, 1690, 1691, 1692, 1693, 1694, 1695, 1696, 1697, 1698, 1699, 1700, 1701, 1702, 1703, 1704, 1705, 1706, 1707, 1708, 1709, 1710, 1711, 1712, 1713, 1714, 1715, 1716, 1717, 1718, 1719, 1720, 1721, 1722, 1723, 1724, 1725, 1726, 1727, 1728, 1729, 1730, 1731, 1732, 1733, 1734, 1735, 1736, 1737, 1738, 1739, 1740, 1741, 1742, 1743, 1744, 1745, 1746, 1747, 1748, 1749, 1750, 1751, 1752, 1753};local
gromacs+2308;4500;4770;1;141;{1537, 1538, 1539, 1082, 1083, 1084, 1085, 1086, 1087, 1088, 1089, 1090, 1091, 1092, 1093, 1094, 1095, 1096, 1097, 1098, 1099, 1100, 1101, 1102, 1103, 1104, 1105, 1106, 1107, 1108, 1109, 1110, 1111, 1112, 1113, 1251, 1252, 1253, 1254, 1255, 1256, 1257, 1258, 1259, 1260, 1261, 1262, 1263, 728, 729, 730, 731, 732, 733, 734, 735, 736, 737, 738, 739, 740, 741, 742, 743, 744, 745, 746, 747, 748, 749, 750, 751, 752, 753, 754, 755, 756, 757, 758, 759, 760, 761, 762, 763, 764, 765, 766, 767, 768, 769, 770, 771, 772, 773, 774, 775, 776, 777, 778, 779, 780, 1331, 1332, 1333, 1334, 1335, 1336, 1337, 1338, 1339, 1340, 1341, 1420, 1421, 1422, 1423, 1424, 956, 957, 958, 959, 960, 961, 962, 963, 964, 965, 966, 967, 968, 969, 1513, 1514, 1515, 1516, 1517, 1518, 1519, 1523, 1524, 1525};local
resnet+2310;4500;4890;2;140;{1664, 1665, 1666, 1667, 1668, 1669, 1670, 1671, 1672, 1673, 1674, 1675, 1676, 1677, 1678, 1679, 1680, 1681, 1682, 1683, 1684, 1685, 1686, 1687, 1688, 1689, 1690, 1691, 1692, 1693, 1694, 1695, 1696, 1697, 1698, 1699, 1700, 1701, 1702, 1703, 1704, 1705, 1706, 1707, 1708, 1709, 1710, 1711, 1712, 1713, 1714, 1715, 1716, 1717, 1718, 1719, 1720, 1721, 1722, 1723, 1724, 1725, 1726, 1727, 1728, 1729, 1730, 1731, 1732, 1733, 1734, 1735, 1736, 1737, 1738, 1739, 1740, 1741, 1742, 1743, 1744, 1745, 1746, 1747, 1748, 1749, 1750, 1751, 1752, 1753, 1754, 1755, 1756, 1757, 1758, 1759, 1760, 1761, 1762, 1763, 1764, 1765, 1766, 1767, 1768, 1769, 1770, 1771, 1772, 1773, 1774, 1775, 1776, 1777, 1778, 1779, 1780, 1781, 1782, 1783, 1784, 1785, 1786, 1787, 1788, 1789, 1790, 1791, 1792, 1793, 1794, 1795, 1796, 1797, 1798, 1799, 1800, 1801, 1802, 1803};local
gromacs+2313;4500;5260;1;163;{1540, 1553, 1554, 1555, 1556, 1568, 1569, 1570, 1571, 1572, 1573, 1574, 1607, 1608, 1609, 1610, 1764, 1765, 1766, 1767, 1768, 1769, 1770, 1771, 1772, 1773, 1774, 1775, 1776, 1777, 1778, 1779, 1780, 1781, 1782, 1783, 1784, 1785, 1786, 1787, 1788, 1789, 1790, 1791, 1792, 1793, 1794, 1795, 1796, 1797, 1798, 1799, 1800, 1801, 1802, 1803, 1804, 1805, 1806, 1807, 1808, 1809, 1810, 1811, 1812, 1813, 1814, 1815, 1816, 1817, 1818, 1819, 1820, 1821, 1822, 1823, 1824, 1825, 1826, 1827, 1828, 1829, 1830, 1831, 1832, 1833, 1834, 1835, 1836, 1837, 1838, 1839, 1840, 1841, 1842, 1843, 1844, 1845, 1846, 1847, 1848, 1849, 1850, 1851, 1852, 1853, 1854, 1855, 1856, 1857, 1858, 1859, 1860, 1861, 1862, 1863, 1864, 1865, 1866, 1867, 1868, 1869, 1870, 1871, 1872, 1873, 1874, 1875, 1876, 1877, 1878, 1879, 1880, 1881, 1882, 1883, 1884, 1885, 1886, 1887, 1888, 1889, 1890, 1891, 1892, 1893, 1894, 1895, 1896, 1897, 1898, 1899, 1900, 1901, 1902, 1903, 1904, 1905, 1906, 1907, 1908, 1909, 1910};local
resnet+2314;4500;5070;0;133;{1754, 1755, 1756, 1757, 1758, 1759, 1760, 1761, 1762, 1763, 1764, 1765, 1766, 1767, 1768, 1769, 1770, 1771, 1772, 1773, 1774, 1775, 1776, 1777, 1778, 1779, 1780, 1781, 1782, 1783, 1784, 1785, 1786, 1787, 1788, 1789, 1790, 1791, 1792, 1793, 1794, 1795, 1796, 1797, 1798, 1799, 1800, 1801, 1802, 1803, 1804, 1805, 1806, 1807, 1808, 1809, 1810, 1811, 1812, 1813, 1814, 1815, 1816, 1817, 1818, 1819, 1820, 1821, 1822, 1823, 1824, 1825, 1826, 1827, 1828, 1829, 1830, 1831, 1832, 1833, 1834, 1835, 1836, 1837, 1838, 1839, 1840, 1841, 1842, 1843, 1844, 1845, 1846, 1847, 1848, 1849, 1850, 1851, 1852, 1853, 1854, 1855, 1856, 1857, 1858, 1859, 1860, 1861, 1862, 1863, 1864, 1865, 1866, 1867, 1868, 1869, 1870, 1871, 1872, 1873, 1874, 1875, 1876, 1877, 1878, 1879, 1880, 1881, 1882, 1883, 1884, 1885, 1886};local
gromacs+2315;4500;4880;2;147;{1804, 1805, 1806, 1807, 1808, 1809, 1810, 1811, 1812, 1813, 1814, 1815, 1816, 1817, 1818, 1819, 1820, 1821, 1822, 1823, 1824, 1825, 1826, 1827, 1828, 1829, 1830, 1831, 1832, 1833, 1834, 1835, 1836, 1837, 1838, 1839, 1840, 1841, 1842, 1843, 1844, 1845, 1846, 1847, 1848, 1849, 1850, 1851, 1852, 1853, 1854, 1855, 1856, 1857, 1858, 1859, 1860, 1861, 1862, 1863, 1864, 1865, 1866, 1867, 1868, 1869, 1870, 1871, 1872, 1873, 1874, 1875, 1876, 1877, 1878, 1879, 1880, 1881, 1882, 1883, 1884, 1885, 1886, 1887, 1888, 1889, 1890, 1891, 1892, 1893, 1894, 1895, 1896, 1897, 1898, 1899, 1900, 1901, 1902, 1903, 1904, 1905, 1906, 1907, 1908, 1909, 1910, 1911, 1912, 1913, 1914, 1915, 1916, 1917, 1918, 1919, 1920, 1921, 1922, 1923, 1924, 1925, 1926, 1927, 1928, 1929, 1930, 1931, 1932, 1933, 1934, 1935, 1936, 1937, 1938, 1939, 1940, 1941, 1942, 1943, 1944, 1945, 1946, 1947, 1948, 1949, 1950};local
resnet+2319;4500;4920;0;81;{1887, 1888, 1889, 1890, 1891, 1892, 1893, 1894, 1895, 1896, 1897, 1898, 1899, 1900, 1901, 1902, 1903, 1904, 1905, 1906, 1907, 1908, 1909, 1910, 1911, 1912, 1913, 1914, 1915, 1916, 1917, 1918, 1919, 1920, 1921, 1922, 1923, 1924, 1925, 1926, 1927, 1928, 1929, 1930, 1931, 1932, 1933, 1934, 1935, 1936, 1937, 1938, 1939, 1940, 1941, 1942, 1943, 1944, 1945, 1946, 1947, 1948, 1949, 1950, 1951, 1952, 1953, 1954, 1955, 1956, 1957, 1958, 1959, 1960, 1961, 1962, 1963, 1964, 1965, 1966, 1967};local
gromacs+2325;4500;5070;1;54;{1920, 1921, 1922, 1923, 1924, 1925, 1926, 1927, 1928, 1929, 1930, 1931, 1932, 1933, 1934, 1935, 1936, 1937, 1938, 1939, 1940, 1941, 1942, 1943, 1944, 1945, 1946, 1947, 1948, 1949, 1950, 1951, 1952, 1953, 1954, 1955, 1956, 1957, 1958, 1959, 1960, 1961, 1962, 1963, 1964, 1911, 1912, 1913, 1914, 1915, 1916, 1917, 1918, 1919};local
resnet+2328;4500;5070;2;62;{1951, 1952, 1953, 1954, 1955, 1956, 1957, 1958, 1959, 1960, 1961, 1962, 1963, 1964, 1965, 1966, 1967, 1968, 1969, 1970, 1971, 1972, 1973, 1974, 1975, 1976, 1977, 1978, 1979, 1980, 1981, 1982, 1983, 1984, 1985, 1986, 1987, 1988, 1989, 1990, 1991, 1992, 1993, 1994, 1995, 1996, 1997, 1998, 1999, 2000, 2001, 2002, 2003, 2004, 2005, 2006, 2007, 2008, 2009, 2010, 2011, 2012};local
gromacs+2330;4500;4740;1;48;{1965, 1966, 1967, 1968, 1969, 1970, 1971, 1972, 1973, 1974, 1975, 1976, 1977, 1978, 1979, 1980, 1981, 1982, 1983, 1984, 1985, 1986, 1987, 1988, 1989, 1990, 1991, 1992, 1993, 1994, 1995, 1996, 1997, 1998, 1999, 2000, 2001, 2002, 2003, 2004, 2005, 2006, 2007, 2008, 2009, 2010, 2011, 2012};local
resnet+2331;4500;5010;0;36;{1968, 1969, 1970, 1971, 1972, 1973, 1974, 1975, 1976, 1977, 1978, 1979, 1980, 1981, 1982, 1983, 1984, 1985, 1986, 1987, 1988, 1989, 1990, 1991, 1992, 1993, 1994, 1995, 1996, 1997, 1998, 1999, 2000, 2001, 2002, 2003};local
gromacs+2332;4500;5260;0;48;{2048, 2049, 2050, 2051, 2004, 2005, 2006, 2007, 2008, 2009, 2010, 2011, 2012, 2013, 2014, 2015, 2016, 2017, 2018, 2019, 2020, 2021, 2022, 2023, 2024, 2025, 2026, 2027, 2028, 2029, 2030, 2031, 2032, 2033, 2034, 2035, 2036, 2037, 2038, 2039, 2040, 2041, 2042, 2043, 2044, 2045, 2046, 2047};local
resnet+2335;4500;5060;1;41;{2048, 2049, 2050, 2051, 2052, 2053, 2013, 2014, 2015, 2016, 2017, 2018, 2019, 2020, 2021, 2022, 2023, 2024, 2025, 2026, 2027, 2028, 2029, 2030, 2031, 2032, 2033, 2034, 2035, 2036, 2037, 2038, 2039, 2040, 2041, 2042, 2043, 2044, 2045, 2046, 2047};local
gromacs+2337;4500;5080;2;36;{2048, 2013, 2014, 2015, 2016, 2017, 2018, 2019, 2020, 2021, 2022, 2023, 2024, 2025, 2026, 2027, 2028, 2029, 2030, 2031, 2032, 2033, 2034, 2035, 2036, 2037, 2038, 2039, 2040, 2041, 2042, 2043, 2044, 2045, 2046, 2047};local
resnet+2338;4500;4840;3;50;{2048, 2049, 2050, 2051, 2052, 2053, 2054, 2055, 2056, 2057, 2058, 2059, 2060, 2061, 2062, 2063, 2014, 2015, 2016, 2017, 2018, 2019, 2020, 2021, 2022, 2023, 2024, 2025, 2026, 2027, 2028, 2029, 2030, 2031, 2032, 2033, 2034, 2035, 2036, 2037, 2038, 2039, 2040, 2041, 2042, 2043, 2044, 2045, 2046, 2047};local
gromacs+2339;4500;4750;2;51;{2049, 2050, 2051, 2052, 2053, 2054, 2055, 2056, 2057, 2058, 2059, 2060, 2061, 2062, 2063, 2064, 2065, 2066, 2067, 2068, 2069, 2070, 2071, 2072, 2073, 2074, 2075, 2076, 2077, 2078, 2079, 2080, 2081, 2082, 2083, 2084, 2085, 2086, 2087, 2088, 2089, 2090, 2091, 2092, 2093, 2094, 2095, 2096, 2097, 2098, 2099};local
resnet+2340;4500;5020;0;38;{2052, 2053, 2054, 2055, 2056, 2057, 2058, 2059, 2060, 2061, 2062, 2063, 2064, 2065, 2066, 2067, 2068, 2069, 2070, 2071, 2072, 2073, 2074, 2075, 2076, 2077, 2078, 2079, 2080, 2081, 2082, 2083, 2084, 2085, 2086, 2087, 2088, 2089};local
gromacs+2342;4500;4760;1;52;{2054, 2055, 2056, 2057, 2058, 2059, 2060, 2061, 2062, 2063, 2064, 2065, 2066, 2067, 2068, 2069, 2070, 2071, 2072, 2073, 2074, 2075, 2076, 2077, 2078, 2079, 2080, 2081, 2082, 2083, 2084, 2085, 2086, 2087, 2088, 2089, 2090, 2091, 2092, 2093, 2094, 2095, 2096, 2097, 2098, 2099, 2100, 2101, 2102, 2103, 2104, 2105};local
resnet+2343;4500;4730;3;40;{2064, 2065, 2066, 2067, 2068, 2069, 2070, 2071, 2072, 2073, 2074, 2075, 2076, 2077, 2078, 2079, 2080, 2081, 2082, 2083, 2084, 2085, 2086, 2087, 2088, 2089, 2090, 2091, 2092, 2093, 2094, 2095, 2096, 2097, 2098, 2099, 2100, 2101, 2102, 2103};local
gromacs+2344;4500;5040;0;52;{2090, 2091, 2092, 2093, 2094, 2095, 2096, 2097, 2098, 2099, 2100, 2101, 2102, 2103, 2104, 2105, 2106, 2107, 2108, 2109, 2110, 2111, 2112, 2113, 2114, 2115, 2116, 2117, 2118, 2119, 2120, 2121, 2122, 2123, 2124, 2125, 2126, 2127, 2128, 2129, 2130, 2131, 2132, 2133, 2134, 2135, 2136, 2137, 2138, 2139, 2140, 2141};local
resnet+2345;4500;4820;2;52;{2100, 2101, 2102, 2103, 2104, 2105, 2106, 2107, 2108, 2109, 2110, 2111, 2112, 2113, 2114, 2115, 2116, 2117, 2118, 2119, 2120, 2121, 2122, 2123, 2124, 2125, 2126, 2127, 2128, 2129, 2130, 2131, 2132, 2133, 2134, 2135, 2136, 2137, 2138, 2139, 2140, 2141, 2142, 2143, 2144, 2145, 2146, 2147, 2148, 2149, 2150, 2151};local
gromacs+2346;4500;4910;3;55;{2104, 2105, 2106, 2107, 2108, 2109, 2110, 2111, 2112, 2113, 2114, 2115, 2116, 2117, 2118, 2119, 2120, 2121, 2122, 2123, 2124, 2125, 2126, 2127, 2128, 2129, 2130, 2131, 2132, 2133, 2134, 2135, 2136, 2137, 2138, 2139, 2140, 2141, 2142, 2143, 2144, 2145, 2146, 2147, 2148, 2149, 2150, 2151, 2152, 2153, 2154, 2155, 2156, 2157, 2158};local
resnet+2348;4500;4870;1;61;{2106, 2107, 2108, 2109, 2110, 2111, 2112, 2113, 2114, 2115, 2116, 2117, 2118, 2119, 2120, 2121, 2122, 2123, 2124, 2125, 2126, 2127, 2128, 2129, 2130, 2131, 2132, 2133, 2134, 2135, 2136, 2137, 2138, 2139, 2140, 2141, 2142, 2143, 2144, 2145, 2146, 2147, 2148, 2149, 2150, 2151, 2152, 2153, 2154, 2155, 2156, 2157, 2158, 2159, 2160, 2161, 2162, 2163, 2164, 2165, 2166};local
gromacs+2354;4500;5130;0;10;{2144, 2145, 2146, 2147, 2148, 2149, 2150, 2151, 2142, 2143};local
resnet+2355;4500;5330;0;14;{2152, 2153, 2154, 2155, 2156, 2157, 2158, 2159, 2160, 2161, 2162, 2163, 2164, 2165};local
gromacs+2357;4500;4860;2;9;{2152, 2153, 2154, 2155, 2156, 2157, 2158, 2159, 2160};local
resnet+2361;4500;5070;3;8;{2159, 2160, 2161, 2162, 2163, 2164, 2165, 2166};local
gromacs+2367;4500;4850;2;7;{2161, 2162, 2163, 2164, 2165, 2166, 2167};local
resnet+2370;4500;4940;0;4;{2168, 2169, 2166, 2167};local
gromacs+2372;4500;4920;1;4;{2168, 2169, 2170, 2167};local
resnet+2375;4500;4940;3;4;{2168, 2169, 2170, 2167};local
gromacs+2382;4500;4820;2;2;{2168, 2169};local
resnet+2383;4500;4930;0;2;{2170, 2171};local
gromacs+2387;4500;4990;2;874;{2170, 2171, 2172, 2173, 2174, 2175, 2176, 2177, 2178, 2179, 2180, 2181, 2182, 2183, 2184, 2185, 2186, 2187, 2188, 2189, 2190, 2191, 2192, 2193, 2194, 2195, 2196, 2197, 2198, 2199, 2200, 2201, 2202, 2203, 2204, 2205, 2206, 2207, 2208, 2209, 2210, 2211, 2212, 2213, 2214, 2215, 2216, 2217, 2218, 2219, 2220, 2221, 2222, 2223, 2224, 2225, 2226, 2227, 2228, 2229, 2230, 2231, 2232, 2233, 2234, 2235, 2236, 2237, 2238, 2239, 2240, 2241, 2242, 2243, 2244, 2245, 2246, 2247, 2248, 2249, 2250, 2251, 2252, 2253, 2254, 2255, 2256, 2257, 2258, 2259, 2260, 2261, 2262, 2263, 2264, 2265, 2266, 2267, 2268, 2269, 2270, 2271, 2272, 2273, 2274, 2275, 2276, 2277, 2278, 2279, 2280, 2281, 2282, 2283, 2284, 2285, 2286, 2287, 2288, 2289, 2290, 2291, 2292, 2293, 2294, 2295, 2296, 2297, 2298, 2299, 2300, 2301, 2302, 2303, 2304, 2305, 2306, 2307, 2308, 2309, 2310, 2311, 2312, 2313, 2314, 2315, 2316, 2317, 2318, 2319, 2320, 2321, 2322, 2323, 2324, 2325, 2326, 2327, 2328, 2329, 2330, 2331, 2332, 2333, 2334, 2335, 2336, 2337, 2338, 2339, 2340, 2341, 2342, 2343, 2344, 2345, 2346, 2347, 2348, 2349, 2350, 2351, 2352, 2353, 2354, 2355, 2356, 2357, 2358, 2359, 2360, 2361, 2362, 2363, 2364, 2365, 2366, 2367, 2368, 2369, 2370, 2371, 2372, 2373, 2374, 2375, 2376, 2377, 2378, 2379, 2380, 2381, 2382, 2383, 2384, 2385, 2386, 2387, 2388, 2389, 2390, 2391, 2392, 2393, 2394, 2395, 2396, 2397, 2398, 2399, 2400, 2401, 2402, 2403, 2404, 2405, 2406, 2407, 2408, 2409, 2410, 2411, 2412, 2413, 2414, 2415, 2416, 2417, 2418, 2419, 2420, 2421, 2422, 2423, 2424, 2425, 2426, 2427, 2428, 2429, 2430, 2431, 2432, 2433, 2434, 2435, 2436, 2437, 2438, 2439, 2440, 2441, 2442, 2443, 2444, 2445, 2446, 2447, 2448, 2449, 2450, 2451, 2452, 2453, 2454, 2455, 2456, 2457, 2458, 2459, 2460, 2461, 2462, 2463, 2464, 2465, 2466, 2467, 2468, 2469, 2470, 2471, 2472, 2473, 2474, 2475, 2476, 2477, 2478, 2479, 2480, 2481, 2482, 2483, 2484, 2485, 2486, 2487, 2488, 2489, 2490, 2491, 2492, 2493, 2494, 2495, 2496, 2497, 2498, 2499};global
gromacs+2387;4500;4990;1;874;{2171, 2172, 2173, 2174, 2175, 2176, 2177, 2178, 2179, 2180, 2181, 2182, 2183, 2184, 2185, 2186, 2187, 2188, 2189, 2190, 2191, 2192, 2193, 2194, 2195, 2196, 2197, 2198, 2199, 2200, 2201, 2202, 2203, 2204, 2205, 2206, 2207, 2208, 2209, 2210, 2211, 2212, 2213, 2214, 2215, 2216, 2217, 2218, 2219, 2220, 2221, 2222, 2223, 2224, 2225, 2226, 2227, 2228, 2229, 2230, 2231, 2232, 2233, 2234, 2235, 2236, 2237, 2238, 2239, 2240, 2241, 2242, 2243, 2244, 2245, 2246, 2247, 2248, 2249, 2250, 2251, 2252, 2253, 2254, 2255, 2256, 2257, 2258, 2259, 2260, 2261, 2262, 2263, 2264, 2265, 2266, 2267, 2268, 2269, 2270, 2271, 2272, 2273, 2274, 2275, 2276, 2277, 2278, 2279, 2280, 2281, 2282, 2283, 2284, 2285, 2286, 2287, 2288, 2289, 2290, 2291, 2292, 2293, 2294, 2295, 2296, 2297, 2298, 2299, 2300, 2301, 2302, 2303, 2304, 2305, 2306, 2307, 2308, 2309, 2310, 2311, 2312, 2313, 2314, 2315, 2316, 2317, 2318, 2319, 2320, 2321, 2322, 2323, 2324, 2325, 2326, 2327, 2328, 2329, 2330, 2331, 2332, 2333, 2334, 2335, 2336, 2337, 2338, 2339, 2340, 2341, 2342, 2343, 2344, 2345, 2346, 2347, 2348, 2349, 2350, 2351, 2352, 2353, 2354, 2355, 2356, 2357, 2358, 2359, 2360, 2361, 2362, 2363, 2364, 2365, 2366, 2367, 2368, 2369, 2370, 2371, 2372, 2373, 2374, 2375, 2376, 2377, 2378, 2379, 2380, 2381, 2382, 2383, 2384, 2385, 2386, 2387, 2388, 2389, 2390, 2391, 2392, 2393, 2394, 2395, 2396, 2397, 2398, 2399, 2400, 2401, 2402, 2403, 2404, 2405, 2406, 2407, 2408, 2409, 2410, 2411, 2412, 2413, 2414, 2415, 2416, 2417, 2418, 2419, 2420, 2421, 2422, 2423, 2424, 2425, 2426, 2427, 2428, 2429, 2430, 2431, 2432, 2433, 2434, 2435, 2436, 2437, 2438, 2439, 2440, 2441, 2442, 2443, 2444, 2445, 2446, 2447, 2448, 2449, 2450, 2451, 2452, 2453, 2454, 2455, 2456, 2457, 2458, 2459, 2460, 2461, 2462, 2463, 2464, 2465, 2466, 2467, 2468, 2469, 2470, 2471, 2472, 2473, 2474, 2475, 2476, 2477, 2478, 2479, 2480, 2481, 2482, 2483, 2484, 2485, 2486, 2487, 2488, 2489, 2490, 2491, 2492, 2493, 2494, 2495, 2496, 2497, 2498, 2499};global
gromacs+2387;4500;4990;3;874;{2171, 2172, 2173, 2174, 2175, 2176, 2177, 2178, 2179, 2180, 2181, 2182, 2183, 2184, 2185, 2186, 2187, 2188, 2189, 2190, 2191, 2192, 2193, 2194, 2195, 2196, 2197, 2198, 2199, 2200, 2201, 2202, 2203, 2204, 2205, 2206, 2207, 2208, 2209, 2210, 2211, 2212, 2213, 2214, 2215, 2216, 2217, 2218, 2219, 2220, 2221, 2222, 2223, 2224, 2225, 2226, 2227, 2228, 2229, 2230, 2231, 2232, 2233, 2234, 2235, 2236, 2237, 2238, 2239, 2240, 2241, 2242, 2243, 2244, 2245, 2246, 2247, 2248, 2249, 2250, 2251, 2252, 2253, 2254, 2255, 2256, 2257, 2258, 2259, 2260, 2261, 2262, 2263, 2264, 2265, 2266, 2267, 2268, 2269, 2270, 2271, 2272, 2273, 2274, 2275, 2276, 2277, 2278, 2279, 2280, 2281, 2282, 2283, 2284, 2285, 2286, 2287, 2288, 2289, 2290, 2291, 2292, 2293, 2294, 2295, 2296, 2297, 2298, 2299, 2300, 2301, 2302, 2303, 2304, 2305, 2306, 2307, 2308, 2309, 2310, 2311, 2312, 2313, 2314, 2315, 2316, 2317, 2318, 2319, 2320, 2321, 2322, 2323, 2324, 2325, 2326, 2327, 2328, 2329, 2330, 2331, 2332, 2333, 2334, 2335, 2336, 2337, 2338, 2339, 2340, 2341, 2342, 2343, 2344, 2345, 2346, 2347, 2348, 2349, 2350, 2351, 2352, 2353, 2354, 2355, 2356, 2357, 2358, 2359, 2360, 2361, 2362, 2363, 2364, 2365, 2366, 2367, 2368, 2369, 2370, 2371, 2372, 2373, 2374, 2375, 2376, 2377, 2378, 2379, 2380, 2381, 2382, 2383, 2384, 2385};global
resnet+2394;4500;4890;0;201;{2172, 2173, 2174, 2175, 2176, 2177, 2178, 2179, 2180, 2181, 2182, 2183, 2184, 2185, 2186, 2187, 2188, 2189, 2190, 2191, 2192, 2193, 2194, 2195, 2196, 2197, 2198, 2199, 2200, 2201, 2202, 2203, 2204, 2205, 2206, 2207, 2208, 2209, 2210, 2211, 2212, 2213, 2214, 2215, 2216, 2217, 2218, 2219, 2220, 2221, 2222, 2223, 2224, 2225, 2226, 2227, 2228, 2229, 2230, 2231, 2232, 2233, 2234, 2235, 2236, 2237, 2238, 2239, 2240, 2241, 2242, 2243, 2244, 2245, 2246, 2247, 2248, 2249, 2250, 2251, 2252, 2253, 2254, 2255, 2256, 2257, 2258, 2259, 2260, 2261, 2262, 2263, 2264, 2265, 2266, 2267, 2268, 2269, 2270, 2271, 2272, 2273, 2274, 2275, 2276, 2277, 2278, 2279, 2280, 2281, 2282, 2283, 2284, 2285, 2286, 2287, 2288, 2289, 2290, 2291, 2292, 2293, 2294, 2295, 2296, 2297, 2298, 2299, 2300, 2301, 2302, 2303, 2304, 2305, 2306, 2307, 2308, 2309, 2310, 2311, 2312, 2313, 2314, 2315, 2316, 2317, 2318, 2319, 2320, 2321, 2322, 2323, 2324, 2325, 2326, 2327, 2328, 2329, 2330, 2331, 2332, 2333, 2334, 2335, 2336, 2337, 2338, 2339, 2340, 2341, 2342, 2343, 2344, 2345, 2346, 2347, 2348, 2349, 2350, 2351, 2352, 2353, 2354, 2355, 2356, 2357, 2358, 2359, 2360, 2361, 2362, 2363, 2364, 2365, 2366, 2367, 2368, 2369, 2370, 2371, 2372};local
gromacs+2396;4500;4940;0;188;{2373, 2374, 2375, 2376, 2377, 2378, 2379, 2380, 2381, 2382, 2383, 2384, 2385, 2386, 2387, 2388, 2389, 2390, 2391, 2392, 2393, 2394, 2395, 2396, 2397, 2398, 2399, 2400, 2401, 2402, 2403, 2404, 2405, 2406, 2407, 2408, 2409, 2410, 2411, 2412, 2413, 2414, 2415, 2416, 2417, 2418, 2419, 2420, 2421, 2422, 2423, 2424, 2425, 2426, 2427, 2428, 2429, 2430, 2431, 2432, 2433, 2434, 2435, 2436, 2437, 2438, 2439, 2440, 2441, 2442, 2443, 2444, 2445, 2446, 2447, 2448, 2449, 2450, 2451, 2452, 2453, 2454, 2455, 2456, 2457, 2458, 2459, 2460, 2461, 2462, 2463, 2464, 2465, 2466, 2467, 2468, 2469, 2470, 2471, 2472, 2473, 2474, 2475, 2476, 2477, 2478, 2479, 2480, 2481, 2482, 2483, 2484, 2485, 2486, 2487, 2488, 2489, 2490, 2491, 2492, 2493, 2494, 2495, 2496, 2497, 2498, 2499};global
gromacs+2396;4500;4940;3;188;{2432, 2433, 2434, 2435, 2436, 2437, 2438, 2439, 2440, 2441, 2442, 2443, 2444, 2445, 2446, 2386, 2387, 2388, 2389, 2390, 2391, 2392, 2393, 2394, 2395, 2396, 2397, 2398, 2399, 2400, 2401, 2402, 2403, 2404, 2405, 2406, 2407, 2408, 2409, 2410, 2411, 2412, 2413, 2414, 2415, 2416, 2417, 2418, 2419, 2420, 2421, 2422, 2423, 2424, 2425, 2426, 2427, 2428, 2429, 2430, 2431};global
resnet+2408;4500;4740;3;49;{2447, 2448, 2449, 2450, 2451, 2452, 2453, 2454, 2455, 2456, 2457, 2458, 2459, 2460, 2461, 2462, 2463, 2464, 2465, 2466, 2467, 2468, 2469, 2470, 2471, 2472, 2473, 2474, 2475, 2476, 2477, 2478, 2479, 2480, 2481, 2482, 2483, 2484, 2485, 2486, 2487, 2488, 2489, 2490, 2491, 2492, 2493, 2494, 2495};local
gromacs+2521;4510;4570;3;5;{2496, 2497, 2498, 2499, 775};local
openfoam+2570;4520;4550;1;1;{457};local
resnet+2533;4530;4590;1;2;{422, 78};local
gromacs+2411;4650;4930;3;12;{2496, 2497, 2498, 2499, 775, 664, 665};global
gromacs+2411;4650;4930;1;12;{457, 443, 422, 78};global
gromacs+2411;4650;4930;0;12;{32};global
resnet+2418;4710;5140;1;5;{77, 429};global
resnet+2418;4710;5140;3;5;{749, 774};global
resnet+2418;4710;5140;0;5;{15};global
shufflenet+2573;4750;4800;1;1;{425};local
openfoam+2578;4760;4820;1;1;{71};local
gromacs+2398;4820;5300;1;244;{2054, 2055, 2056, 2057, 2058, 2059, 2060, 2061, 2062, 2063, 2064, 2065, 2066, 2067, 2068, 2069, 2070, 2071, 2072, 2073, 2074, 2075, 2076, 2077, 2078, 2079, 2080, 2081, 2082, 2083, 2084, 2085, 2086, 2087, 2088, 2089, 2090, 2091, 2092, 2093, 2094, 2095, 2096, 2097, 2098, 2099, 2100, 2101, 2102, 2103, 2104, 2105, 132, 133, 1965, 1966, 1967, 1968, 1969, 1970, 1971, 1972, 1973, 1974, 1975, 1976, 1977, 1978, 1979, 1980, 1981, 1982, 1983, 1984, 1985, 1986, 1987, 1988, 1989, 1990, 1991, 1992, 1993, 1994, 1995, 1996, 1997, 1998, 1999, 2000, 2001, 2002, 2003, 2004, 2005, 2006, 2007, 2008, 2009, 2010, 2011, 2012};global
gromacs+2398;4820;5300;3;244;{2064, 2065, 2066, 2067, 2068, 2069, 2070, 2071, 2072, 2073, 2074, 2075, 2076, 2077, 2078, 2079, 2080, 2081, 2082, 2083, 2084, 2085, 2086, 2087, 2088, 2089, 2090, 2091, 2092, 2093, 2094, 2095, 2096, 2097, 2098, 2099, 2100, 2101, 2102, 2103, 761, 2447, 2448, 2449, 2450, 2451, 2452, 2453, 2454, 2455, 2456, 2457, 2458, 2459, 2460, 2461, 2462, 2463, 2464, 2465, 2466, 2467, 2468, 2469, 2470, 2471, 2472, 2473, 2474, 2475, 2476, 2477, 2478, 2479, 2480, 2481, 2482, 2483, 2484, 2485, 2486, 2487, 2488, 2489, 2490, 2491, 2492, 2493, 2494, 2495};global
gromacs+2398;4820;5300;2;244;{2049, 2050, 2051, 2052, 2053, 2054, 2055, 2056, 2057, 2058, 2059, 2060, 2061, 2062, 2063, 2064, 2065, 2066, 2067, 2068, 2069, 2070, 2071, 2072, 2073, 2074, 2075, 2076, 2077, 2078, 2079, 2080, 2081, 2082, 2083, 2084, 2085, 2086, 2087, 2088, 2089, 2090, 2091, 2092, 2093, 2094, 2095, 2096, 2097, 2098, 2099};global
gromacs+2398;4820;5300;0;244;{35};global
resnet+2401;4830;5270;1;137;{1082, 1083, 1084, 1085, 1086, 1087, 1088, 1089, 1090, 1091, 1092, 1093, 1094, 1095, 1096, 1097, 1098, 1099, 1100, 1101, 1102, 1103, 1104, 1105, 1106, 1107, 1108, 1109, 1110, 1111, 1112, 1113, 1251, 1252, 1253, 1254, 1255, 1256, 1257, 1258, 1259, 1260, 1261, 1262, 1263, 728, 729, 730, 731, 732, 733, 734, 735, 736, 737, 738, 739, 740, 741, 742, 743, 744, 745, 746, 747, 748, 749, 750, 751, 752, 753, 754, 755, 756, 757, 758, 759, 760, 761, 762, 763, 764, 765, 766, 767, 768, 769, 770, 771, 772, 773, 774, 775, 776, 777, 778, 779, 780, 1331, 1332, 1333, 1334, 1335, 1336, 1337, 1338, 1339, 1340, 1341, 1420, 1421, 1422, 1423, 1424, 956, 957, 958, 959, 960, 961, 962, 963, 964, 965, 966, 967, 968, 969, 1513, 1514, 1515, 1516, 1517, 1518, 1519, 1523, 1524};local
gromacs+2423;4830;5310;1;5;{1537, 1538, 1539, 1525};global
gromacs+2423;4830;5310;0;5;{5};global
resnet+2404;4840;5300;2;90;{1356, 1357, 1358, 1387, 1388, 1389, 1390, 1391, 1392, 1393, 1394, 1395, 1396, 1397, 1398, 1399, 1400, 1401, 1402, 1403, 1404, 1405, 1406, 1407, 1408, 1409, 1410, 1411, 1412, 1413, 1420, 1421, 1422, 1423, 1424, 1425, 1426, 1427, 1428, 1429, 1430, 1431, 1432, 1433, 1434, 1435, 1436, 1437, 1438, 1439, 1440, 1441, 1442, 1443, 1444, 1445, 1446, 1447, 1448, 1449, 1450, 1451, 1452, 1453, 1454, 1455, 1456, 1457, 1458, 1459, 1460, 1461, 1462, 1463, 1464, 1465, 1466, 1467, 1468, 1469, 1470, 1471, 1472, 1473, 1474, 1475, 1476, 1477, 1478, 1479};local
gromacs+2405;4840;5270;2;117;{1536, 1537, 1538, 1542, 1543, 1544, 1548, 1549, 1550, 1551, 1552, 1553, 1557, 1558, 1559, 1560, 1561, 1562, 1563, 1564, 1565, 1566, 1567, 1568, 1569, 1570, 1571, 1572, 1573, 1574, 1575, 1576, 1577, 1582, 1583, 1584, 1585, 1586, 1587, 1588, 1589, 1590, 1591, 1592, 1593, 1594, 1595, 1596, 1597, 1601, 1602, 1603, 1604, 1605, 1606, 1607, 1612, 1613, 1614, 1615, 1616, 1617, 1618, 1619, 1620, 1621, 1622, 1623, 1624, 1628, 1629, 1630, 1635, 1636, 1637, 1641, 1642, 1643, 1644, 1645, 1646, 1480, 1481, 1482, 1483, 1484, 1485, 1486, 1501, 1502, 1503, 1504, 1505, 1506, 1507, 1508, 1509, 1510, 1511, 1512, 1513, 1514, 1518, 1519, 1520, 1521, 1522, 1523, 1524, 1528, 1529, 1530, 1531, 1532, 1533, 1534, 1535};local
resnet+2420;4840;5000;2;8;{1647, 1648, 1649, 1650, 1651, 1652, 1653, 1654};local
gromacs+2421;4840;5240;2;8;{1655, 1656, 1657, 1658, 1659, 1660, 1661, 1662};local
resnet+2407;4880;5150;2;59;{2100, 2101, 2102, 2103, 2104, 2105, 2106, 2107, 2108, 2109, 2110, 2111, 2112, 2113, 2114, 2115, 2116, 2117, 2118, 2119, 2120, 2121, 2122, 2123, 2124, 2125, 2126, 2127, 2128, 2129, 2130, 2131, 2132, 2133, 2134, 2135, 2136, 2137, 2138, 2139, 2140, 2141, 2142, 2143, 2144, 2145, 2146, 2147, 2148, 2149, 2150, 2151, 2168, 2169, 1663};global
resnet+2407;4880;5150;1;59;{425, 71};global
resnet+2407;4880;5150;0;59;{2};global
resnet+2407;4880;5150;3;59;{750};global
gromacs+2422;4900;5080;3;6;{2016, 2017, 2018, 2019, 2014, 2015};local
resnet+2426;4900;5270;3;5;{2020, 2021, 2022, 2023, 2024};local
gromacs+2440;4900;5250;3;2;{2025, 2026};local
resnet+2442;4900;5330;3;2;{2027, 2028};local
gromacs+2444;4900;5320;3;2;{2029, 2030};local
resnet+2447;4900;5340;3;2;{2032, 2031};local
gromacs+2448;4900;5300;3;2;{2033, 2034};local
shufflenet+2450;4900;5260;3;1;{2035};local
openfoam+2451;4900;5300;3;1;{2036};local
shufflenet+2454;4900;5310;3;1;{2037};local
resnet+2558;4900;4940;3;9;{2038, 2039, 2040, 2041, 2042, 2043, 2044, 2045, 2046};local
gromacs+2567;4900;4930;3;3;{2048, 2049, 2047};local
resnet+2592;4900;4910;3;8;{2050, 2051, 2052, 2053, 2054, 2055, 2056, 2057};local
gromacs+2597;4900;4930;3;2;{2058, 2059};local
resnet+2619;4900;4940;3;2;{2060, 2061};local
openfoam+2623;4900;4940;3;1;{2062};local
gromacs+2551;4910;4920;3;66;{1664, 1665, 1666, 1667, 1668, 1669, 1670, 1671, 1586, 1587, 1588, 1593, 1594, 1595, 1602, 1603, 1604, 1609, 1610, 1611, 1612, 1613, 1614, 1615, 1616, 1617, 1618, 1619, 1620, 1621, 1622, 1623, 1624, 1625, 1626, 1627, 1628, 1629, 1633, 1634, 1635, 1636, 1637, 1638, 1639, 1640, 1644, 1645, 1646, 1647, 1648, 1649, 1650, 1651, 1652, 1653, 1654, 1655, 1656, 1657, 1658, 1659, 1660, 1661, 1662, 1663};local
resnet+2552;4910;4940;3;54;{1672, 1673, 1674, 1675, 1676, 1677, 1678, 1679, 1680, 1681, 1682, 1683, 1684, 1685, 1686, 1687, 1688, 1689, 1690, 1691, 1692, 1693, 1694, 1695, 1696, 1697, 1698, 1699, 1700, 1701, 1702, 1703, 1704, 1705, 1706, 1707, 1708, 1709, 1710, 1711, 1712, 1713, 1714, 1715, 1716, 1717, 1718, 1719, 1720, 1721, 1722, 1723, 1724, 1725};local
gromacs+2461;4950;5120;2;871;{2152, 2153, 2154, 2155, 2156, 2157, 2158, 2159, 2160, 2161, 2162, 2163, 2164, 2165, 2166, 2167, 1664, 1665, 1666, 1667, 1668, 1669, 1670, 1671, 1672, 1673, 1674, 1675, 1676, 1677, 1678, 1679, 1680, 1681, 1682, 1683, 1684, 1685, 1686, 1687, 1688, 1689, 1690, 1691, 1692, 1693, 1694, 1695, 1696, 1697, 1698, 1699, 1700, 1701, 1702, 1703, 1704, 1705, 1706, 1707, 1708, 1709, 1710, 1711, 1712, 1713, 1714, 1715, 1716, 1717, 1718, 1719, 1720, 1721, 1722, 1723, 1724, 1725, 1726, 1727, 1728, 1729, 1730, 1731, 1732, 1733, 1734, 1735, 1736, 1737, 1738, 1739, 1740, 1741, 1742, 1743, 1744, 1745, 1746, 1747, 1748, 1749, 1750, 1751, 1752, 1753, 1754, 1755, 1756, 1757, 1758, 1759, 1760, 1761, 1762, 1763, 1764, 1765, 1766, 1767, 1768, 1769, 1770, 1771, 1772, 1773, 1774, 1775, 1776, 1777, 1778, 1779, 1780, 1781, 1782, 1783, 1784, 1785, 1786, 1787, 1788, 1789, 1790, 1791, 1792, 1793, 1794, 1795, 1796, 1797, 1798, 1799, 1800, 1801, 1802, 1803, 1804, 1805, 1806, 1807, 1808, 1809, 1810, 1811, 1812, 1813, 1814, 1815, 1816, 1817, 1818, 1819, 1820, 1821, 1822, 1823, 1824, 1825, 1826, 1827, 1828, 1829, 1830, 1831, 1832, 1833, 1834, 1835, 1836, 1837, 1838, 1839, 1840, 1841, 1842, 1843, 1844, 309, 1845, 1846, 1847, 1848, 1849, 1850, 1851, 1852, 1853, 1854, 1855, 1856, 1857, 1858, 1859, 1860, 1861, 1862, 1863, 1864, 1865, 1866, 1867, 1868, 1869, 1870, 1871, 1872, 1873, 1874, 1875, 1876, 342, 1877, 1878, 1879, 1880, 1881, 1882, 1883, 1884, 1885, 1886, 1887, 1888, 1889, 1890, 1891, 1892, 1893, 1894, 1895, 1896, 1897, 1898, 1899, 1900, 1901, 1902, 1903, 1904, 1905, 1906, 1907, 1908, 1909, 1910, 1911, 1912, 1913, 1914, 1915, 1916, 1917, 1918, 1919, 1920, 1921, 1922, 1923, 1924, 1925, 1926, 1927, 1928, 1929, 1930, 1931, 1932, 1933, 1934, 1935, 1936, 1937, 1938, 1939, 1940, 1941, 1942, 1943, 1944, 1945, 1946, 1947, 1948, 1949, 1950};global
gromacs+2461;4950;5120;3;871;{2063, 1577, 1578, 1579, 1580, 1726, 1727, 1728, 1729, 1730, 1731, 1732, 1733, 1734, 1735, 1736, 1737, 1738, 1739, 1740, 1741, 1742, 1743, 1744, 1745, 1746, 1747, 1748, 1749, 1750, 1751, 1752, 1753, 1754, 1755, 1756, 1757, 1758, 1759, 1760, 1761, 1762, 1763, 1764, 1765, 1766, 1767, 1768, 1769, 1770, 1771, 1772, 1773, 1774, 1775, 1776, 1777, 1778, 1779, 1780, 1781, 1782, 1783, 1784, 1785, 1786, 1787, 1788, 1789, 1790, 1791, 1792, 1793, 1794, 1795, 1796, 1797, 1798, 1799, 1800, 1801, 1802, 1803, 1804, 1805, 1806, 1807, 1808, 1809, 1810, 1811, 1812, 1813, 1814, 1815, 1816, 1817, 1818, 1819, 1820, 1821, 1822, 1823, 1824, 1825, 1826, 1827, 1828, 1829, 1830, 1831, 1832, 1833, 1834, 1835, 1836, 1837, 1838, 1839, 1840, 1841, 1842, 1843, 1844, 1845, 1846, 1847, 1848, 1849, 1850, 1851, 1852, 1853, 1854, 1855, 1856, 1857, 1858, 1859, 1860, 1861, 1862, 1863, 1864, 1865, 1866, 1867, 1868, 1869, 1870, 1871, 1872, 1873, 1874, 1875, 1876, 1877, 1878, 1879, 1880, 1881, 1882, 1883, 1884, 1885, 1886, 1887, 1888, 1889, 1890, 1891, 1892, 1893, 1894, 1895, 1896, 1897, 1898, 1899, 1900, 1901, 1902, 1903, 1904, 1905, 1906, 1907, 1908, 1909, 1910, 1911, 1912, 1913, 1914, 1915, 1916, 1917, 1918, 1919, 1920, 1921, 1922, 1923, 1924, 1925, 1926, 1927, 1928, 1929, 1930, 1931, 1932, 1933, 1934, 1935, 1936, 1937, 1938, 1939, 1940, 1941, 1942, 1943, 1944, 1945, 1946, 1947, 1948, 1949, 1950, 1951, 1952, 1953, 1954, 1955, 1956, 1957, 1958, 1959, 1960, 1961, 1962, 1963, 1964, 1965, 1966, 1967, 1968, 1969, 1970, 1971, 1972, 1973, 1974, 1975, 1976, 1977, 1978, 1979, 1980, 1981, 1982, 1983, 1984, 1985, 1986, 1987, 1988, 1989, 1990, 1991, 1992, 1993, 1994, 1995, 1996, 1997, 1998, 1999, 2000, 2001, 2002, 2003, 2004, 2005, 2006, 2007, 2008, 2009, 2010, 2011, 2012, 2013};global
gromacs+2461;4950;5120;0;871;{1578, 2172, 2173, 2174, 2175, 2176, 2177, 2178, 2179, 2180, 2181, 2182, 2183, 2184, 2185, 2186, 2187, 2188, 2189, 2190, 2191, 2192, 2193, 2194, 2195, 2196, 2197, 2198, 2199, 2200, 2201, 2202, 2203, 2204, 2205, 2206, 2207, 2208, 2209, 2210, 2211, 2212, 2213, 2214, 2215, 2216, 2217, 2218, 2219, 2220, 2221, 2222, 2223, 2224, 2225, 2226, 2227, 2228, 2229, 2230, 2231, 2232, 2233, 2234, 2235, 2236, 2237, 2238, 2239, 2240, 2241, 2242, 2243, 2244, 2245, 2246, 2247, 2248, 2249, 2250, 2251, 2252, 2253, 2254, 2255, 2256, 2257, 2258, 2259, 2260, 2261, 2262, 2263, 2264, 2265, 2266, 2267, 2268, 2269, 2270, 2271, 2272, 2273, 2274, 2275, 2276, 2277, 2278, 2279, 2280, 2281, 2282, 2283, 2284, 2285, 2286, 2287, 2288, 2289, 2290, 2291, 2292, 2293, 2294, 2295, 2296, 2297, 2298, 2299, 2300, 2301, 2302, 2303, 2304, 2305, 2306, 2307, 2308, 2309, 2310, 2311, 2312, 2313, 2314, 2315, 2316, 2317, 2318, 2319, 2320, 2321, 2322, 2323, 2324, 2325, 2326, 2327, 2328, 2329, 2330, 2331, 2332, 2333, 2334, 2335, 2336, 2337, 2338, 2339, 2340, 2341, 2342, 2343, 2344, 2345, 2346, 2347, 2348, 2349, 2350, 2351, 2352, 2353, 2354, 2355, 2356, 2357, 2358, 2359, 2360, 2361, 2362, 2363, 2364, 2365, 2366, 2367, 2368, 2369, 2370, 2371, 2372};global
gromacs+2461;4950;5120;1;871;{2154, 2106, 2107, 2108, 2109, 2110, 2111, 2112, 2113, 2114, 2115, 2116, 2117, 2118, 711, 712, 713, 714, 715, 716, 717, 718, 719, 2119, 2120, 2121, 2122, 2123, 2124, 2125, 2126, 2127, 2128, 2129, 2130, 2131, 2132, 2133, 2134, 2135, 2136, 2137, 2138, 2139, 2140, 2141, 2142, 2143, 2144, 2145, 2146, 2147, 2148, 2149, 2150, 2151, 2152, 2153, 115, 2155, 2156, 2157, 2158, 2159, 2160, 2161, 2162, 2163, 2164, 2165, 2166};global
resnet+2462;5000;5240;3;378;{2048, 2049, 2050, 2051, 2052, 2053, 2054, 2055, 2056, 2057, 2058, 2059, 2060, 2061, 2062, 2139, 2137, 2140, 2141, 2158, 2142, 2138, 2143, 1586, 1587, 1588, 2147, 2104, 1593, 1594, 1595, 2105, 2106, 2107, 2108, 2109, 2110, 1602, 1603, 1604, 2111, 2112, 2113, 2114, 1609, 1610, 1611, 1612, 1613, 1614, 1615, 1616, 1617, 1618, 1619, 1620, 1621, 1622, 1623, 1624, 1625, 1626, 1627, 1628, 1629, 2133, 2134, 2135, 1633, 1634, 1635, 1636, 1637, 1638, 1639, 1640, 2144, 2145, 2146, 1644, 1645, 1646, 1647, 1648, 1649, 1650, 1651, 1652, 1653, 1654, 1655, 1656, 1657, 1658, 1659, 1660, 1661, 1662, 1663, 1664, 1665, 1666, 1667, 1668, 1669, 1670, 1671, 1672, 1673, 1674, 1675, 1676, 1677, 1678, 1679, 1680, 1681, 1682, 1683, 1684, 1685, 1686, 1687, 664, 665, 1688, 1689, 1690, 1691, 1692, 1693, 1694, 1695, 1696, 1697, 1698, 1699, 1700, 1701, 1702, 1703, 1704, 1705, 1706, 1707, 1708, 1709, 1710, 1711, 1712, 1713, 1714, 1715, 1716, 1717, 1718, 1719, 1720, 1721, 1722, 1723, 1724, 1725, 2167, 775, 776, 2168, 2148, 2169, 2149, 2170, 2150, 2386, 2387, 2388, 2389, 2390, 2391, 2392, 2393, 2394, 2395, 2396, 2397, 2398, 2399, 2400, 2401, 2402, 2403, 2404, 2405, 2151, 2406, 2407, 2408, 2409, 2410, 2411, 2412, 2413, 2414, 2415, 2416, 2417, 2418, 2419, 2420, 2421, 2422, 2423, 2424, 2425, 2426, 2427, 2428, 2429, 2152, 2430, 2431, 2432, 2433, 2434, 2435, 2436, 2437, 2438, 2439, 2440, 2441, 2442, 2443, 2444, 2445, 2446, 2115, 2116, 2153, 2117, 2118, 2119, 2120, 2121, 2154, 2122, 2123, 2124, 2496, 2497, 2498, 2499, 2125, 2126, 2155, 2127, 2128, 2129, 2130, 2131, 2156, 2132, 2136, 2157, 2038, 2039, 2040, 2041, 2042, 2043, 2044, 2045, 2046, 2047};global
resnet+2462;5000;5240;0;378;{1551, 1552, 1553, 1554, 1555, 1560, 1561, 1562, 1563, 28, 1567, 32, 1568, 1569, 1570, 37, 1575, 1576, 2166, 2167, 2168, 2169, 2170, 2171, 1887, 1888, 1889, 1890, 1891, 1892, 1893, 1894, 1895, 1896, 1897, 1898, 1899, 1900, 1901, 1902, 1903, 1904, 1905, 1906, 1907, 1908, 1909, 1910, 1911, 1912, 1913, 1914, 1915, 1916, 1917, 1918, 1919, 1920, 1921, 1922, 1923, 1924, 1925, 1926, 1927, 1928, 1929, 1930, 1931, 1932, 1933, 1934, 1935, 1936, 1937, 1938, 1939, 1940, 1941, 1942, 1943, 1944, 1945, 1946, 1947, 1948, 1949, 1950, 1951, 1952, 1953, 1954, 1955, 1956, 1957, 1958, 1959, 1960, 1961, 1962, 1963, 1964, 1965, 1966, 1967};global
gromacs+2467;5010;5170;0;164;{2373, 2374, 2375, 2376, 2377, 2378, 2379, 2380, 2381, 2382, 2383, 2384, 2385, 2386, 2387, 2388, 2389, 2390, 2391, 2392, 2393, 2394, 2395, 2396, 2397, 2398, 2399, 2400, 2401, 2402, 2403, 2404, 2405, 2406, 2407, 2408, 2409, 2410, 2411, 2412, 2413, 2414, 2415, 2416, 2417, 2418, 2419, 2420, 2421, 2422, 2423, 2424, 2425, 2426, 2427, 2428, 2429, 2430, 2431, 2432, 2433, 2434, 2435, 2436, 2437, 2438, 2439, 2440, 2441, 2442, 2443, 2444, 2445, 2446, 2447, 2448, 2449, 2450, 2451, 2452, 2453, 2454, 2455, 2456, 2457, 2458, 2459, 2460, 2461, 2462, 2463, 2464, 2465, 2466, 2467, 2468, 2469, 2470, 2471, 2472, 2473, 2474, 2475, 2476, 2477, 2478, 2479, 2480, 2481, 2482, 2483, 2484, 2485, 2486, 2487, 2488, 2489, 2490, 2491, 2492, 2493, 2494, 2495, 2496, 2497, 2498, 2499};global
gromacs+2467;5010;5170;1;164;{128, 129, 138, 139, 422, 681, 682, 683, 684, 685, 686, 687, 688, 689, 690, 691, 692, 693, 694, 695, 696, 443, 457, 78, 720, 721, 722, 723, 724, 725, 726, 2167, 2168, 2169, 2170};global
gromacs+2467;5010;5170;3;164;{1584, 1585};global
resnet+2477;5030;5260;1;18;{704, 705, 706, 707, 708, 709, 710, 697, 698, 699, 700, 701, 702, 703};global
resnet+2477;5030;5260;3;18;{1524, 1525, 1526, 1527};global
gromacs+2524;5030;5310;3;3;{1528, 1529, 1530};local
resnet+2526;5030;5210;3;2;{1531, 1532};local
gromacs+2465;5040;5310;2;247;{519, 520, 521, 522, 523, 524, 525, 526, 527, 528, 529, 530, 531, 532, 533, 534, 535, 536, 537, 538, 539, 540, 541, 542, 543, 544, 545, 546, 547, 548, 549, 550, 551, 552, 553, 554, 555, 556, 557, 558, 559, 560, 561, 562, 563, 564, 565, 566, 567, 568, 569, 570, 571, 572, 573, 574, 575, 576, 577, 578, 579, 580, 581, 582, 583, 1129, 1130, 1131, 1132, 1133, 1134, 1135, 1136, 1137, 1138, 1139, 1140, 1141, 1142, 1143, 1144, 1195, 1196, 1197, 1198, 1199, 1200, 1201, 1202, 1203, 1204, 1205, 1206, 1207, 1208, 1209, 1210, 1211, 1212, 1213, 1214, 1215, 1216, 1217, 1218, 1219, 1220, 1221, 1222, 1223, 1224, 1225, 1226, 1227, 1228, 1229, 1230, 1231, 1232, 1233, 1234, 1235, 1236, 1237, 1238, 1239, 1240, 1241, 1242, 1243, 1244, 1245, 1246, 1247, 1248, 1249, 1250, 1251, 1252, 1253, 1254, 1255, 1256, 1257, 1258, 1259, 1260, 1261, 1262, 1263, 1278, 1279, 1280, 1281, 1282, 1283, 1284, 1285, 1286, 1287, 1288, 1289, 1290, 1291, 1292, 1293, 1294, 1295, 1296, 1297, 1298, 1299, 1300, 1301, 1302, 1303, 1304, 1305, 1306, 1307, 1308, 1309, 1310, 1311, 1312, 1313, 1324, 1325, 1326, 1327, 1328, 1329, 1330, 1331, 1332, 1333, 1334, 1335, 1336, 1337, 1338, 1339, 1340, 1341, 1342, 1343, 1344, 1345, 1346, 1347, 1348, 1349, 435, 436, 437, 438, 439, 440, 441, 442, 443, 444, 445, 446, 447, 448, 449, 450, 451, 452, 453, 454, 455, 456, 457, 458, 459, 460, 461, 462, 463, 464, 465, 466, 467, 468, 469};local
resnet+2483;5040;5220;2;9;{1350, 1351, 1352, 1353, 1354, 1355};global
resnet+2483;5040;5220;3;9;{1539, 1540};global
resnet+2483;5040;5220;0;9;{1577};global
gromacs+2470;5050;5180;1;83;{61, 65, 67, 68, 72, 81, 84, 91, 97, 109, 110, 111, 112, 120, 121, 136, 137, 301, 302, 303, 304, 305, 306, 307, 308, 309, 310, 311, 312, 313, 314, 315, 316, 317, 318, 319, 320, 321, 322, 323, 324, 325, 326, 327, 328, 329, 330, 331, 332, 333, 334, 335, 336, 337, 338, 339, 340, 341, 342, 343, 344, 345, 346, 347, 348, 349, 350, 351, 362, 363, 364, 365, 366, 367, 368, 369, 370, 371, 372, 373, 374, 375, 376};local
resnet+2472;5050;5210;1;126;{512, 513, 514, 515, 516, 517, 518, 519, 520, 521, 522, 523, 524, 525, 526, 527, 528, 529, 530, 531, 532, 533, 534, 535, 536, 537, 538, 539, 540, 541, 542, 543, 544, 545, 546, 547, 548, 549, 550, 551, 552, 553, 554, 555, 377, 378, 379, 380, 381, 382, 383, 384, 385, 386, 387, 388, 389, 390, 391, 392, 393, 394, 395, 396, 397, 398, 399, 400, 401, 402, 405, 406, 412, 414, 415, 428, 453, 459, 464, 465, 466, 467, 468, 469, 470, 471, 472, 473, 474, 475, 476, 477, 478, 479, 480, 481, 482, 483, 484, 485, 486, 487, 488, 489, 490, 491, 492, 493, 494, 495, 496, 497, 498, 499, 500, 501, 502, 503, 504, 505, 506, 507, 508, 509, 510, 511};local
gromacs+2475;5050;5320;1;40;{2176, 2177, 2178, 2179, 2180, 2181, 2182, 2183, 2184, 2185, 2186, 2187, 2188, 2189, 556, 557, 558, 559, 560, 561, 620, 621, 622, 623, 624, 625, 626, 627, 628, 629, 630, 631, 632, 633, 634, 2171, 2172, 2173, 2174, 2175};local
resnet+2486;5050;5260;2;11;{2176, 2177, 2178, 2179, 2180, 2170, 2171, 2172, 2173, 2174, 2175};local
gromacs+2487;5050;5150;2;10;{2181, 2182, 2183, 2184, 2185, 2186, 2187, 2188, 2189, 2190};local
resnet+2488;5050;5300;1;8;{2190, 2191, 2192, 2193, 2194, 2195, 2196, 2197};local
gromacs+2489;5050;5230;2;7;{2191, 2192, 2193, 2194, 2195, 2196, 2197};local
resnet+2499;5050;5100;1;231;{2198, 2199, 2200, 2201, 2202, 2203, 2204, 2205, 2206, 2207, 2208, 2209, 2210, 2211, 2212, 2213, 2214, 2215, 2216, 2217, 2218, 2219, 2220, 2221, 2222, 2223, 2224, 2225, 2226, 2227, 2228, 2229, 2230, 2231, 2232, 2233, 2234, 2235, 2236, 2237, 2238, 2239, 2240, 2241, 2242, 2243, 2244, 2245, 2246, 2247, 2248, 2249, 2250, 2251, 2252, 2253, 2254, 2255, 2256, 2257, 2258, 2259, 2260, 2261, 2262, 2263, 2264, 2265, 2266, 2267, 2268, 2269, 2270, 2271, 2272, 2273, 2274, 2275, 2276, 2277, 2278, 2279, 2280, 2281, 2282, 2283, 2284, 2285, 2286, 2287, 2288, 2289, 2290, 2291, 2292, 2293, 2294, 2295, 2296, 2297, 2298, 2299, 2300, 2301, 2302, 2303, 2304, 2305, 2306, 2307, 2308, 2309, 2310, 2311, 2312, 2313, 2314, 2315, 2316, 2317, 2318, 2319, 2320, 2321, 2322, 2323, 2324, 2325, 2326, 2327, 2328, 2329, 2330, 2331, 2332, 2333, 2334, 2335, 2336, 2337, 2338, 2339, 2340, 2341, 2342, 2343, 2344, 2345, 2346, 2347, 2348, 2349, 2350, 2351, 2352, 2353, 2354, 2355, 2356, 2357, 2358, 2359, 2360, 2361, 2362, 2363, 2364, 2365, 2366, 2367, 2368, 2369, 2370, 2371, 2372, 2373, 2374, 2375, 2376, 2377, 2378, 2379, 2380, 2381, 2382, 2383, 2384, 2385, 2386, 2387, 2388, 2389, 2390, 2391, 2392, 2393, 2394, 2395, 2396, 2397, 2398, 2399, 2400, 2401, 2402, 2403, 2404, 2405, 2406, 2407, 2408, 2409, 2410, 2411, 2412, 2413, 2414, 2415, 2416, 2417, 2418, 2419, 2420, 2421, 2422, 2423, 2424, 2425, 2426, 2427, 2428};local
gromacs+2500;5050;5220;2;152;{2198, 2199, 2200, 2201, 2202, 2203, 2204, 2205, 2206, 2207, 2208, 2209, 2210, 2211, 2212, 2213, 2214, 2215, 2216, 2217, 2218, 2219, 2220, 2221, 2222, 2223, 2224, 2225, 2226, 2227, 2228, 2229, 2230, 2231, 2232, 2233, 2234, 2235, 2236, 2237, 2238, 2239, 2240, 2241, 2242, 2243, 2244, 2245, 2246, 2247, 2248, 2249, 2250, 2251, 2252, 2253, 2254, 2255, 2256, 2257, 2258, 2259, 2260, 2261, 2262, 2263, 2264, 2265, 2266, 2267, 2268, 2269, 2270, 2271, 2272, 2273, 2274, 2275, 2276, 2277, 2278, 2279, 2280, 2281, 2282, 2283, 2284, 2285, 2286, 2287, 2288, 2289, 2290, 2291, 2292, 2293, 2294, 2295, 2296, 2297, 2298, 2299, 2300, 2301, 2302, 2303, 2304, 2305, 2306, 2307, 2308, 2309, 2310, 2311, 2312, 2313, 2314, 2315, 2316, 2317, 2318, 2319, 2320, 2321, 2322, 2323, 2324, 2325, 2326, 2327, 2328, 2329, 2330, 2331, 2332, 2333, 2334, 2335, 2336, 2337, 2338, 2339, 2340, 2341, 2342, 2343, 2344, 2345, 2346, 2347, 2348, 2349};local
resnet+2501;5050;5150;3;170;{2171, 2172, 2173, 2174, 2175, 2176, 2177, 2178, 2179, 2180, 2181, 2182, 2183, 2184, 2185, 2186, 2187, 2188, 2189, 2190, 2191, 2192, 2193, 2194, 2195, 2196, 2197, 2198, 2199, 2200, 2201, 2202, 2203, 2204, 2205, 2206, 2207, 2208, 2209, 2210, 2211, 2212, 2213, 2214, 2215, 2216, 2217, 2218, 2219, 2220, 2221, 2222, 2223, 2224, 2225, 2226, 2227, 2228, 2229, 2230, 2231, 2232, 2233, 2234, 2235, 2236, 2237, 2238, 2239, 2240, 2241, 2242, 2243, 2244, 2245, 2246, 2247, 2248, 2249, 2250, 2251, 2252, 2253, 2254, 2255, 2256, 2257, 2258, 2259, 2260, 2261, 2262, 2263, 2264, 2265, 2266, 2267, 2268, 2269, 2270, 2271, 2272, 2273, 2274, 2275, 2276, 2277, 2278, 2279, 2280, 2281, 2282, 2283, 2284, 2285, 2286, 2287, 2288, 2289, 2290, 2291, 2292, 2293, 2294, 2295, 2296, 2297, 2298, 2299, 2300, 2301, 2302, 2303, 2304, 2305, 2306, 2307, 2308, 2309, 2310, 2311, 2312, 2313, 2314, 2315, 2316, 2317, 2318, 2319, 2320, 2321, 2322, 2323, 2324, 2325, 2326, 2327, 2328, 2329, 2330, 2331, 2332, 2333, 2334, 2335, 2336, 2337, 2338, 2339, 2340};local
gromacs+2506;5050;5200;2;17;{2350, 2351, 2352, 2353, 2354, 2355, 2356, 2357, 2358, 2359, 2360, 2361, 2362, 2363, 2364, 2365, 2366};local
resnet+2514;5050;5270;2;16;{2368, 2369, 2370, 2371, 2372, 2373, 2374, 2375, 2376, 2377, 2378, 2379, 2380, 2381, 2382, 2367};local
gromacs+2515;5050;5160;2;11;{2383, 2384, 2385, 2386, 2387, 2388, 2389, 2390, 2391, 2392, 2393};local
resnet+2517;5050;5180;2;6;{2394, 2395, 2396, 2397, 2398, 2399};local
gromacs+2528;5050;5250;2;2;{2400, 2401};local
resnet+2531;5050;5200;2;2;{2402, 2403};local
gromacs+2536;5050;5260;2;2;{2404, 2405};local
shufflenet+2542;5050;5160;2;1;{2406};local
resnet+2564;5050;5240;2;3;{2408, 2409, 2407};local
gromacs+2565;5050;5280;2;3;{2410, 2411, 2412};local
resnet+2549;5080;5100;0;337;{2052, 2053, 2054, 2055, 2056, 2057, 2058, 2059, 2060, 2061, 2062, 2063, 2064, 2065, 2066, 2067, 2068, 2069, 2070, 2071, 2072, 2073, 2074, 2075, 2076, 2077, 2078, 2079, 2080, 2081, 2082, 2083, 2084, 2085, 2086, 2087, 2088, 2089, 1579, 1580, 1581, 1585, 1586, 1587, 1588, 1589, 1590, 1591, 1592, 1593, 1594, 1595, 1596, 1597, 1598, 1599, 1611, 1612, 1613, 1614, 1615, 1616, 1624, 1625, 1626, 1627, 1628, 1629, 1630, 1631, 1632, 1633, 1637, 1638, 1639, 1640, 1645, 1646, 1647, 1648, 1649, 1650, 1651, 1652, 1653, 1654, 1655, 1656, 1657, 1658, 1659, 1660, 1661, 1662, 1663, 1664, 1665, 1666, 1667, 1668, 1669, 1670, 1671, 1672, 1673, 1674, 1675, 1676, 1677, 1678, 1679, 1680, 1681, 1682, 1683, 1684, 1685, 1686, 1687, 1688, 1689, 1690, 1691, 1692, 1693, 1694, 1695, 1696, 1697, 1698, 1699, 1700, 1701, 1702, 1703, 1704, 1705, 1706, 1707, 1708, 1709, 1710, 1711, 1712, 1713, 1714, 1715, 1716, 1717, 1718, 1719, 1720, 1721, 1722, 1723, 1724, 1725, 1726, 1727, 1728, 1729, 1730, 1731, 1732, 1733, 1734, 1735, 1736, 1737, 1738, 1739, 1740, 1741, 1742, 1743, 1744, 1745, 1746, 1747, 1748, 1749, 1750, 1751, 1752, 1753, 1968, 1969, 1970, 1971, 1972, 1973, 1974, 1975, 1976, 1977, 1978, 1979, 1980, 1981, 1982, 1983, 1984, 1985, 1986, 1987, 1988, 1989, 1990, 1991, 1992, 1993, 1994, 1995, 1996, 1997, 1998, 1999, 2000, 2001, 2002, 2003};global
resnet+2549;5080;5100;2;337;{1647, 1648, 1649, 1650, 1651, 1652, 1653, 1654, 333, 2413, 2414, 2415, 2416, 2417, 2418, 2419, 2420, 2421, 2422, 2423, 2424, 2425, 2426, 2427, 2428, 2429, 2430, 2431, 2432, 2433, 2434, 2435, 2436, 2437, 2438, 2439, 2440, 2441, 2442, 2443, 2444, 2445, 2446, 2447, 2448, 2449, 2450, 2451, 2452, 2453, 2454, 2455, 2456, 2457, 2458, 2459, 2460, 2461, 2462, 2463, 2464, 2465, 2466, 2467, 2468, 2469, 2470, 2471, 2472, 2473, 2474, 2475, 2476, 2477, 2478, 2479, 2480, 2481, 2482, 2483, 2484, 2485, 2486, 2487, 2488, 2489, 2490, 2491, 2492, 2493, 2494, 2495, 2496, 2497, 2498, 2499};global
resnet+2549;5080;5100;1;337;{2432, 2433, 2434, 2435, 2436, 2437, 2438, 2439, 2440, 2441, 2442, 2443, 2444, 2445, 2446, 2447, 2448, 2429, 2430, 2431};global
gromacs+2550;5100;5120;3;161;{2341, 2342, 2343, 2344, 2345, 2346, 2347, 2348, 2349, 2350, 2351, 2352, 2353, 2354, 2355, 2356, 2357, 2358, 2359, 2360, 2361, 2362, 2363, 2364, 2365, 2366, 2367, 2368, 2369, 2370, 2371, 2372, 2373, 2374, 2375, 2376, 2377, 2378, 2379, 2380, 2381, 2382, 2383, 2384, 2385, 1494, 1495, 1496, 1497, 1498, 1499, 744, 1519, 1520, 1521, 1522, 1523};global
gromacs+2550;5100;5120;0;161;{2090, 2091, 2092, 2093, 2094, 2095, 2096, 2097, 2098, 2099, 2100, 2101, 2102, 2103, 2104, 2105, 2106, 2107, 2108, 2109, 2110, 2111, 2112, 2113, 2114, 2115, 2116, 2117, 2118, 2119, 2120, 2121, 2122, 2123, 2124, 2125, 2126, 2127, 2128, 2129, 2130, 2131, 2132, 2133, 2134, 2135, 2136, 2137, 2138, 2139, 2140, 2141};global
gromacs+2550;5100;5120;1;161;{2449, 2450, 2451, 2452, 2453, 2454, 2455, 2456, 2457, 2458, 2459, 2460, 2461, 2462, 2463, 2464, 2465, 2466, 2467, 2468, 2469, 2470, 2471, 2472, 2473, 2474, 2475, 2476, 2477, 2478, 2479, 2480, 2481, 2482, 2483, 2484, 2485, 2486, 2487, 2488, 2489, 2490, 2491, 2492, 2493, 2494, 2495, 2496, 2497, 2498, 2499, 727};global
resnet+2553;5110;5340;3;33;{929, 930, 931, 932, 933, 934, 935, 936, 937, 938, 939, 940, 941, 942, 943, 967, 968, 969, 970, 971, 972, 973, 974, 975, 976, 977, 978, 979, 980, 981, 982, 983, 984};local
gromacs+2555;5110;5290;3;26;{1025, 1026, 1027, 1028, 1029, 1030, 1031, 1032, 1033, 1034, 1035, 1036, 1037, 1038, 1039, 1040, 1041, 985, 986, 987, 988, 989, 990, 991, 992, 993};local
resnet+2556;5110;5140;3;29;{1042, 1043, 1053, 1054, 1055, 1056, 1057, 1058, 1059, 1060, 1061, 1062, 1063, 1064, 1065, 1066, 1067, 1068, 1069, 1070, 1071, 1072, 1073, 1074, 1075, 1076, 1077, 1078, 1079};local
gromacs+2557;5110;5200;3;16;{1088, 1089, 1090, 1091, 1092, 1093, 1094, 1095, 1080, 1081, 1082, 1083, 1084, 1085, 1086, 1087};local
resnet+2562;5110;5170;3;13;{1096, 1103, 1104, 1105, 1106, 1107, 1108, 1109, 1110, 1111, 1112, 1113, 1114};local
gromacs+2563;5110;5340;3;7;{1120, 1121, 1115, 1116, 1117, 1118, 1119};local
resnet+2568;5110;5180;3;4;{1122, 1123, 1124, 1125};local
gromacs+2569;5110;5280;3;2;{1126, 1127};local
openfoam+2571;5110;5300;3;1;{1128};local
shufflenet+2572;5110;5340;3;1;{1129};local
openfoam+2575;5110;5300;3;1;{1130};local
shufflenet+2577;5110;5240;3;1;{1131};local
resnet+2585;5110;5260;3;17;{1132, 1133, 1134, 1135, 1136, 1137, 1138, 1139, 1140, 1141, 1142, 1143, 1144, 1145, 1146, 1147, 1148};local
gromacs+2594;5110;5250;3;3;{1149, 1150, 1151};local
resnet+2581;5130;5280;0;259;{1536, 1537, 1538, 1539, 1540, 1541, 1542, 1547, 1548, 1549, 1550, 1754, 1755, 1756, 1757, 1758, 1759, 1760, 1761, 1762, 1763, 1764, 1765, 1766, 1767, 1768, 1769, 1770, 1771, 1772, 1773, 1774, 1775, 1776, 1777, 1778, 1779, 1780, 1781, 1782, 1783, 1784, 1785, 1786, 1787, 1788, 1789, 1790, 1791, 1792, 1793, 1794, 1795, 1796, 1797, 1798, 1799, 1800, 1801, 1802, 1803, 1804, 1805, 1806, 1807, 1808, 1809, 1810, 1811, 1812, 1813, 1814, 1815, 1816, 1817, 1818, 1819, 1820, 1821, 1822, 1823, 1824, 1825, 1826, 1827, 1828, 1829, 1830, 1831, 1832, 1833, 1834, 1835, 1836, 1837, 1838, 1839, 1840, 1841, 1842, 1843, 1844, 1845, 1846, 1847, 1848, 1849, 1850, 1851, 1852, 1853, 1854, 1855, 1856, 1857, 1858, 1859, 1860, 1861, 1862, 1863, 1864, 1865, 1866, 1867, 1868, 1869, 1870, 1871, 1872, 1873, 1874, 1875, 1876, 1877, 1878, 1879, 1880, 1881, 1882, 1883, 1884, 1885, 1886, 1499, 1500, 1501, 1502, 1503, 1504, 1505, 1506, 1507, 1508, 1509, 1510, 1511, 1512, 1513, 1514, 1515, 1516, 1517, 1518, 1519, 1520, 1521, 1522, 1523, 1524, 1525, 1529, 1530, 1531, 1532, 1533, 1534, 1535};global
resnet+2581;5130;5280;3;259;{1152, 1153, 1154, 1155, 1156, 1157, 1206, 1207, 1208, 1209, 1210, 1211, 1212, 1213, 1214, 1215, 1216, 1217, 1218, 1219, 1220, 1221, 1222, 1223, 1224, 787, 874, 875, 876, 877, 878, 879, 880, 881, 882, 883, 884, 885, 886, 887, 888, 889, 890, 891, 892, 893, 894, 895, 896, 897, 898, 899, 900, 901, 902, 903, 904, 905, 906, 907, 908, 909, 910, 911, 912, 913, 914, 915, 916, 917, 918, 919, 920, 921, 922, 923, 924, 925, 926, 927, 928};global
gromacs+2579;5160;5210;1;899;{2048, 2049, 2050, 2051, 2052, 2053, 2198, 2199, 2200, 2201, 2202, 2203, 2204, 2205, 2206, 2207, 2208, 2209, 2210, 2211, 2212, 2213, 2214, 2215, 2216, 2217, 2218, 2219, 2220, 2221, 2222, 2223, 2224, 2225, 2226, 2227, 2228, 2229, 2230, 2231, 2232, 2233, 2234, 2235, 2236, 2237, 2238, 2239, 2240, 2241, 2242, 2243, 2244, 2245, 2246, 2247, 2248, 2249, 2250, 2251, 2252, 2253, 2254, 2255, 2256, 2257, 2258, 2259, 212, 213, 2260, 2261, 2262, 2263, 2264, 2265, 2266, 2267, 2268, 2269, 2270, 2271, 2272, 2273, 2274, 2275, 2276, 2277, 2278, 2279, 2280, 2281, 2282, 2283, 2284, 2285, 2286, 2287, 2288, 2289, 2290, 2291, 2292, 2293, 2294, 2295, 2296, 2297, 2298, 2299, 2300, 2301, 2302, 2303, 2304, 2305, 2306, 2307, 2308, 2309, 2310, 2311, 2312, 2313, 2314, 2315, 2316, 2317, 2318, 2319, 2320, 2321, 2322, 2323, 2324, 2325, 2326, 2327, 2328, 2329, 2330, 2331, 2332, 2333, 2334, 2335, 2336, 2337, 2338, 2339, 2340, 2341, 2342, 2343, 2344, 2345, 2346, 2347, 2348, 2349, 2350, 2351, 2352, 2353, 2354, 2355, 2356, 2357, 2358, 2359, 2360, 2361, 2362, 2363, 2364, 2365, 2366, 2367, 2368, 2369, 2370, 2371, 2372, 2373, 2374, 2375, 2376, 2377, 2378, 2379, 2380, 2381, 2382, 2383, 2384, 2385, 2386, 2387, 2388, 2389, 2390, 2391, 2392, 2393, 2394, 2395, 2396, 2397, 2398, 2399, 2400, 2401, 2402, 2403, 2404, 2405, 2406, 2407, 2408, 2409, 2410, 2411, 2412, 2413, 2414, 2415, 2416, 2417, 2418, 2419, 2420, 2421, 2422, 2423, 2424, 2425, 2426, 2427, 2428, 2429, 2430, 2431, 2432, 2433, 2434, 2435, 2436, 2437, 2438, 2439, 2440, 2441, 2442, 2443, 2444, 2445, 2446, 2447, 2448, 635, 636, 637, 638, 639, 640, 641, 642, 643, 644, 645, 680, 1911, 1912, 1913, 1914, 1915, 1916, 1917, 1918, 1919, 1920, 1921, 1922, 1923, 1924, 1925, 1926, 1927, 1928, 1929, 1930, 1931, 1932, 1933, 1934, 1935, 1936, 1937, 1938, 1939, 1940, 1941, 1942, 1943, 1944, 1945, 1946, 1947, 1948, 1949, 1950, 1951, 1952, 1953, 1954, 1955, 1956, 1957, 1958, 1959, 1960, 1961, 1962, 1963, 1964, 2013, 2014, 2015, 2016, 2017, 2018, 2019, 2020, 2021, 2022, 2023, 2024, 2025, 2026, 2027, 2028, 2029, 2030, 2031, 2032, 2033, 2034, 2035, 2036, 2037, 2038, 2039, 2040, 2041, 2042, 2043, 2044, 2045, 2046, 2047};global
gromacs+2579;5160;5210;2;899;{2048, 2039, 2040, 2041, 2042, 2043, 2044, 2451, 2045, 2452, 2046, 2453, 2454, 2455, 2456, 2457, 2458, 2459, 1951, 2460, 1952, 2461, 1953, 2462, 1954, 2463, 1955, 2464, 1647, 1648, 1649, 1650, 1651, 1652, 1653, 1654, 1957, 1956, 2465, 2466, 1958, 2467, 1959, 2468, 2469, 2470, 2471, 2472, 2473, 2474, 2475, 2476, 2477, 2478, 2479, 2480, 2481, 2482, 2483, 2484, 1976, 2485, 2486, 2487, 2488, 2489, 2490, 2491, 2492, 2493, 2494, 2495, 2496, 2497, 2498, 2499, 330, 333, 2413, 2414, 2415, 2416, 2417, 2418, 2419, 2420, 2421, 2422, 2423, 2424, 2425, 2426, 2427, 2428, 2429, 2430, 2431, 2432, 2433, 2434, 2435, 2436, 2437, 2438, 2439, 2440, 2441, 2442, 2443, 2444, 2445, 2446, 2447, 2448, 2449, 2450, 403, 404, 405, 406, 407, 408, 409, 410, 411, 412, 413, 414, 415, 416, 417, 418, 419, 420, 421, 422, 423, 424, 1961, 425, 426, 427, 428, 429, 430, 431, 1960, 434, 1962, 1963, 1964, 1965, 1966, 1967, 1968, 1969, 1970, 1971, 1972, 1973, 1974, 1975, 1985, 1977, 1978, 1979, 1980, 1981, 1982, 1983, 1984, 1986, 1987, 1988, 1989, 1990, 1991, 1992, 1993, 1994, 1995, 1996, 1997, 1998, 1999, 2000, 2001, 2002, 2003, 2004, 2005, 2006, 2007, 2008, 2009, 2010, 2011, 2012, 2013, 2014, 2015, 2016, 2017, 2018, 2019, 2020, 2021, 2022, 2023, 2024, 2025, 2026, 2027, 2028, 2029, 2030, 2031, 2032, 2033, 2034, 2035, 2036, 2037, 2038, 2047};global
gromacs+2579;5160;5210;0;899;{2052, 2053, 2054, 2055, 2056, 2057, 2058, 2059, 2060, 2061, 2062, 2063, 2064, 2065, 2066, 2067, 2068, 2069, 2070, 2071, 2072, 2073, 2074, 2075, 2076, 2077, 2078, 2079, 2080, 2081, 2082, 2083, 2084, 2085, 38, 2086, 2087, 2088, 2089, 1579, 1580, 1581, 1585, 1586, 1587, 1588, 1589, 1590, 1591, 1592, 1593, 1594, 1595, 1596, 1597, 1598, 1599, 1611, 1612, 1613, 1614, 1615, 1616, 1624, 1625, 1626, 1627, 1628, 1629, 1630, 1631, 1632, 1633, 1637, 1638, 1639, 1640, 1645, 1646, 1647, 1648, 1649, 1650, 1651, 1652, 1653, 1654, 1655, 1656, 1657, 1658, 1659, 1660, 1661, 1662, 1663, 1664, 1665, 1666, 1667, 1668, 1669, 1670, 1671, 1672, 1673, 1674, 1675, 1676, 1677, 1678, 1679, 1680, 1681, 1682, 1683, 1684, 1685, 1686, 1687, 1688, 1689, 1690, 1691, 1692, 1693, 1694, 1695, 1696, 1697, 1698, 1699, 1700, 1701, 1702, 1703, 1704, 1705, 1706, 1707, 1708, 1709, 1710, 1711, 1712, 1713, 1714, 1715, 1716, 1717, 1718, 1719, 1720, 1721, 1722, 1723, 1724, 1725, 1726, 1727, 1728, 1729, 1730, 1731, 1732, 1733, 1734, 1735, 1736, 1737, 1738, 1739, 1740, 1741, 1742, 1743, 1744, 1745, 1746, 1747, 1748, 1749, 1750, 1751, 1752, 1753, 1968, 1969, 1970, 1971, 1972, 1973, 1974, 1975, 1976, 1977, 1978, 1979, 1980, 1981, 1982, 1983, 1984, 1985, 1986, 1987, 1988, 1989, 1990, 1991, 1992, 1993, 1994, 1995, 1996, 1997, 1998, 1999, 2000, 2001, 2002, 2003};global
gromacs+2579;5160;5210;3;899;{1541, 1542, 1543, 1544, 1545, 1546, 1547, 1548, 1552, 1553, 1554, 1555, 1556, 1557, 1558, 2159, 2160, 2161, 2162, 2163, 2164, 2165, 2166, 713, 1225, 1226, 1227, 1228, 1229, 1230, 1231, 1232, 1233, 1234, 1235, 1236, 1237, 742, 791, 792, 793, 798, 799, 800, 801, 802, 803, 804, 805, 806, 807, 808, 809, 810, 811, 812, 813, 814, 815, 816, 817, 818, 819, 820, 821, 822, 823, 824, 825, 826, 827, 828, 829, 830, 831, 832, 833, 865, 866, 867, 868, 869, 870, 871, 872, 873, 2014, 2015, 2016, 2017, 2018, 2019};global
resnet+2580;5180;5210;3;369;{2063, 2341, 2342, 2343, 2344, 2345, 2346, 2347, 2348, 2349, 2350, 2351, 2352, 2353, 2354, 2355, 2356, 2357, 2358, 2359, 2360, 2361, 2362, 2363, 2364, 2365, 2366, 2367, 2368, 2369, 2370, 2371, 2372, 2373, 2374, 2375, 2376, 2377, 2378, 2379, 2380, 2381, 2382, 2383, 2384, 2385, 744, 1494, 1495, 1496, 1497, 1498, 1499, 1519, 1520, 1521, 1522, 1523, 1577, 1578, 1579, 1580, 1726, 1727, 1728, 1729, 1730, 1731, 1732, 1733, 1734, 1735, 1736, 1737, 1738, 1739, 1740, 1741, 1742, 1743, 1744, 1745, 1746, 1747, 1748, 1749, 1750, 1751, 1752, 1753, 1754, 1755, 1756, 1757, 1758, 1759, 1760, 1761, 1762, 1763, 1764, 1765, 1766, 1767, 1768, 1769, 1770, 1771, 1772, 1773, 1774, 1775, 1776, 1777, 1778, 1779, 1780, 1781, 1782, 1783, 1784, 1785, 1786, 1787, 1788, 1789, 1790, 1791, 1792, 1793, 1794, 1795, 1796, 1797, 1798, 1799, 1800, 1801, 1802, 1803, 1804, 1805, 1806, 1807, 1808, 1809, 1810, 1811, 1812, 1813, 1814, 1815, 1816, 1817, 1818, 1819, 1820, 1821, 1822, 1823, 1824, 1825, 1826, 1827, 1828, 1829, 1830, 1831, 1832, 1833, 1834, 1835, 1836, 1837, 1838, 1839, 1840, 1841, 1842, 1843, 1844, 1845, 1846, 1847, 1848, 1849, 1850, 1851, 1852, 1853, 1854, 1855, 1856, 1857, 1858, 1859, 1860, 1861, 1862, 1863, 1864, 1865, 1866, 1867, 1868, 1869, 1870, 1871, 1872, 1873, 1874, 1875, 1876, 1877, 1878, 1879, 1880, 1881, 1882, 1883, 1884, 1885, 1886, 1887, 1888, 1889, 1890, 1891, 1892, 1893, 1894, 1895, 1896, 1897, 1898, 1899, 1900, 1901, 1902, 1903, 1904, 1905, 1906, 1907, 1908, 1909, 1910, 1911, 1912, 1913, 1914, 1915, 1916, 1917, 1918, 1919, 1920, 1921, 1922, 1923, 1924, 1925, 1926, 1927, 1928, 1929, 1930, 1931, 1932, 1933, 1934, 1935, 1936, 1937, 1938, 1939, 1940, 1941, 1942, 1943, 1944, 1945, 1946, 1947, 1948, 1949, 1950, 1951, 1952, 1953, 1954, 1955, 1956, 1957, 1958, 1959, 1960, 1961, 1962, 1963, 1964, 1965, 1966, 1967, 1968, 1969, 1970, 1971, 1972, 1973, 1974, 1975, 1976, 1977, 1978, 1979, 1980, 1981, 1982, 1983, 1984, 1985, 1986, 1987, 1988, 1989, 1990, 1991, 1992, 1993, 1994, 1995, 1996, 1997, 1998, 1999, 2000, 2001, 2002, 2003, 2004, 2005, 2006, 2007, 2008, 2009, 2010, 2011, 2012, 2013};global
resnet+2580;5180;5210;2;369;{1664, 1665, 1666, 1667, 1668, 1669, 1670, 1671, 1672, 1673, 1674, 1675, 1676, 1677, 1678, 1679, 1680, 309, 342};global
gromacs+2582;5180;5190;2;332;{2152, 2153, 2154, 2155, 2156, 2157, 2158, 2159, 2160, 2161, 2162, 2163, 2164, 2165, 2166, 2167, 1681, 1682, 1683, 1684, 1685, 1686, 1687, 1688, 1689, 1690, 1691, 1692, 1693, 1694, 1695, 1696, 1697, 1698, 1699, 1700, 1701, 1702, 1703, 1704, 1705, 1706, 1707, 1708, 1709, 1710, 1711, 1712, 1713, 1714, 1715, 1716, 1717, 1718, 1719, 1720, 1721, 1722, 1723, 1724, 1725, 1726, 1727, 1728, 1729, 1730, 1731, 1732, 1733, 1734, 1735, 1736, 1737, 1738, 1739, 1740, 1741, 1742, 1743, 1744, 1745, 1746, 1747, 1748, 1749, 1750, 1751, 1752, 1753, 1754, 1755, 1756, 1757, 1758, 1759, 1760, 1761, 1762, 1763, 1764, 1765, 1766, 1767, 1768, 1769, 1770, 1771, 1772, 1773, 1774, 1775, 1776, 1777, 1778, 1779, 1780, 1781, 1782, 1783, 1784, 1785, 1786, 1787, 1788, 1789, 1790, 1791, 1792, 1793, 1794, 1795, 1796, 1797, 1798, 1799, 1800, 1801, 1802, 1803, 1804, 1805, 1806, 1807, 1808, 1809, 1810, 1811, 1812, 1813, 1814, 1815, 1816, 1817, 1818, 1819, 1820, 1821, 1822, 1823, 1824, 1825, 1826, 1827, 1828, 1829, 1830, 1831, 1832, 1833, 1834, 1835, 1836, 1837, 1838, 1839, 1840, 1841, 1842, 1843, 1844, 1845, 1846, 1847, 1848, 1849, 1850, 1851, 1852, 1853, 1854, 1855, 1856, 1857, 1858, 1859, 1860, 1861, 1862, 1863, 1864, 1865, 1866, 1867, 1868, 1869, 1870, 1871, 1872, 1873, 1874, 1875, 1876, 1877, 1878, 1879, 1880, 1881, 1882, 1883, 1884, 1885, 1886, 1887, 1888, 1889, 1890, 1891, 1892, 1893, 1894, 1895, 1896, 1897, 1898, 1899, 1900, 1901, 1902, 1903, 1904, 1905, 1906, 1907, 1908, 1909, 1910, 1911, 1912, 1913, 1914, 1915, 1916, 1917, 1918, 1919, 1920, 1921, 1922, 1923, 1924, 1925, 1926, 1927, 1928, 1929, 1930, 1931, 1932, 1933, 1934, 1935, 1936, 1937, 1938, 1939, 1940, 1941, 1942, 1943, 1944, 1945, 1946, 1947, 1948, 1949, 1950};global
gromacs+2582;5180;5190;0;332;{1578, 2091, 2090, 2093, 2092, 2094, 2095, 2096, 2097, 2098, 2099, 2100, 2101, 2102, 2103, 2105, 2106, 2104, 2107, 2108, 2109, 2110, 2111, 2112, 2113, 2114, 2115, 2116, 2117, 2118, 2119, 2120, 2121, 2122, 2123, 2124, 2125, 2126, 2127, 2128, 2129, 2130, 2131, 2132, 2133, 2134};global
resnet+2583;5180;5210;0;133;{2135, 2136, 2137, 2138, 2139, 2140, 2141, 2172, 2173, 2174, 2175, 2176, 2177, 2178, 2179, 2180, 2181, 2182, 2183, 2184, 2185, 2186, 2187, 2188, 2189, 2190, 2191, 2192, 2193, 2194, 2195, 2196, 2197, 2198, 2199, 2200, 2201, 2202, 2203, 2204, 2205, 2206, 2207, 2208, 2209, 2210, 2211, 2212, 2213, 2214, 2215, 2216, 2217, 2218, 2219, 2220, 2221, 2222, 2223, 2224, 2225, 2226, 2227, 2228, 2229, 2230, 2231, 2232, 2233, 2234, 2235, 2236, 2237, 2238, 2239, 2240, 2241, 2242, 2243, 2244, 2245, 2246, 2247, 2248, 2249, 2250, 2251, 2252, 2253, 2254, 2255, 2256, 2257, 2258, 2259, 2260, 2261, 2262, 2263, 2264, 2265, 2266, 2267, 2268, 2269, 2270, 2271, 2272, 2273, 2274, 2275, 2276, 2277, 2278, 2279, 2280, 2281, 2282, 2283, 2284, 2285, 2286, 2287, 2288, 2289, 2290, 2291, 2292, 2293, 2294, 2295, 2296, 2297};local
gromacs+2584;5180;5220;1;111;{2106, 2107, 2108, 2109, 2110, 2111, 2112, 2113, 2114, 2115, 2116, 2117, 2118, 2119, 2120, 2121, 2122, 2123, 2124, 2125, 2126, 2127, 2128, 2129, 2130, 2131, 2132, 2133, 2134, 2135, 2136, 2137, 2138, 2139, 2140, 2141, 2142, 2143, 2144, 2145, 2146, 2147, 2148, 2149, 2150, 2151, 2152, 2153, 2154, 2155, 2156, 2157, 2158, 2159, 2160, 2161, 2162, 115, 2163, 2164, 2166, 2165, 711, 712, 713, 714, 715, 716, 717, 718, 719, 727, 2449, 2450, 2451, 2452, 2453, 2454, 2455, 2456, 2457, 2458, 2459, 2460, 2461, 2462, 2463, 2464, 2465, 2466, 2467, 2468, 2469, 2470, 2471, 2472, 2473, 2474, 2475, 2476, 2477, 2478, 2479, 2480, 2481, 2482, 2483, 2484, 2485, 2486, 442};local
resnet+2586;5180;5190;0;32;{2304, 2305, 2306, 2307, 2308, 2309, 2310, 2311, 2312, 2313, 2314, 2315, 2316, 2317, 2318, 2319, 2320, 2321, 2322, 2323, 2324, 2325, 2326, 2327, 2328, 2329, 2298, 2299, 2300, 2301, 2302, 2303};local
gromacs+2587;5180;5200;0;26;{2330, 2331, 2332, 2333, 2334, 2335, 2336, 2337, 2338, 2339, 2340, 2341, 2342, 2343, 2344, 2345, 2346, 2347, 2348, 2349, 2350, 2351, 2352, 2353, 2354, 2355};local
resnet+2588;5180;5190;0;21;{2368, 2369, 2370, 2371, 2372, 2356, 2357, 2358, 2359, 2360, 2361, 2362, 2363, 2364, 2365, 2366, 2367};global
resnet+2588;5180;5190;1;21;{2488, 2489, 2490, 2487};global
gromacs+2596;5180;5270;1;2;{2491, 2492};local
openfoam+2600;5180;5260;1;1;{2493};local
shufflenet+2601;5180;5340;1;1;{2494};local
resnet+2617;5180;5310;1;2;{2496, 2495};local
openfoam+2624;5180;5190;1;1;{2497};local
gromacs+2589;5190;5240;3;26;{1571, 1572, 1573, 944, 945, 946, 947, 948, 949, 950, 951, 952, 953, 954, 955, 956, 957, 958, 959, 960, 961, 962, 963, 964, 965, 966};local
resnet+2590;5190;5240;0;15;{2144, 2145, 2146, 2147, 2148, 2149, 2150, 2151, 2142, 2143};global
resnet+2590;5190;5240;3;15;{1576, 1574, 1575};global
resnet+2590;5190;5240;1;15;{2498, 2499};global
gromacs+2609;5200;5290;3;33;{774, 1042, 1043, 1053, 1054, 1055, 1056, 1057, 1058, 1059, 1060, 1061, 1062, 1063, 1064, 1065, 1066, 1067, 1068, 1069, 1070, 1071, 1072, 1073, 1074, 1075, 1076, 1077, 1078, 1079, 749};global
gromacs+2609;5200;5290;1;33;{77, 429};global
resnet+2603;5210;5270;3;197;{2171, 2172, 2173, 2174, 2175, 2176, 2177, 2178, 2179, 2180, 2181, 2182, 2183, 2184, 2185, 2186, 2187, 2188, 2189, 2190, 2191, 2192, 2193, 2194, 2195, 2196, 2197, 2198, 2199, 2200, 2201, 2202, 2203, 2204, 2205, 2206, 2207, 2208, 2209, 2210, 2211, 2212, 2213, 2214, 2215, 2216, 2217, 2218, 2219, 2220, 2221, 2222, 2223, 2224, 2225, 2226, 2227, 2228, 2229, 2230, 2231, 2232, 2233, 2234, 2235, 2236, 2237, 2238, 2239, 2240, 2241, 2242, 2243, 2244, 2245, 2246, 2247, 2248, 2249, 2250, 2251, 2252, 2253, 2254, 2255, 2256, 2257, 2258, 2259, 2260, 2261, 2262, 2263, 2264, 2265, 2266, 2267, 2268, 2269, 2270, 2271, 2272, 2273, 2274, 2275, 2276, 2277, 2278, 2279, 2280, 2281, 2282, 2283, 2284, 2285, 750, 2286, 2287, 2288, 2289, 2290, 2291, 2292, 2293, 2294, 2295, 2296, 2297, 2298, 2299, 2300, 2301, 2302, 2303, 2304, 2305, 2306, 2307, 2308, 2309, 2310, 2311, 2312, 2313, 2314, 2315, 2316, 2317, 2318, 2319, 2320, 2321, 2322, 2323, 2324, 2325, 2326, 2327, 2328, 2329, 2330, 2331, 2332, 2333, 2334, 2335, 2336, 2337, 2338, 2339, 2340};global
resnet+2603;5210;5270;2;197;{2100, 2101, 2102, 2103, 2104, 2105, 2106, 2107, 2108, 2109, 2110, 2111, 2112, 2113, 2114, 2115, 2116, 2117, 2118, 2119, 2120, 2121, 2122, 2123, 2124, 1663};global
gromacs+2602;5250;5260;2;683;{2125, 2126, 2127, 2128, 2129, 2130, 2131, 2132, 2133, 2134, 2135, 2136, 2137, 2138, 2139, 2140, 2141, 2142, 2143, 2144, 2145, 2146, 2147, 2148, 2149, 2150, 2151, 2152, 2153, 2154, 2155, 2156, 2157, 2158, 2159, 2160, 2161, 2162, 2163, 2164, 2165, 2166, 2167, 2168, 2169, 2181, 2182, 2183, 2184, 2185, 2186, 2187, 2188, 2189, 2190, 2383, 2384, 2385, 2386, 2387, 2388, 2389, 2390, 2391, 2392, 2393, 2394, 2395, 2396, 2397, 2398, 2399, 2406, 1681, 1682, 1683, 1684, 1685, 1686, 1687, 1688, 1689, 1690, 1691, 1692, 1693, 1694, 1695, 1696, 1697, 1698, 1699, 1700, 1701, 1702, 1703, 1704, 1705, 1706, 1707, 1708, 1709, 1710, 1711, 1712, 1713, 1714, 1715, 1716, 1717, 1718, 1719, 1720, 1721, 1722, 1723, 1724, 1725, 1726, 1727, 1728, 1729, 1730, 1731, 1732, 1733, 1734, 1735, 1736, 1737, 1738, 1739, 1740, 1741, 1742, 1743, 1744, 1745, 1746, 1747, 1748, 1749, 1750, 1751, 1752, 1753, 1754, 1755, 1756, 1757, 1758, 1759, 1760, 1761, 1762, 1763, 1764, 1765, 1766, 1767, 1768, 1769, 1770, 1771, 1772, 1773, 1774, 1775, 1776, 1777, 1778, 1779, 1780, 1781, 1782, 1783, 1784, 1785, 1786, 1787, 1788, 1789, 1790, 1791, 1792, 1793, 1794, 1795, 1796, 1797, 1798, 1799, 1800, 1801, 1802, 1803, 1804, 1805, 1806, 1807, 1808, 1809, 1810, 1811, 1812, 1813, 1814, 1815, 1816, 1817, 1818, 1819, 1820, 1821, 1822, 1823, 1824, 1825, 1826, 1827, 1828, 1829, 1830, 1831, 1832, 1833, 1834, 1835, 1836, 1837, 1838, 1839, 1840, 1841, 1842, 1843, 1844, 1845, 1846, 1847, 1848, 1849, 1850, 1851, 1852, 1853, 1854, 1855, 1856, 1857, 1858, 1859, 1860, 1861, 1862, 1863, 1864, 1865, 1866, 1867, 1868, 1869, 1870, 1871, 1872, 1873, 1874, 1875, 1876, 1877, 1878, 1879, 1880, 1881, 1882, 1883, 1884, 1885, 1886, 1887, 1888, 1889, 1890, 1891, 1892, 1893, 1894, 1895, 1896, 1897, 1898, 1899, 1900, 1901, 1902, 1903, 1904, 1905, 1906, 1907, 1908, 1909, 1910, 1911, 1912, 1913, 1914, 1915, 1916, 1917, 1918, 1919, 1920, 1921, 1922, 1923, 1924, 1925, 1926, 1927, 1928, 1929, 1930, 1931, 1932, 1933, 1934, 1935, 1936, 1937, 1938, 1939, 1940, 1941, 1942, 1943, 1944, 1945, 1946, 1947, 1948, 1949, 1950};global
gromacs+2602;5250;5260;0;683;{2, 15, 1578, 2091, 2090, 2092, 2093, 2094, 2095, 2096, 2097, 2098, 2099, 2100, 2101, 2102, 2103, 2104, 2105, 2106, 2107, 2108, 2109, 2110, 2111, 2112, 2113, 2114, 2115, 2116, 2117, 2118, 2119, 2120, 2121, 2122, 2123, 2124, 2125, 2126, 2127, 2128, 2129, 2130, 2131, 2132, 2133, 2134, 2298, 2299, 2300, 2301, 2302, 2303, 2304, 2305, 2306, 2307, 2308, 2309, 2310, 2311, 2312, 2313, 2314, 2315, 2316, 2317, 2318, 2319, 2320, 2321, 2322, 2323, 2324, 2325, 2326, 2327, 2328, 2329, 2356, 2357, 2358, 2359, 2360, 2361, 2362, 2363, 2364, 2365, 2366, 2367, 2368, 2369, 2370, 2371, 2372, 2373, 2374, 2375, 2376, 2377, 2378, 2379, 2380, 2381, 2382, 2383, 2384, 2385, 2386, 2387, 2388, 2389, 2390, 2391, 2392, 2393, 2394, 2395, 2396, 2397, 2398, 2399, 2400, 2401, 2402, 2403, 2404, 2405, 2406, 2407, 2408, 2409, 2410, 2411, 2412, 2413, 2414, 2415, 2416, 2417, 2418, 2419, 2420, 2421, 2422, 2423, 2424, 2425, 2426, 2427, 2428, 2429, 2430, 2431, 2432, 2433, 2434, 2435, 2436, 2437, 2438, 2439, 2440, 2441, 2442, 2443, 2444, 2445, 2446, 2447, 2448, 2449, 2450, 2451, 2452, 2453, 2454, 2455, 2456, 2457, 2458, 2459, 2460, 2461, 2462, 2463, 2464, 2465, 2466, 2467, 2468, 2469, 2470, 2471, 2472, 2473, 2474, 2475, 2476, 2477, 2478, 2479, 2480, 2481, 2482, 2483, 2484, 2485, 2486, 2487, 2488, 2489, 2490, 2491, 2492, 2493, 2494, 2495, 2496, 2497, 2498, 2499};global
gromacs+2602;5250;5260;1;683;{61, 65, 67, 68, 71, 72, 78, 81, 84, 91, 97, 109, 110, 111, 112, 120, 121, 128, 129, 136, 137, 138, 139, 681, 682, 683, 684, 685, 686, 687, 688, 689, 690, 691, 692, 693, 694, 695, 696, 720, 721, 722, 723, 724, 725, 726, 301, 302, 303, 304, 305, 306, 307, 308, 309, 310, 311, 312, 313, 314, 315, 316, 317, 318, 319, 320, 321, 322, 323, 324, 325, 326, 327, 328, 329, 330, 331, 332, 333, 334, 335, 336, 337, 338, 339, 340, 341, 342, 343, 344, 345, 346, 347, 348, 349, 350, 351, 362, 363, 364, 365, 366, 367, 368, 369, 370, 371, 372, 373, 374, 375, 376, 422, 425, 443, 457};global
resnet+2608;5260;5320;3;91;{1584, 1585, 1080, 1081, 1082, 1083, 1084, 1085, 1086, 1087, 1088, 1089, 1090, 1091, 1092, 1093, 1094, 1095, 1096, 1103, 1104, 1105, 1106, 1107, 1108, 1109, 1110, 1111, 1112, 1113, 1114, 1122, 1123, 1124, 1125, 757};global
resnet+2608;5260;5320;0;91;{2330, 2331, 2332, 2333, 2334, 2335, 2336, 2337, 2338, 2339, 2340, 2341, 2342, 2343, 2344, 2345, 2346, 2347, 2348, 2349, 2350, 2351, 2352, 2353, 2354, 2355};global
resnet+2608;5260;5320;2;91;{2350, 2351, 2352, 2353, 2354, 2355, 2356, 2357, 2358, 2359, 2360, 2361, 2362, 2363, 2364, 2365, 2366, 332, 2402, 2403};global
resnet+2608;5260;5320;1;91;{2497, 2488, 2489, 2490, 2167, 2487, 2168, 2169, 2170};global
gromacs+2604;5270;5280;3;194;{1323, 1324, 1325, 1326, 1327, 1328, 1329, 1330, 1331, 1332, 1333, 1334, 1335, 1336, 713, 1225, 1226, 1227, 1228, 1229, 1230, 1231, 1232, 1233, 1234, 1235, 1236, 1237, 742, 744, 1264, 1265, 1266, 1267, 1268, 1269, 1270, 1271, 1272, 1273, 1274, 1275, 1276, 1296, 1297, 1298, 1299, 1300, 1301, 1302, 791, 792, 793, 1303, 1304, 1305, 1306, 798, 799, 800, 801, 802, 803, 804, 805, 806, 807, 808, 809, 810, 811, 812, 813, 814, 815, 816, 817, 818, 819, 820, 821, 822, 823, 824, 825, 826, 827, 828, 829, 830, 831, 832, 833, 1337, 1338, 1339, 1340, 1341, 1342, 1343, 1344, 1345, 1346, 1347, 1348, 1349, 1350, 1351, 1352, 1353, 1354, 1355, 1356, 1357, 1358, 865, 866, 867, 868, 869, 870, 871, 872, 873, 1381, 1382, 1383, 1384, 1385, 1386, 1387, 1388, 1389, 1390, 1391, 1392, 1393, 1394, 1395, 1396, 1397, 1398, 1399, 1400, 1401, 1402, 1403, 1404, 1405, 1406, 1407, 1408, 1409, 1410, 1411, 1412, 1413, 1414, 1415, 1416, 1417, 1418, 1425, 1426, 1427, 1428, 1429, 1430, 1431, 1432, 1433, 1434, 1435, 1436, 1437, 1438, 1439, 1440, 1307, 1308, 1309, 1310, 1311, 1312, 1313, 1314, 1315, 1316, 1317, 1318, 1319, 1320, 1321, 1322};local
resnet+2605;5270;5330;1;245;{512, 513, 514, 515, 516, 517, 518, 519, 520, 521, 522, 523, 524, 525, 526, 527, 528, 529, 530, 531, 532, 533, 534, 535, 536, 537, 538, 539, 540, 541, 542, 543, 544, 545, 546, 547, 548, 549, 550, 551, 552, 553, 554, 555, 1941, 1942, 2043, 2037, 1943, 2044, 2045, 2046, 2017, 2047, 1946, 2048, 1936, 2049, 2038, 2050, 2051, 2018, 2052, 1951, 2053, 2039, 2015, 1955, 2036, 1956, 2040, 635, 636, 637, 638, 639, 640, 641, 642, 643, 644, 645, 1961, 2030, 1939, 2041, 2198, 2199, 2200, 2201, 2202, 2203, 2204, 2205, 2206, 2207, 680, 2016, 2042, 212, 213, 1924, 2013, 2026, 2031, 1925, 2027, 1933, 1926, 2028, 2014, 1932, 1927, 2029, 1928, 2034, 1911, 1912, 377, 378, 379, 380, 381, 382, 383, 384, 385, 386, 387, 388, 389, 390, 391, 392, 393, 394, 395, 396, 397, 398, 399, 400, 401, 402, 1930, 1929, 405, 406, 1934, 1935, 1913, 1937, 1938, 412, 1940, 414, 415, 1914, 1944, 1945, 1915, 1947, 1948, 1949, 1950, 1916, 1952, 1953, 1954, 428, 1917, 1957, 1958, 1959, 1960, 1918, 1962, 1963, 1964, 2019, 1919, 2020, 2021, 2032, 2035, 1920, 2022, 1921, 2023, 453, 1931, 1922, 2024, 459, 1923, 2025, 2033, 464, 465, 466, 467, 468, 469, 470, 471, 472, 473, 474, 475, 476, 477, 478, 479, 480, 481, 482, 483, 484, 485, 486, 487, 488, 489, 490, 491, 492, 493, 494, 495, 496, 497, 498, 499, 500, 501, 502, 503, 504, 505, 506, 507, 508, 509, 510, 511};local
gromacs+2606;5270;5280;3;252;{1541, 1542, 1543, 1544, 1545, 1546, 1547, 1548, 1552, 1553, 1554, 1555, 1556, 1557, 1558, 1577, 1578, 1579, 1580, 1726, 1727, 1728, 1729, 1730, 1731, 1732, 1733, 1734, 1735, 1736, 1737, 1738, 1739, 1740, 1741, 1742, 1743, 1744, 1745, 1746, 1747, 1748, 1749, 1750, 1751, 1752, 1753, 1754, 1755, 1756, 1757, 1758, 1759, 1760, 1761, 1762, 1763, 1764, 1765, 1766, 1767, 1768, 1769, 1770, 1771, 1772, 1773, 1774, 1775, 1776, 1777, 1778, 1779, 1780, 1781, 1782, 1783, 1784, 1785, 1786, 1787, 1788, 1789, 1790, 1791, 1792, 1793, 1794, 1795, 1796, 1797, 1798, 1799, 1800, 1801, 1802, 1803, 1804, 1805, 1806, 1807, 1808, 1809, 1810, 1811, 1812, 1813, 1814, 1815, 1816, 1817, 1818, 1819, 1820, 1821, 1822, 1823, 1824, 1825, 1826, 1827, 1828, 1829, 1830, 1831, 1832, 1833, 1834, 1835, 1836, 1837, 1838, 1839, 1840, 1841, 1842, 1843, 1844, 1845, 1846, 1847, 1848, 1849, 1850, 1851, 1852, 1853, 1854, 1855, 1856, 1857, 1858, 1859, 1860, 1861, 1862, 1863, 1864, 1865, 1866, 1867, 1868, 1869, 1870, 1871, 1872, 1873, 1874, 1875, 1876, 1877, 1878, 1879, 1880, 1881, 1882, 1883, 1884, 1885, 1886, 1887, 1888, 1889, 1890, 1891, 1892, 1893, 1894, 1895, 1896, 1897, 1898, 1899, 1900, 1901, 1902, 1903, 1904, 1905, 1906, 1907, 1908, 1909, 1910, 1911, 1912, 1913, 1914, 1915, 1916, 1917, 1918, 1919, 1920, 1921, 1922, 1923, 1441, 1442, 1443, 1444, 1445, 1446, 1447, 1448, 1449, 1450, 1451, 1452, 1453, 1454, 1486, 1487, 1488, 1489, 1490, 1491, 1492, 1493, 1494, 1495, 1496, 1497, 1498, 1499, 1519, 1520, 1521, 1522, 1523, 1531, 1532};local
resnet+2607;5270;5330;0;145;{38, 1579, 1580, 1581, 1585, 1586, 1587, 1588, 1589, 1590, 1591, 1592, 1593, 1594, 1595, 1596, 1597, 1598, 1599, 1611, 1612, 1613, 1614, 1615, 1616, 1624, 1625, 1626, 1627, 1628, 1629, 1630, 1631, 1632, 1633, 1637, 1638, 1639, 1640, 1645, 1646, 1647, 1648, 1649, 1650, 1651, 1652, 1653, 1654, 1655, 1656, 1657, 1658, 1659, 1660, 1661, 1662, 1663, 1664, 1665, 1666, 1667, 1668, 1669, 1670, 1671, 1672, 1673, 1674, 1675, 1676, 1677, 1678, 1679, 1680, 1681, 1682, 1683, 1684, 1685, 1686, 1687, 1688, 1689, 1690, 1691, 1692, 1693, 1694, 1695, 1696, 1697, 1698, 1699, 1700, 1701, 1702, 1703, 1704, 1705, 1706, 1707, 1708, 1709, 1710, 1711, 1712, 1713, 1714, 1715, 1716, 1717, 1718, 1719, 1720, 1721, 1722, 1723, 1724, 1725, 1726, 1727, 1728, 1729, 1730, 1731, 1732, 1733, 1734, 1735, 1736, 1737, 1738, 1739, 1740, 1741, 1742, 1743, 1744, 1745, 1746, 1747, 1748, 1749, 1750};local
gromacs+2610;5270;5290;2;46;{1664, 1665, 1666, 1667, 403, 404, 405, 406, 407, 408, 409, 410, 411, 412, 413, 414, 415, 416, 417, 418, 419, 420, 421, 422, 423, 424, 425, 426, 427, 428, 429, 430, 431, 434, 309, 330, 333, 342, 1647, 1648, 1649, 1650, 1651, 1652, 1653, 1654};local
resnet+2611;5270;5320;1;59;{2208, 2209, 2210, 2211, 2212, 2213, 2214, 2215, 2216, 2217, 2218, 2219, 2220, 2221, 2222, 2223, 2224, 2225, 2226, 2227, 2228, 2229, 2230, 2231, 2232, 2233, 2234, 2235, 2236, 2237, 2238, 2239, 2240, 2241, 2242, 2243, 2244, 2245, 2246, 2247, 2248, 2249, 2250, 2251, 2252, 2253, 2254, 2255, 2256, 2257, 2258, 2259, 2260, 2261, 2262, 2263, 2264, 2265, 2266};local
gromacs+2612;5270;5290;0;17;{1978, 1979, 1977, 1968, 1969, 1970, 1971, 1972, 1973, 1974, 1751, 1752, 1753, 1975, 1976, 1980, 1981};local
resnet+2613;5270;5310;2;22;{1668, 1669, 1670, 1671, 1672, 1673, 1674, 1675, 1676, 1677, 1678, 1679, 1680, 1951, 1952, 1953, 1954, 1955, 1956, 1957, 1958, 1959};local
gromacs+2614;5270;5310;0;16;{1984, 1985, 1986, 1987, 1988, 1989, 1990, 1991, 1992, 1993, 1994, 1995, 1996, 1997, 1982, 1983};local
resnet+2615;5270;5280;1;7;{2272, 2273, 2267, 2268, 2269, 2270, 2271};local
gromacs+2616;5270;5280;0;4;{2000, 2001, 1998, 1999};local
resnet+2618;5270;5330;2;2;{1960, 1961};local
shufflenet+2621;5270;5330;1;1;{2274};local
openfoam+2625;5270;5280;1;1;{2275};local
shufflenet+2626;5270;5280;2;1;{1962};local
openfoam+2627;5270;5280;0;1;{2002};local
shufflenet+2628;5270;5280;1;1;{2276};local
openfoam+2629;5270;5280;2;1;{1963};local
gromacs+2630;5270;5310;0;180;{2052, 2053, 2054, 2055, 2056, 2057, 2058, 2059, 2060, 2061, 2062, 2063, 2064, 2065, 2066, 2067, 2068, 2069, 2070, 2071, 2072, 2073, 2074, 2075, 2076, 2077, 2078, 2079, 2080, 2081, 2082, 2083, 2084, 2085, 2086, 2087, 2088, 2089, 2135, 2136, 2137, 2138, 2139, 2140, 2141, 2172, 2173, 2174, 2175, 2176, 2177, 2178, 2179, 2180, 2181, 2182, 2183, 2184, 2185, 2186, 2187, 2188, 2189, 2190, 2191, 2192, 2193, 2194, 2195, 2196, 2197, 2198, 2199, 2200, 2201, 2202, 2203, 2204, 2205, 2206, 2207, 2208, 2209, 2210, 2211, 2212, 2213, 2214, 2215, 2216, 2217, 2218, 2219, 2220, 2221, 2222, 2223, 2224, 2225, 2226, 2227, 2228, 2229, 2230, 2231, 2232, 2233, 2234, 2235, 2236, 2237, 2238, 2239, 2240, 2241, 2242, 2243, 2244, 2245, 2246, 2247, 2248, 2249, 2250, 2251, 2252, 2253, 2254, 2255, 2256, 2257, 2258, 2259, 2260, 2261, 2262, 2263, 2264, 2265, 2266, 2267, 2268, 2269, 2270, 2271, 2272, 2273, 2274, 2275, 2276, 2277, 2278, 2279, 2280, 2281, 2282, 2283, 2284, 2285, 2286, 2287, 2288, 2289, 2290, 2291, 2292, 2293, 2294, 2295, 2296, 2297, 2003};global
gromacs+2630;5270;5310;1;180;{2277, 2278, 2279, 2280, 2281, 2282, 2283, 2284};global
resnet+2631;5270;5280;2;72;{1964, 1965, 1966, 1967, 1968, 1969, 1970, 1971, 1972, 1973, 1974, 1975, 1976, 1977, 1978, 1979, 1980, 1981, 1982, 1983, 1984, 1985, 1986, 1987, 1988, 1989, 1990, 1991, 1992, 1993, 1994, 1995, 1996, 1997, 1998, 1999, 2000, 2001, 2002, 2003, 2004, 2005, 2006, 2007, 2008, 2009, 2010, 2011, 2012, 2013, 2014, 2015, 2016, 2017, 2018, 2019, 2020, 2021, 2022, 2023, 2024, 2025, 2026, 2027, 2028, 2029, 2030, 2031, 2032, 2033, 2034, 2035};local
gromacs+2632;5270;5320;1;93;{2285, 2286, 2287, 2288, 2289, 2290, 2291, 2292, 2293, 2294, 2295, 2296, 2297, 2298, 2299, 2300, 2301, 2302, 2303, 2304, 2305, 2306, 2307, 2308, 2309, 2310, 2311, 2312, 2313, 2314, 2315, 2316, 2317, 2318, 2319, 2320, 2321, 2322, 2323, 2324, 2325, 2326, 2327, 2328, 2329, 2330, 2331, 2332, 2333, 2334, 2335, 2336, 2337, 2338, 2339, 2340, 2341, 2342, 2343, 2344, 2345, 2346, 2347, 2348, 2349, 2350, 2351, 2352, 2353, 2354, 2355, 2356, 2357, 2358, 2359, 2360, 2361, 2362, 2363, 2364, 2365, 2366, 2367, 2368, 2369, 2370, 2371, 2372, 2373, 2374, 2375, 2376, 2377};local
resnet+2633;5270;5280;3;79;{1924, 1925, 1926, 1927, 1928, 1929, 1930, 1931, 1932, 1933, 1934, 1935, 1936, 1937, 1938, 1939, 1940, 1941, 1942, 1943, 1944, 1945, 1946, 1947, 1948, 1949, 1950, 1951, 1952, 1953, 1954, 1955, 1956, 1957, 1958, 1959, 1960, 1961, 1962, 1963, 1964, 1965, 1966, 1967, 1968, 1969, 1970, 1971, 1972, 1973, 1974, 1975, 1976, 1977, 1978, 1979, 1980, 1981, 1982, 1983, 1984, 1985, 1986, 1987, 1988, 1989, 1990, 1991, 1992, 1993, 1994, 1995, 1996, 1997, 1998, 1999, 2000, 2001, 2002};local
gromacs+2634;5270;5280;2;36;{2048, 2432, 2433, 2434, 2435, 2420, 2421, 2422, 2423, 2424, 2425, 2426, 2427, 2428, 2429, 2430, 2431, 2413, 2414, 2415, 2416, 2417, 2418, 2419, 2036, 2037, 2038, 2039, 2040, 2041, 2042, 2043, 2044, 2045, 2046, 2047};local
resnet+2635;5270;5280;1;45;{2378, 2379, 2380, 2381, 2382, 2383, 2384, 2385, 2386, 2387, 2388, 2389, 2390, 2391, 2392, 2393, 2394, 2395, 2396, 2397, 2398, 2399, 2400, 2401, 2402, 2403, 2404, 2405, 2406, 2407, 2408, 2409, 2410, 2411, 2412, 2413, 2414, 2415, 2416, 2417, 2418, 2419, 2420, 2421, 2422};local
gromacs+2636;5270;5280;3;61;{2063, 2341, 2342, 2343, 2344, 2345, 2346, 2347, 2348, 2349, 2350, 2351, 2352, 2353, 2354, 2355, 2356, 2357, 2358, 2359, 2360, 2361, 2362, 2363, 2364, 2365, 2366, 2367, 2368, 2369, 2370, 2371, 2372, 2373, 2374, 2375, 2003, 2004, 2005, 2006, 2007, 2008, 2009, 2010, 2011, 2012, 2013, 2014, 2015, 2016, 2017, 2018, 2019, 2159, 2160, 2161, 2162, 2163, 2164, 2165, 2166};local
resnet+2637;5270;5280;2;18;{2436, 2437, 2438, 2439, 2440, 2441, 2442, 2443, 2444, 2445, 2446, 2447, 2448, 2449, 2450, 2451, 2452, 2453};local
gromacs+2638;5270;5280;2;23;{2454, 2455, 2456, 2457, 2458, 2459, 2460, 2461, 2462, 2463, 2464, 2465, 2466, 2467, 2468, 2469, 2470, 2471, 2472, 2473, 2474, 2475, 2476};local
resnet+2639;5270;5290;1;26;{2432, 2433, 2434, 2435, 2436, 2437, 2438, 2439, 2440, 2441, 2442, 2443, 2444, 2445, 2446, 2447, 2448, 2423, 2424, 2425, 2426, 2427, 2428, 2429, 2430, 2431};local
gromacs+2640;5270;5280;2;11;{2477, 2478, 2479, 2480, 2481, 2482, 2483, 2484, 2485, 2486, 2487};local
resnet+2641;5270;5320;2;13;{2496, 2497, 2498, 2499, 2488, 2489, 2490, 2491, 2492, 2493, 2494, 2495};global
resnet+2641;5270;5320;3;13;{2376};global
gromacs+2642;5270;5310;3;6;{2377, 2378, 2379, 2380, 2381, 2382};local
resnet+2643;5270;5300;3;3;{2384, 2385, 2383};local
gromacs+2644;5280;5290;2;2;{1350, 1351};local
shufflenet+2645;5280;5320;2;1;{1352};local
openfoam+2646;5280;5300;2;1;{1353};local
shufflenet+2647;5280;5290;2;1;{1354};local
resnet+2648;5280;5340;2;198;{2198, 2199, 2200, 2201, 2202, 2203, 2204, 2205, 2206, 2207, 2208, 2209, 2210, 2211, 2212, 2213, 2214, 2215, 2216, 2217, 2218, 2219, 2220, 2221, 2222, 2223, 2224, 2225, 2226, 2227, 2228, 2229, 2230, 2231, 2232, 2233, 2234, 2235, 2236, 2237, 2238, 2239, 2240, 2241, 2242, 2243, 2244, 2245, 2246, 2247, 2248, 2249, 2250, 2251, 2252, 2253, 2254, 2255, 2256, 2257, 2258, 2259, 2260, 2261, 2262, 2263, 2264, 2265, 2266, 2267, 2268, 2269, 2270, 2271, 2272, 2273, 2274, 2275, 2276, 2277, 2278, 2279, 2280, 2281, 2282, 2283, 2284, 2285, 2286, 2287, 2288, 2289, 2290, 2291, 2292, 2293, 2294, 2295, 2296, 2297, 2298, 2299, 2300, 2301, 2302, 2303, 2304, 2305, 2306, 2307, 2308, 2309, 2310, 2311, 2312, 2313, 2314, 2315, 2316, 2317, 2318, 2319, 2320, 2321, 2322, 2323, 2324, 2325, 2326, 2327, 2328, 2329, 2330, 2331, 2332, 2333, 2334, 2335, 2336, 2337, 2338, 2339, 2340, 2341, 2342, 2343, 2344, 2345, 2346, 2347, 2348, 2349, 1355};global
resnet+2648;5280;5340;1;198;{2118, 2106, 442, 2107, 2108, 2109, 2110, 2112, 2111, 2113, 2114, 2115, 2116, 2117, 711, 712, 713, 714, 715, 716, 717, 718, 719, 2119, 2120, 2121, 2122, 2123, 2124, 2125, 727, 2127, 2128, 2129, 2130, 2131, 2132, 2133, 2134, 2135, 2136, 2137, 2138, 2126, 115};global
gromacs+2649;5280;5330;1;44;{2449, 2450, 2451, 2452, 2453, 2454, 2455, 2456, 2457, 2458, 2459, 2460, 2461, 2462, 2463, 2464, 2139, 2140, 2141, 2142, 2143, 2144, 2145, 2146, 2147, 2148, 2149, 2150, 2151, 2152, 2153, 2154, 2155, 2156, 2157, 2158, 2159, 2160, 2161, 2162, 2163, 2164, 2165, 2166};local
resnet+2650;5290;5300;1;41;{2465, 2466, 419, 2468, 2467, 2469, 2470, 2471, 2472, 2473, 2474, 2475, 2476, 2477, 2478, 2479, 2480, 2481, 2482, 2483, 2484, 2485, 2486};global
resnet+2650;5290;5300;2;41;{2191, 432, 2193, 2194, 2192, 2195, 2196, 2197};global
resnet+2650;5290;5300;0;41;{1571, 1572, 1573, 1574, 1577};global
resnet+2650;5290;5300;3;41;{1539, 1540, 1581, 1582, 1583};global
gromacs+2651;5300;5330;3;24;{775, 776, 664, 665, 944, 945, 946, 947, 948, 949, 950, 951, 952, 953, 954, 955, 956, 957, 958, 959, 960, 961, 962, 963};local
resnet+2652;5300;5330;3;15;{1571, 964, 965, 966, 1572, 1573, 1574, 1575, 1131, 1576, 1586, 1587, 1588, 1593, 1594};local
gromacs+2653;5300;5310;3;7;{1602, 1603, 1604, 1609, 1610, 1611, 1595};local
resnet+2654;5300;5310;3;6;{1612, 1613, 1614, 1615, 1616, 1617};local
gromacs+2656;5300;5310;3;8;{1618, 1619, 1620, 1621, 1622, 1623, 1624, 1625};local
resnet+2657;5300;5310;3;3;{1626, 1627, 1628};local
openfoam+2659;5300;5330;3;1;{1629};local
shufflenet+2661;5300;5310;3;1;{1633};local
gromacs+2662;5300;5310;3;184;{2048, 2049, 2050, 2051, 2052, 2053, 2054, 2055, 2056, 2057, 2058, 2059, 2060, 2061, 2062, 2158, 2104, 2105, 2106, 2107, 2108, 2109, 2110, 2111, 2112, 2113, 2114, 2115, 2116, 2117, 2118, 2119, 2120, 2121, 2122, 2123, 2124, 2125, 2126, 2127, 2128, 2129, 2130, 2131, 2132, 2133, 2134, 2135, 2136, 2137, 2138, 2139, 2140, 2141, 2142, 2143, 2144, 2145, 1634, 1635, 1636, 1637, 1638, 1639, 1640, 2146, 2147, 2148, 1644, 1645, 1646, 1647, 1648, 1649, 1650, 1651, 1652, 1653, 1654, 1655, 1656, 1657, 1658, 1659, 1660, 1661, 1662, 1663, 1664, 1665, 1666, 1667, 1668, 1669, 1670, 1671, 1672, 1673, 1674, 1675, 1676, 1677, 1678, 1679, 1680, 1681, 1682, 1683, 1684, 1685, 1686, 1687, 1688, 1689, 1690, 1691, 1692, 1693, 1694, 1695, 1696, 1697, 1698, 1699, 1700, 1701, 1702, 1703, 1704, 1705, 1706, 1707, 1708, 1709, 1710, 1711, 1712, 1713, 1714, 1715, 1716, 1717, 1718, 1719, 1720, 1721, 1722, 1723, 1724, 1725, 2167, 2168, 2169, 2149, 2170, 2150, 2386, 2387, 2388, 2389, 2390, 2391, 2392, 2393, 2394, 2395, 2396, 2151, 2152, 2153, 2154, 2155, 2156, 2157, 2038, 2039, 2040, 2041, 2042, 2043, 2044, 2045, 2046, 2047};local
resnet+2663;5300;5330;0;135;{1551, 1552, 1553, 1554, 1555, 1560, 1561, 1562, 1563, 28, 1567, 32, 1568, 1569, 1570, 37, 1575, 1576, 2142, 2143, 2144, 2145, 2146, 2147, 2148, 2149, 2150, 2151, 2166, 2167, 2168, 2169, 2170, 2171, 1887, 1888, 1889, 1890, 1891, 1892, 1893, 1894, 1895, 1896, 1897, 1898, 1899, 1900, 1901, 1902, 1903, 1904, 1905, 1906, 1907, 1908, 1909, 1910, 1911, 1912, 1913, 1914, 1915, 1916, 1917, 1918, 1919, 1920, 1921, 1922, 1923, 1924, 1925, 1926, 1927, 1928, 1929, 1930, 1931, 1932, 1933, 1934, 1935, 1936, 1937, 1938, 1939, 1940, 1941, 1942, 1943, 1944, 1945, 1946, 1947, 1948, 1949, 1950, 1951, 1952, 1953, 1954, 1955, 1956, 1957, 1958, 1959, 1960, 1961, 1962, 1963, 1964, 1965, 1966, 1967};global
resnet+2663;5300;5330;3;135;{2397, 2398, 2399, 2400, 2401, 2402, 2403, 2404, 2405, 2406, 2407, 2408, 2409, 2410, 2411, 2412, 2413, 2414, 2415, 2416};global
gromacs+2666;5300;5330;3;22;{2432, 2433, 2434, 2435, 2436, 2437, 2438, 2417, 2418, 2419, 2420, 2421, 2422, 2423, 2424, 2425, 2426, 2427, 2428, 2429, 2430, 2431};local
resnet+2667;5300;5340;3;15;{2496, 2497, 2498, 2499, 2439, 2440, 2441, 2442, 2443, 2444, 2445, 2446};global
resnet+2667;5300;5340;2;15;{1656, 1657, 1655};global
gromacs+2668;5300;5310;2;7;{2407, 2408, 1658, 1659, 1660, 1661, 1662};local
resnet+2670;5300;5310;1;3;{2498, 2499};global
resnet+2670;5300;5310;2;3;{2409};global
gromacs+2669;5310;5320;3;5;{2025, 2026, 1149, 1150, 1151};local
resnet+2671;5310;5320;2;2;{2400, 2401};local
gromacs+2664;5320;5330;2;96;{1681, 1682, 1683, 1684, 1685, 1686, 1687, 1688, 1689, 1690, 1691, 1692, 1693, 1694, 1695, 1696, 1697, 1698, 1699, 1700, 1701, 1702, 1703, 1704, 1705, 1706, 1707, 1708, 1709, 1710, 1711, 1712, 1713, 1714, 1715, 1716, 1717, 1718, 1719, 1720, 1721, 1722, 1723, 1724, 1725, 1726, 1727, 1728, 1729, 1730, 357, 358, 359, 360, 361, 362, 363, 364, 365, 366, 367, 368, 369, 370, 371, 372, 373, 374, 375, 376, 377, 378, 379, 380, 381, 382, 383, 384, 385, 386, 387, 388, 389, 390, 391, 392, 393, 394, 395, 396, 397, 398, 399, 400, 401, 402};local
resnet+2665;5320;5330;2;114;{1731, 1732, 1733, 1734, 1735, 1736, 1737, 1738, 1739, 1740, 1741, 1742, 1743, 1744, 1745, 1746, 1747, 1748, 1749, 1750, 1751, 1752, 1753, 1754, 1755, 1756, 1757, 1758, 1759, 1760, 1761, 1762, 1763, 1764, 1765, 1766, 1767, 1768, 1769, 1770, 1771, 1772, 1773, 1774, 1775, 1776, 1777, 1778, 1779, 1780, 1781, 1782, 1783, 1784, 1785, 1786, 1787, 1788, 1789, 1790, 1791, 1792, 1793, 1794, 1795, 1796, 1797, 1798, 1799, 1800, 1801, 1802, 1803, 1804, 1805, 1806, 1807, 1808, 1809, 1810, 1811, 1812, 1813, 1814, 1815, 1816, 1817, 1818, 1819, 1820, 1821, 1822, 1823, 1824, 1825, 1826, 1827, 1828, 1829, 1830, 1831, 1832, 1833, 1834, 1835, 1836, 1837, 1838, 1839, 1840, 1841, 1842, 1843, 1844};local
openfoam+2674;5320;5330;1;1;{61};local
gromacs+2675;5320;5330;1;250;{1540, 1553, 1554, 1555, 1556, 1837, 1568, 1569, 1570, 1571, 1572, 1573, 1574, 1838, 1839, 1840, 1841, 1842, 1843, 1844, 65, 67, 68, 1845, 71, 72, 1607, 1608, 1609, 1610, 1846, 78, 1847, 81, 1848, 84, 1849, 91, 1850, 97, 1851, 1852, 1853, 109, 110, 111, 112, 1854, 1855, 120, 121, 1856, 128, 129, 1857, 1858, 136, 137, 138, 139, 1859, 1860, 1861, 1862, 1863, 1864, 1865, 681, 682, 683, 684, 685, 686, 687, 688, 689, 690, 691, 692, 693, 694, 695, 696, 697, 698, 699, 700, 701, 702, 703, 704, 705, 706, 707, 708, 709, 710, 720, 721, 722, 723, 724, 725, 726, 1764, 1765, 1766, 1767, 1768, 1769, 1770, 1771, 1772, 1773, 1774, 1775, 1776, 1777, 1778, 1779, 1780, 1781, 1782, 1783, 1784, 1785, 1786, 1787, 1788, 1789, 1790, 1791, 1792, 1793, 1794, 1795, 1796, 1797, 1798, 1799, 1800, 1801, 1802, 1803, 1804, 1805, 1806, 1807, 1808, 1809, 1810, 1811, 1812, 1813, 1814, 1815, 1816, 1817, 1818, 1819, 1820, 1821, 1822, 1823, 1824, 1825, 1826, 1827, 1828, 1829, 1830, 1831, 1832, 1833, 1834, 1835, 1836, 301, 302, 303, 304, 305, 306, 307, 308, 309, 310, 311, 312, 313, 314, 315, 316, 317, 318, 319, 320, 321, 322, 323, 324, 325, 326, 327, 328, 329, 330, 331, 332, 333, 334, 335, 336, 337, 338, 339, 340, 341, 342, 343, 344, 345, 346, 347, 348, 349, 350, 351, 1866, 362, 363, 364, 365, 366, 367, 368, 369, 370, 371, 372, 373, 374, 375, 376, 1867, 1868, 422, 425, 443, 457};local
resnet+2676;5320;5330;0;140;{2048, 2049, 2, 2050, 2051, 15, 1578, 2090, 2091, 2092, 2093, 2094, 2095, 2096, 2097, 2098, 2099, 2100, 2101, 2102, 2103, 2104, 2105, 2106, 2107, 2108, 2109, 2110, 2111, 2112, 2113, 2114, 2115, 2116, 2117, 2118, 2119, 2120, 2121, 2122, 2123, 2124, 2125, 2126, 2127, 2128, 2129, 2130, 2131, 2132, 2133, 2134, 2298, 2299, 2300, 2301, 2302, 2303, 2304, 2305, 2306, 2307, 2308, 2309, 2310, 2311, 2312, 2313, 2314, 2315, 2316, 2317, 2318, 2319, 2320, 2321, 2322, 2323, 2324, 2325, 2326, 2327, 2328, 2329, 2356, 2357, 2358, 2359, 2360, 2361, 2362, 2363, 2364, 2365, 2366, 2367, 2004, 2005, 2006, 2007, 2008, 2009, 2010, 2011, 2012, 2013, 2014, 2015, 2016, 2017, 2018, 2019, 2020, 2021, 2022, 2023, 2024, 2025, 2026, 2027, 2028, 2029, 2030, 2031, 2032, 2033, 2034, 2035, 2036, 2037, 2038, 2039, 2040, 2041, 2042, 2043, 2044, 2045, 2046, 2047};local
gromacs+2677;5320;5330;2;34;{1845, 1846, 1847, 1848, 1849, 1850, 1851, 1852, 1853, 1854, 1855, 1856, 1857, 1858, 1859, 1860, 1861, 1862, 1863, 1864, 1865, 1866, 1867, 1868, 1869, 1870, 1871, 1872, 1873, 1874, 1875, 1876, 1877, 1878};local
resnet+2678;5320;5340;2;21;{1879, 1880, 1881, 1882, 1883, 1884, 1885, 1886, 1887, 1888, 1889, 1890, 1891, 1892, 1893, 1894, 1895, 1896, 1897, 1898, 1899};local
gromacs+2679;5320;5330;2;10;{1900, 1901, 1902, 1903, 1904, 1905, 1906, 1907, 1908, 1909};local
resnet+2680;5320;5340;0;5;{2368, 2369, 2370, 2371, 2372};local
gromacs+2681;5320;5330;0;4;{2376, 2373, 2374, 2375};local
resnet+2682;5320;5330;2;2;{1910, 1911};local
shufflenet+2683;5320;5330;2;1;{1912};local
openfoam+2684;5320;5340;2;1;{1913};local
shufflenet+2685;5320;5340;0;1;{2377};local
gromacs+2686;5320;5340;2;64;{1920, 1921, 1922, 1923, 1924, 1925, 1926, 1927, 1928, 1929, 1930, 1931, 1932, 1933, 1934, 1935, 1936, 1937, 1938, 1939, 1940, 1941, 1942, 1943, 1944, 1945, 1946, 1947, 1948, 1949, 1950, 2125, 2126, 2127, 2128, 2129, 2130, 2131, 2132, 2133, 2134, 2135, 2136, 2137, 2138, 2139, 2140, 2141, 2142, 2143, 2144, 2145, 2146, 2147, 2148, 2149, 2150, 2151, 1914, 1915, 1916, 1917, 1918, 1919};local
resnet+2687;5320;5330;0;39;{2378, 2379, 2380, 2381, 2382, 2383, 2384, 2385, 2386, 2387, 2388, 2389, 2390, 2391, 2392, 2393, 2394, 2395, 2396, 2397, 2398, 2399, 2400, 2401, 2402, 2403, 2404, 2405, 2406, 2407, 2408, 2409, 2410, 2411, 2412, 2413, 2414, 2415, 2416};local
gromacs+2688;5320;5340;0;30;{2432, 2433, 2434, 2435, 2436, 2437, 2438, 2439, 2440, 2441, 2442, 2443, 2444, 2445, 2446, 2417, 2418, 2419, 2420, 2421, 2422, 2423, 2424, 2425, 2426, 2427, 2428, 2429, 2430, 2431};local
resnet+2689;5320;5330;2;12;{2152, 2153, 2154, 2155, 2156, 2157, 2158, 2159, 2160, 2161, 2162, 2163};local
gromacs+2690;5320;5330;0;8;{2447, 2448, 2449, 2450, 2451, 2452, 2453, 2454};local
resnet+2691;5320;5330;2;7;{2164, 2165, 2166, 2167, 2168, 2169, 2170};local
gromacs+2692;5320;5330;0;8;{2455, 2456, 2457, 2458, 2459, 2460, 2461, 2462};local
resnet+2693;5320;5330;1;4;{1872, 1869, 1870, 1871};local
gromacs+2694;5320;5340;2;2;{2171, 2172};local
resnet+2695;5320;5330;1;2;{1873, 1874};local
openfoam+2696;5320;5340;2;1;{2173};local
gromacs+2700;5320;5330;0;112;{2463, 2464, 2465, 2466, 2467, 2468, 2469, 2470, 2471, 2472, 2473, 2474, 2475, 2476, 2477, 2478, 2479, 2480, 2481, 2482, 2483, 2484, 2485, 2486, 2487, 2488, 2489, 2490, 2491, 2492, 2493, 2494, 2495, 2496, 2497, 2498, 2499};global
gromacs+2700;5320;5330;1;112;{2493, 1875, 1876, 1877, 1878, 1879, 1880, 1881, 1882, 1883, 1884, 1885, 1886, 1887, 1888, 1889, 1890, 1891, 1892, 1893, 1894, 1895, 1896, 1897, 1898, 1899, 1900, 1901, 1902, 1903, 1904, 1905, 1906, 1907, 1908, 1909, 1910};global
gromacs+2700;5320;5330;2;112;{2176, 2177, 2178, 2179, 2180, 2181, 2182, 2183, 2184, 2185, 2186, 2187, 2188, 2189, 2190, 2383, 2384, 2385, 2386, 2387, 2388, 2389, 2390, 2391, 2392, 2393, 2394, 2395, 2396, 2397, 2398, 2399, 2404, 2405, 2406, 2174, 2175};global
gromacs+2700;5320;5330;3;112;{1132};global
resnet+2702;5320;5340;3;15;{1133, 1134, 1135, 1136, 1137, 1138, 1139, 1140, 1141, 1142, 1143, 1144, 1145, 1146, 1147};local
gromacs+2704;5320;5340;3;3;{1148, 1525, 1524};local
shufflenet+2705;5320;5330;3;1;{1526};local
resnet+2698;5330;5340;3;255;{2171, 2172, 2173, 2174, 2175, 2176, 2177, 2178, 2179, 2180, 2181, 2182, 2183, 2184, 2185, 2186, 2187, 2188, 2189, 2190, 2191, 2192, 2193, 2194, 2195, 2196, 2197, 2198, 2199, 2200, 2201, 2202, 2203, 2204, 2205, 2206, 2207, 2208, 2209, 2210, 2211, 2212, 2213, 2214, 2215, 2216, 2217, 2218, 2219, 2220, 2221, 2222, 2223, 2224, 2225, 2226, 2227, 2228, 2229, 2230, 2231, 2232, 2233, 2234, 2235, 2236, 2237, 2238, 2239, 2240, 2241, 2242, 2243, 2244, 2245, 2246, 2247, 2248, 2249, 2250, 2251, 2252, 2253, 2254, 2255, 2256, 2257, 2258, 2259, 2260, 2261, 2262, 2263, 2264, 2265, 2266, 2267, 2268, 2269, 2270, 2271, 2272, 2273, 2274, 2275, 2276, 2277, 2278, 2279, 2280, 2281, 2282, 2283, 748, 2284, 750, 2285, 2286, 2287, 2288, 2289, 2290, 2291, 2292, 2293, 2294, 2295, 2296, 2297, 2298, 2299, 2300, 2301, 2302, 2303, 2304, 2305, 2306, 2307, 2308, 2309, 2310, 2311, 2312, 2313, 2314, 2315, 2316, 2317, 2318, 785, 2319, 2320, 2321, 2322, 2323, 2324, 2325, 2326, 2327, 2328, 2329, 2330, 2331, 2332, 2333, 2334, 2335, 2336, 2337, 2338, 2339, 2340, 2020, 2021, 2022, 2023, 2024, 2035, 1527};global
resnet+2698;5330;5340;2;255;{1536, 1537, 1538, 1542, 1543, 1544, 1548, 1549, 1550, 1551, 1552, 1553, 1557, 1558, 1559, 1560, 1561, 1562, 1563, 1564, 1565, 1566, 1567, 1568, 1569, 1570, 1571, 1572, 1573, 1574, 1575, 1576, 1577, 1582, 1583, 1584, 1585, 1586, 1587, 1480, 1481, 1482, 1483, 1484, 1485, 1486, 1501, 1502, 1503, 1504, 1505, 1506, 1507, 1508, 1509, 1510, 1511, 1512, 1513, 1514, 1518, 1519, 1520, 1521, 1522, 1523, 1524, 1528, 1529, 1530, 1531, 1532, 1533, 1534, 1535};global
gromacs+2699;5330;5340;1;171;{1082, 1083, 1084, 1085, 1086, 1087, 1088, 1089, 1090, 1091, 1092, 1093, 1094, 1095, 1096, 1097, 1098, 1099, 1100, 1101, 1102, 1103, 1104, 1105, 1106, 1107, 1108, 1109, 1110, 1111, 1112, 1113, 2492, 1251, 1252, 1253, 1254, 1255, 1256, 1257, 1258, 1259, 1260, 1261, 1262, 1263, 728, 729, 730, 731, 732, 733, 734, 735, 736, 737, 738, 739, 740, 741, 742, 743, 744, 745, 746, 747, 748, 749, 750, 751, 752, 753, 754, 755, 756, 757, 758, 759, 760, 761, 762, 763, 764, 765, 766, 767, 768, 769, 770, 771, 772, 773, 774, 775, 776, 777, 778, 779, 780, 1331, 1332, 1333, 1334, 1335, 1336, 1337, 1338, 1339, 1340, 1341, 1420, 1421, 1422, 1423, 1424, 2491, 956, 957, 958, 959, 960, 961, 962, 963, 964, 965, 966, 967, 968, 969, 1513, 1514, 1515, 1516, 1517, 1518, 1519, 1523, 1524};global
gromacs+2699;5330;5340;2;171;{1588, 1589, 1590, 1591, 1592, 1593, 1594, 1595, 1596, 1597, 1601, 1602, 1603, 1604, 1605, 1606, 1607, 1612, 1613, 1614, 1615, 1616, 1617, 1618, 1619, 1620, 1621, 1622, 1623, 1624, 1628, 1629};global
resnet+2701;5330;5340;2;52;{2367, 2368, 2369, 2370, 2371, 2100, 2101, 2102, 2103, 2104, 2105, 2106, 2107, 2108, 2109, 2110, 2111, 2112, 2113, 2114, 2115, 2116, 2117, 2118, 2119, 2120, 2121, 2122, 2123, 2124, 2372, 2373, 2374, 2375, 2376, 2377, 2378, 2379, 2380, 2381, 2382, 1630, 1635, 1636, 1637, 1641, 1642, 1643, 1644, 1645, 1646, 1663};local
gromacs+2449;5430;5880;3;2;{664, 665};local
resnet+2491;5440;5880;3;3;{744, 713, 742};local
gromacs+2482;5460;5770;3;10;{774, 775, 776, 748, 749, 750, 785, 787, 757, 761};local
resnet+2493;5460;5780;3;3;{792, 793, 791};local
gromacs+2529;5510;5830;3;2;{794, 798};local
resnet+2513;5530;5830;3;9;{800, 801, 802, 803, 804, 805, 806, 807, 799};local
gromacs+2532;5530;5830;3;2;{808, 809};local
resnet+2537;5530;5830;3;2;{810, 811};local
openfoam+2622;5690;5830;3;1;{812};local
gromacs+2655;5740;5800;3;7;{813, 814, 815, 816, 817, 818, 819};local
shufflenet+2660;5790;5840;2;1;{307};local
resnet+2658;5830;5880;3;2;{748, 749};local
openfoam+2672;5830;5890;3;1;{750};local
shufflenet+2673;5830;5870;3;1;{757};local
openfoam+2697;5830;5880;3;1;{761};local
gromacs+2703;5830;5840;3;5;{774, 775, 776, 785, 787};local
resnet+1005;5900;9410;0;302;{2, 5, 7, 9, 635, 11, 15, 16, 17, 23, 717, 26, 28, 32, 35, 37, 38, 40, 41, 42, 43, 44, 45, 46, 47, 48, 49, 50, 51, 52, 53, 54, 55, 56, 57, 58, 59, 60, 61, 62, 63, 64, 65, 66, 67, 68, 69, 70, 71, 72, 73, 74, 75, 76, 77, 78, 79, 80, 81, 82, 83, 84, 85, 86, 87, 88, 89, 90, 91, 92, 93, 94, 95, 96, 97, 98, 99, 100, 101, 102, 103, 104, 105, 106, 107, 108, 109, 110, 111, 112, 113, 114, 115, 116, 117, 118, 119, 120, 121, 122, 123, 124, 125, 126, 127, 128, 129, 130, 131, 132, 133, 134, 135, 136, 137, 138, 139, 140, 141, 142, 143, 144, 145, 146, 147, 148, 149, 150, 151, 152, 153, 154, 155, 156, 637, 640, 636, 641, 642, 665, 666, 643, 668, 669, 670, 671, 644, 673, 674, 675, 676, 645, 678, 679, 680, 681, 638, 646, 684, 685, 686, 647, 688, 689, 690, 691, 648, 693, 694, 695, 696, 649, 698, 699, 700, 701, 650, 703, 704, 705, 706, 639, 651, 709, 710, 711, 652, 713, 714, 715, 716, 653, 718, 719, 720, 721, 654, 723, 724, 725, 726, 655, 728, 729, 730, 731, 656, 657, 658, 659, 722, 660, 661, 662, 663, 682, 664, 667, 683, 672, 727, 677, 339, 340, 341, 342, 343, 344, 345, 346, 347, 348, 349, 350, 351, 352, 353, 354, 355, 356, 357, 358, 359, 360, 361, 362, 363, 364, 365, 366, 367, 368, 369, 370, 371, 372, 373, 374, 375, 376, 377, 378, 379, 380, 381, 382, 383, 384, 385, 386, 387, 388, 389, 390, 391, 392, 393, 394, 395, 396, 397, 398, 399, 400, 401, 402, 403, 404, 405, 406, 407, 408, 409, 692, 687, 697, 634, 702, 707, 708, 732, 712};local
gromacs+1006;5900;36240;3;173;{774, 775, 776, 785, 787, 791, 792, 793, 794, 798, 799, 800, 801, 802, 803, 804, 805, 806, 807, 808, 809, 810, 811, 812, 813, 814, 815, 816, 817, 818, 819, 820, 821, 822, 823, 824, 825, 826, 827, 828, 829, 830, 831, 832, 833, 865, 866, 867, 868, 869, 870, 871, 872, 873, 874, 875, 876, 877, 878, 879, 880, 881, 882, 883, 884, 885, 886, 887, 888, 889, 890, 891, 892, 893, 894, 895, 896, 897, 898, 899, 900, 901, 902, 903, 904, 905, 906, 907, 908, 909, 910, 911, 912, 913, 914, 915, 916, 917, 918, 919, 920, 921, 922, 923, 924, 925, 926, 927, 928, 929, 930, 931, 932, 933, 934, 935, 936, 937, 938, 939, 940, 941, 942, 943, 944, 945, 946, 947, 948, 949, 950, 951, 952, 953, 954, 955, 956, 957, 958, 959, 960, 961, 962, 963, 964, 965, 966, 967, 968, 969, 970, 971, 972, 973, 974, 975, 976, 977, 978, 979, 980, 981, 982, 983, 984, 985, 986, 987, 988, 989, 990, 991, 992};local
resnet+1008;5900;7910;2;235;{519, 520, 521, 522, 523, 524, 525, 526, 527, 528, 529, 530, 531, 532, 533, 534, 535, 536, 537, 538, 539, 540, 541, 542, 543, 544, 545, 546, 547, 548, 549, 550, 551, 552, 553, 554, 555, 556, 557, 558, 559, 560, 561, 562, 563, 564, 565, 566, 567, 568, 569, 570, 571, 572, 573, 574, 575, 576, 577, 578, 579, 580, 581, 582, 583, 1129, 1130, 1131, 1132, 1133, 1134, 1135, 1136, 1137, 1138, 1139, 1140, 1141, 1142, 1143, 1144, 1195, 1196, 1197, 1198, 1199, 1200, 1201, 1202, 1203, 1204, 1205, 307, 309, 310, 312, 314, 315, 319, 322, 323, 326, 330, 331, 332, 333, 338, 342, 343, 344, 345, 346, 347, 348, 349, 350, 351, 352, 353, 354, 355, 356, 357, 358, 359, 360, 361, 362, 363, 364, 365, 366, 367, 368, 369, 370, 371, 372, 373, 374, 375, 376, 377, 378, 379, 380, 381, 382, 383, 384, 385, 386, 387, 388, 389, 390, 391, 392, 393, 394, 395, 396, 397, 398, 399, 400, 401, 402, 403, 404, 405, 406, 407, 408, 409, 410, 411, 412, 413, 414, 415, 416, 417, 418, 419, 420, 421, 422, 423, 424, 425, 426, 427, 428, 429, 430, 431, 432, 433, 434, 435, 436, 437, 438, 439, 440, 441, 442, 443, 444, 445, 446, 447, 448, 449, 450, 451, 452, 453, 454, 455, 456, 457, 458, 459, 460, 461, 462, 463, 464, 465, 466, 467, 468, 469};local
gromacs+1119;5940;58170;0;11;{736, 737, 738, 739, 740, 741, 742, 743, 733, 734, 735};local
resnet+1248;5960;14870;0;3;{744, 745, 4};local
gromacs+1012;6300;78710;0;146;{746, 747, 748, 749, 750, 751, 752, 753, 754, 755, 756, 757, 758, 759, 760, 761, 762, 763, 764, 765, 766, 767, 768, 769, 770, 771, 772, 773, 774, 775, 776, 777, 778, 779, 780, 781, 782, 783, 784, 785, 786, 787, 788, 789, 790, 791, 792, 793, 794, 795, 796, 797, 798, 799, 800, 801, 802, 803, 804, 805, 806, 807, 808, 809, 810, 811, 812, 813, 814, 815, 816, 817, 818, 819, 820, 821, 822, 823, 824, 825, 826, 827, 828, 829, 830, 831, 832, 833, 834, 835, 836, 837, 838, 839, 840, 841, 842, 843, 844, 845, 846, 847, 848, 849, 850, 851, 852, 853, 854, 855, 856, 857, 858, 859, 860, 861, 862, 863, 864, 865, 866, 867, 868, 869, 870, 871, 872, 873, 874, 875, 876, 877, 878, 879, 880, 881, 882, 883, 884, 885, 886, 887, 888, 889, 890, 891};local
resnet+1016;6300;8040;3;155;{1025, 1026, 1027, 1028, 1029, 1030, 1031, 1032, 1033, 1034, 1035, 1036, 1037, 1038, 1039, 1040, 1041, 1042, 1043, 1053, 1054, 1055, 1056, 1057, 1058, 1059, 1060, 1061, 1062, 1063, 1064, 1065, 1066, 1067, 1068, 1069, 1070, 1071, 1072, 1073, 1074, 1075, 1076, 1077, 1078, 1079, 1080, 1081, 1082, 1083, 1084, 1085, 1086, 1087, 1088, 1089, 1090, 1091, 1092, 1093, 1094, 1095, 1096, 1103, 1104, 1105, 1106, 1107, 1108, 1109, 1110, 1111, 1112, 1113, 1114, 1115, 1116, 1117, 1118, 1119, 1120, 1121, 1122, 1123, 1124, 1125, 1126, 1127, 1128, 1129, 1130, 1131, 1132, 1133, 1134, 1135, 1136, 1137, 1138, 1139, 1140, 1141, 1142, 1143, 1144, 1145, 1146, 1147, 1148, 1149, 1150, 1151, 1152, 1153, 1154, 1155, 1156, 1157, 664, 665, 1206, 1207, 1208, 1209, 1210, 1211, 1212, 1213, 1214, 1215, 1216, 1217, 1218, 1219, 1220, 1221, 1222, 1223, 1224, 713, 1225, 1226, 1227, 1228, 1229, 1230, 1231, 742, 744, 748, 749, 750, 757, 761, 993};local
gromacs+1018;6300;9080;1;239;{512, 513, 514, 515, 516, 517, 518, 519, 520, 521, 522, 523, 524, 525, 526, 527, 528, 529, 530, 531, 532, 533, 534, 535, 536, 537, 538, 539, 540, 541, 542, 543, 544, 545, 546, 547, 548, 549, 550, 551, 552, 553, 554, 555, 556, 557, 558, 559, 560, 61, 65, 67, 68, 71, 72, 77, 78, 81, 84, 85, 91, 96, 97, 109, 110, 111, 112, 115, 120, 121, 124, 125, 128, 129, 132, 133, 136, 137, 138, 139, 212, 213, 301, 302, 303, 304, 305, 306, 307, 308, 309, 310, 311, 312, 313, 314, 315, 316, 317, 318, 319, 320, 321, 322, 323, 324, 325, 326, 327, 328, 329, 330, 331, 332, 333, 334, 335, 336, 337, 338, 339, 340, 341, 342, 343, 344, 345, 346, 347, 348, 349, 350, 351, 362, 363, 364, 365, 366, 367, 368, 369, 370, 371, 372, 373, 374, 375, 376, 377, 378, 379, 380, 381, 382, 383, 384, 385, 386, 387, 388, 389, 390, 391, 392, 393, 394, 395, 396, 397, 398, 399, 400, 401, 402, 405, 406, 407, 408, 412, 414, 415, 419, 422, 425, 428, 429, 442, 443, 453, 457, 459, 464, 465, 466, 467, 468, 469, 470, 471, 472, 473, 474, 475, 476, 477, 478, 479, 480, 481, 482, 483, 484, 485, 486, 487, 488, 489, 490, 491, 492, 493, 494, 495, 496, 497, 498, 499, 500, 501, 502, 503, 504, 505, 506, 507, 508, 509, 510, 511};local
resnet+1020;6300;40020;2;136;{1206, 1207, 1208, 1209, 1210, 1211, 1212, 1213, 1214, 1215, 1216, 1217, 1218, 1219, 1220, 1221, 1222, 1223, 1224, 1225, 1226, 1227, 1228, 1229, 1230, 1231, 1232, 1233, 1234, 1235, 1236, 1237, 1238, 1239, 1240, 1241, 1242, 1243, 1244, 1245, 1246, 1247, 1248, 1249, 1250, 1251, 1252, 1253, 1254, 1255, 1256, 1257, 1258, 1259, 1260, 1261, 1262, 1263, 1278, 1279, 1280, 1281, 1282, 1283, 1284, 1285, 1286, 1287, 1288, 1289, 1290, 1291, 1292, 1293, 1294, 1295, 1296, 1297, 1298, 1299, 1300, 1301, 1302, 1303, 1304, 1305, 1306, 1307, 1308, 1309, 1310, 1311, 1312, 1313, 1324, 1325, 1326, 1327, 1328, 1329, 1330, 1331, 1332, 1333, 1334, 1335, 1336, 1337, 1338, 1339, 1340, 1341, 1342, 1343, 1344, 1345, 1346, 1347, 1348, 1349, 1350, 1351, 1352, 1353, 1354, 1355, 1356, 1357, 1358, 1387, 1388, 1389, 1390, 1391, 1392, 1393};local
gromacs+1021;6300;8420;0;185;{1116, 1117, 1118, 1119, 1120, 1121, 1122, 1123, 1165, 1166, 1167, 1168, 1169, 1170, 1171, 1172, 1173, 1174, 1175, 1176, 1177, 1178, 1179, 1180, 1181, 1182, 1183, 1184, 1185, 1186, 1187, 1188, 1189, 1190, 1191, 1192, 1193, 1194, 1195, 1196, 1247, 1248, 1249, 1250, 1251, 1252, 1253, 1254, 1255, 1256, 1257, 1258, 1259, 1260, 1261, 1262, 1263, 1264, 1265, 1266, 1267, 1283, 1284, 1285, 1286, 1287, 1288, 1289, 1290, 1291, 1292, 1293, 1294, 1295, 1296, 1297, 1298, 1299, 1300, 1301, 1302, 1303, 1304, 1305, 1306, 1307, 1308, 1309, 1310, 1311, 1312, 1313, 1314, 1315, 1316, 1317, 1318, 1319, 1348, 1349, 1350, 1351, 1352, 1353, 1354, 1355, 1356, 1357, 1358, 1359, 1360, 1361, 1362, 1363, 1364, 1365, 1366, 1367, 1368, 1369, 1370, 1371, 1372, 1373, 1374, 1375, 1376, 1377, 1378, 1379, 1380, 1381, 1382, 1383, 1384, 1385, 1386, 1387, 1388, 1389, 892, 893, 894, 895, 896, 897, 898, 899, 900, 901, 902, 903, 904, 905, 906, 907, 908, 909, 910, 911, 912, 913, 914, 915, 916, 917, 918, 919, 920, 1426, 1406, 1407, 1408, 1409, 1410, 1411, 1412, 1413, 1414, 1415, 1416, 1417, 1418, 1419, 1420};local
resnet+1028;6300;24120;3;76;{1296, 1297, 1298, 1299, 1300, 1301, 1302, 1303, 1304, 1305, 1306, 1307, 1308, 1309, 1310, 1311, 1312, 1313, 1314, 1315, 1316, 1317, 1318, 1319, 1320, 1321, 1322, 1323, 1324, 1325, 1326, 1327, 1328, 1329, 1330, 1331, 1332, 1333, 1334, 1335, 1336, 1337, 1338, 1339, 1340, 1341, 1342, 1343, 1344, 1345, 1346, 1347, 1348, 1349, 1350, 1351, 1352, 1232, 1233, 1234, 1235, 1236, 1237, 1264, 1265, 1266, 1267, 1268, 1269, 1270, 1271, 1272, 1273, 1274, 1275, 1276};local
gromacs+1029;6300;62380;2;79;{1394, 1395, 1396, 1397, 1398, 1399, 1400, 1401, 1402, 1403, 1404, 1405, 1406, 1407, 1408, 1409, 1410, 1411, 1412, 1413, 1420, 1421, 1422, 1423, 1424, 1425, 1426, 1427, 1428, 1429, 1430, 1431, 1432, 1433, 1434, 1435, 1436, 1437, 1438, 1439, 1440, 1441, 1442, 1443, 1444, 1445, 1446, 1447, 1448, 1449, 1450, 1451, 1452, 1453, 1454, 1455, 1456, 1457, 1458, 1459, 1460, 1461, 1462, 1463, 1464, 1465, 1466, 1467, 1468, 1469, 1470, 1471, 1472, 1473, 1474, 1475, 1476, 1477, 1478};local
resnet+1030;6300;8530;3;109;{1353, 1354, 1355, 1356, 1357, 1358, 1359, 1360, 1361, 1362, 1363, 1364, 1365, 1366, 1367, 1368, 1369, 1370, 1371, 1381, 1382, 1383, 1384, 1385, 1386, 1387, 1388, 1389, 1390, 1391, 1392, 1393, 1394, 1395, 1396, 1397, 1398, 1399, 1400, 1401, 1402, 1403, 1404, 1405, 1406, 1407, 1408, 1409, 1410, 1411, 1412, 1413, 1414, 1415, 1416, 1417, 1418, 1425, 1426, 1427, 1428, 1429, 1430, 1431, 1432, 1433, 1434, 1435, 1436, 1437, 1438, 1439, 1440, 1441, 1442, 1443, 1444, 1445, 1446, 1447, 1448, 1449, 1450, 1451, 1452, 1453, 1454, 1486, 1487, 1488, 1489, 1490, 1491, 1492, 1493, 1494, 1495, 1496, 1497, 1498, 1499, 1519, 1520, 1521, 1522, 1523, 1524, 1525, 1526};local
gromacs+1031;6300;44860;0;93;{1536, 1537, 1538, 1539, 1540, 1541, 1542, 1547, 1548, 1549, 1550, 1551, 1552, 1553, 1554, 1555, 1560, 1561, 1562, 1427, 1428, 1429, 1430, 1444, 1445, 1446, 1447, 1448, 1449, 1456, 1457, 1458, 1459, 1460, 1474, 1475, 1476, 1477, 1478, 1479, 1480, 1481, 1482, 1483, 1484, 1485, 1486, 1487, 1488, 1489, 1490, 1491, 1492, 1493, 1494, 1495, 1496, 1497, 1498, 1499, 1500, 1501, 1502, 1503, 1504, 1505, 1506, 1507, 1508, 1509, 1510, 1511, 1512, 1513, 1514, 1515, 1516, 1517, 1518, 1519, 1520, 1521, 1522, 1523, 1524, 1525, 1529, 1530, 1531, 1532, 1533, 1534, 1535};local
resnet+1037;6300;29240;2;37;{1479, 1480, 1481, 1482, 1483, 1484, 1485, 1486, 1501, 1502, 1503, 1504, 1505, 1506, 1507, 1508, 1509, 1510, 1511, 1512, 1513, 1514, 1518, 1519, 1520, 1521, 1522, 1523, 1524, 1528, 1529, 1530, 1531, 1532, 1533, 1534, 1535};local
gromacs+1039;6300;88380;1;60;{640, 641, 642, 643, 644, 645, 680, 681, 682, 683, 684, 685, 686, 687, 688, 561, 689, 690, 691, 692, 693, 694, 695, 696, 697, 698, 699, 700, 701, 702, 703, 704, 705, 706, 707, 708, 709, 710, 711, 712, 620, 621, 622, 623, 624, 625, 626, 627, 628, 629, 630, 631, 632, 633, 634, 635, 636, 637, 638, 639};local
resnet+1043;6300;8370;3;54;{1539, 1540, 1541, 1542, 1543, 1544, 1545, 1546, 1547, 1548, 1552, 1553, 1554, 1555, 1556, 1557, 1558, 1566, 1567, 1568, 1569, 1570, 1571, 1572, 1573, 1574, 1575, 1576, 1577, 1578, 1579, 1580, 1581, 1582, 1583, 1584, 1585, 1586, 1587, 1588, 1593, 1594, 1595, 1602, 1603, 1604, 1609, 1610, 1527, 1528, 1529, 1530, 1531, 1532};local
gromacs+1044;6300;8990;2;52;{1536, 1537, 1538, 1542, 1543, 1544, 1548, 1549, 1550, 1551, 1552, 1553, 1557, 1558, 1559, 1560, 1561, 1562, 1563, 1564, 1565, 1566, 1567, 1568, 1569, 1570, 1571, 1572, 1573, 1574, 1575, 1576, 1577, 1582, 1583, 1584, 1585, 1586, 1587, 1588, 1589, 1590, 1591, 1592, 1593, 1594, 1595, 1596, 1597, 1601, 1602, 1603};local
resnet+1045;6300;59860;1;58;{768, 769, 770, 713, 714, 715, 716, 717, 718, 719, 720, 721, 722, 723, 724, 725, 726, 727, 728, 729, 730, 731, 732, 733, 734, 735, 736, 737, 738, 739, 740, 741, 742, 743, 744, 745, 746, 747, 748, 749, 750, 751, 752, 753, 754, 755, 756, 757, 758, 759, 760, 761, 762, 763, 764, 765, 766, 767};local
gromacs+1047;6300;63830;0;59;{1563, 1567, 1568, 1569, 1570, 1571, 1572, 1573, 1574, 1575, 1576, 1577, 1578, 1579, 1580, 1581, 1585, 1586, 1587, 1588, 1589, 1590, 1591, 1592, 1593, 1594, 1595, 1596, 1597, 1598, 1599, 1611, 1612, 1613, 1614, 1615, 1616, 1624, 1625, 1626, 1627, 1628, 1629, 1630, 1631, 1632, 1633, 1637, 1638, 1639, 1640, 1645, 1646, 1647, 1648, 1649, 1650, 1651, 1652};local
resnet+1048;6300;17390;3;48;{1664, 1611, 1612, 1613, 1614, 1615, 1616, 1617, 1618, 1619, 1620, 1621, 1622, 1623, 1624, 1625, 1626, 1627, 1628, 1629, 1633, 1634, 1635, 1636, 1637, 1638, 1639, 1640, 1644, 1645, 1646, 1647, 1648, 1649, 1650, 1651, 1652, 1653, 1654, 1655, 1656, 1657, 1658, 1659, 1660, 1661, 1662, 1663};local
gromacs+1051;6300;39300;2;35;{1604, 1605, 1606, 1607, 1612, 1613, 1614, 1615, 1616, 1617, 1618, 1619, 1620, 1621, 1622, 1623, 1624, 1628, 1629, 1630, 1635, 1636, 1637, 1641, 1642, 1643, 1644, 1645, 1646, 1647, 1648, 1649, 1650, 1651, 1652};local
resnet+1052;6300;36680;1;54;{771, 772, 773, 774, 775, 776, 777, 778, 779, 780, 1098, 1103, 1082, 1083, 956, 957, 958, 959, 960, 961, 962, 963, 964, 965, 966, 967, 968, 969, 1089, 1090, 1091, 1092, 1084, 1094, 1095, 1096, 1097, 1085, 1099, 1100, 1101, 1102, 1086, 1104, 1105, 1106, 1107, 1087, 1109, 1110, 1111, 1088, 1108, 1093};local
gromacs+1053;6300;49170;0;46;{1664, 1665, 1666, 1667, 1668, 1669, 1670, 1671, 1672, 1673, 1674, 1675, 1676, 1677, 1678, 1679, 1680, 1681, 1682, 1683, 1684, 1685, 1686, 1687, 1688, 1689, 1690, 1691, 1692, 1693, 1694, 1695, 1696, 1697, 1698, 1653, 1654, 1655, 1656, 1657, 1658, 1659, 1660, 1661, 1662, 1663};local
resnet+1054;6300;7720;2;59;{1664, 1665, 1666, 1667, 1668, 1669, 1670, 1671, 1672, 1673, 1674, 1675, 1676, 1677, 1678, 1679, 1680, 1681, 1682, 1683, 1684, 1685, 1686, 1687, 1688, 1689, 1690, 1691, 1692, 1693, 1694, 1695, 1696, 1697, 1698, 1699, 1700, 1701, 1702, 1703, 1704, 1705, 1706, 1707, 1708, 1709, 1710, 1711, 1653, 1654, 1655, 1656, 1657, 1658, 1659, 1660, 1661, 1662, 1663};local
gromacs+1055;6300;109580;3;39;{1665, 1666, 1667, 1668, 1669, 1670, 1671, 1672, 1673, 1674, 1675, 1676, 1677, 1678, 1679, 1680, 1681, 1682, 1683, 1684, 1685, 1686, 1687, 1688, 1689, 1690, 1691, 1692, 1693, 1694, 1695, 1696, 1697, 1698, 1699, 1700, 1701, 1702, 1703};local
resnet+1056;6300;8240;0;45;{1699, 1700, 1701, 1702, 1703, 1704, 1705, 1706, 1707, 1708, 1709, 1710, 1711, 1712, 1713, 1714, 1715, 1716, 1717, 1718, 1719, 1720, 1721, 1722, 1723, 1724, 1725, 1726, 1727, 1728, 1729, 1730, 1731, 1732, 1733, 1734, 1735, 1736, 1737, 1738, 1739, 1740, 1741, 1742, 1743};local
gromacs+1058;6300;124780;1;47;{1537, 1538, 1539, 1540, 1420, 1421, 1422, 1423, 1424, 1553, 1554, 1331, 1332, 1333, 1334, 1335, 1336, 1337, 1338, 1339, 1340, 1341, 1112, 1113, 1251, 1252, 1253, 1254, 1255, 1256, 1257, 1258, 1259, 1260, 1261, 1262, 1263, 1513, 1514, 1515, 1516, 1517, 1518, 1519, 1523, 1524, 1525};local
resnet+1062;6300;86550;3;60;{1704, 1705, 1706, 1707, 1708, 1709, 1710, 1711, 1712, 1713, 1714, 1715, 1716, 1717, 1718, 1719, 1720, 1721, 1722, 1723, 1724, 1725, 1726, 1727, 1728, 1729, 1730, 1731, 1732, 1733, 1734, 1735, 1736, 1737, 1738, 1739, 1740, 1741, 1742, 1743, 1744, 1745, 1746, 1747, 1748, 1749, 1750, 1751, 1752, 1753, 1754, 1755, 1756, 1757, 1758, 1759, 1760, 1761, 1762, 1763};local
gromacs+1064;6300;80280;2;45;{1712, 1713, 1714, 1715, 1716, 1717, 1718, 1719, 1720, 1721, 1722, 1723, 1724, 1725, 1726, 1727, 1728, 1729, 1730, 1731, 1732, 1733, 1734, 1735, 1736, 1737, 1738, 1739, 1740, 1741, 1742, 1743, 1744, 1745, 1746, 1747, 1748, 1749, 1750, 1751, 1752, 1753, 1754, 1755, 1756};local
resnet+1070;6300;7730;0;45;{1744, 1745, 1746, 1747, 1748, 1749, 1750, 1751, 1752, 1753, 1754, 1755, 1756, 1757, 1758, 1759, 1760, 1761, 1762, 1763, 1764, 1765, 1766, 1767, 1768, 1769, 1770, 1771, 1772, 1773, 1774, 1775, 1776, 1777, 1778, 1779, 1780, 1781, 1782, 1783, 1784, 1785, 1786, 1787, 1788};local
gromacs+1071;6300;7270;1;56;{1792, 1793, 1794, 1795, 1796, 1797, 1798, 1799, 1800, 1801, 1802, 1803, 1804, 1805, 1806, 1555, 1556, 1568, 1569, 1570, 1571, 1572, 1573, 1574, 1607, 1608, 1609, 1610, 1764, 1765, 1766, 1767, 1768, 1769, 1770, 1771, 1772, 1773, 1774, 1775, 1776, 1777, 1778, 1779, 1780, 1781, 1782, 1783, 1784, 1785, 1786, 1787, 1788, 1789, 1790, 1791};local
resnet+1072;6300;53560;2;58;{1792, 1793, 1794, 1795, 1796, 1797, 1798, 1799, 1800, 1801, 1802, 1803, 1804, 1805, 1806, 1807, 1808, 1809, 1810, 1811, 1812, 1813, 1814, 1757, 1758, 1759, 1760, 1761, 1762, 1763, 1764, 1765, 1766, 1767, 1768, 1769, 1770, 1771, 1772, 1773, 1774, 1775, 1776, 1777, 1778, 1779, 1780, 1781, 1782, 1783, 1784, 1785, 1786, 1787, 1788, 1789, 1790, 1791};local
gromacs+1076;6300;79390;3;49;{1792, 1793, 1794, 1795, 1796, 1797, 1798, 1799, 1800, 1801, 1802, 1803, 1804, 1805, 1806, 1807, 1808, 1809, 1810, 1811, 1812, 1764, 1765, 1766, 1767, 1768, 1769, 1770, 1771, 1772, 1773, 1774, 1775, 1776, 1777, 1778, 1779, 1780, 1781, 1782, 1783, 1784, 1785, 1786, 1787, 1788, 1789, 1790, 1791};local
resnet+1077;6300;36030;0;41;{1792, 1793, 1794, 1795, 1796, 1797, 1798, 1799, 1800, 1801, 1802, 1803, 1804, 1805, 1806, 1807, 1808, 1809, 1810, 1811, 1812, 1813, 1814, 1815, 1816, 1817, 1818, 1819, 1820, 1821, 1822, 1823, 1824, 1825, 1826, 1827, 1828, 1829, 1789, 1790, 1791};local
gromacs+1078;6300;8060;1;26;{1807, 1808, 1809, 1810, 1811, 1812, 1813, 1814, 1815, 1816, 1817, 1818, 1819, 1820, 1821, 1822, 1823, 1824, 1825, 1826, 1827, 1828, 1829, 1830, 1831, 1832};local
resnet+1081;6300;9630;3;21;{1813, 1814, 1815, 1816, 1817, 1818, 1819, 1820, 1821, 1822, 1823, 1824, 1825, 1826, 1827, 1828, 1829, 1830, 1831, 1832, 1833};local
gromacs+1082;6300;8930;2;25;{1815, 1816, 1817, 1818, 1819, 1820, 1821, 1822, 1823, 1824, 1825, 1826, 1827, 1828, 1829, 1830, 1831, 1832, 1833, 1834, 1835, 1836, 1837, 1838, 1839};local
resnet+1083;6300;63720;0;30;{1830, 1831, 1832, 1833, 1834, 1835, 1836, 1837, 1838, 1839, 1840, 1841, 1842, 1843, 1844, 1845, 1846, 1847, 1848, 1849, 1850, 1851, 1852, 1853, 1854, 1855, 1856, 1857, 1858, 1859};local
gromacs+1086;6300;12650;1;24;{1833, 1834, 1835, 1836, 1837, 1838, 1839, 1840, 1841, 1842, 1843, 1844, 1845, 1846, 1847, 1848, 1849, 1850, 1851, 1852, 1853, 1854, 1855, 1856};local
resnet+1090;6300;12840;3;30;{1834, 1835, 1836, 1837, 1838, 1839, 1840, 1841, 1842, 1843, 1844, 1845, 1846, 1847, 1848, 1849, 1850, 1851, 1852, 1853, 1854, 1855, 1856, 1857, 1858, 1859, 1860, 1861, 1862, 1863};local
gromacs+1092;6300;94070;2;22;{1840, 1841, 1842, 1843, 1844, 1845, 1846, 1847, 1848, 1849, 1850, 1851, 1852, 1853, 1854, 1855, 1856, 1857, 1858, 1859, 1860, 1861};local
resnet+1095;6300;63450;1;30;{1857, 1858, 1859, 1860, 1861, 1862, 1863, 1864, 1865, 1866, 1867, 1868, 1869, 1870, 1871, 1872, 1873, 1874, 1875, 1876, 1877, 1878, 1879, 1880, 1881, 1882, 1883, 1884, 1885, 1886};local
gromacs+1097;6300;55550;0;18;{1860, 1861, 1862, 1863, 1864, 1865, 1866, 1867, 1868, 1869, 1870, 1871, 1872, 1873, 1874, 1875, 1876, 1877};local
resnet+1098;6300;9730;2;30;{1862, 1863, 1864, 1865, 1866, 1867, 1868, 1869, 1870, 1871, 1872, 1873, 1874, 1875, 1876, 1877, 1878, 1879, 1880, 1881, 1882, 1883, 1884, 1885, 1886, 1887, 1888, 1889, 1890, 1891};local
gromacs+1108;6300;140610;3;18;{1864, 1865, 1866, 1867, 1868, 1869, 1870, 1871, 1872, 1873, 1874, 1875, 1876, 1877, 1878, 1879, 1880, 1881};local
resnet+1110;6300;7590;0;30;{1878, 1879, 1880, 1881, 1882, 1883, 1884, 1885, 1886, 1887, 1888, 1889, 1890, 1891, 1892, 1893, 1894, 1895, 1896, 1897, 1898, 1899, 1900, 1901, 1902, 1903, 1904, 1905, 1906, 1907};local
gromacs+1111;6300;70460;3;25;{1882, 1883, 1884, 1885, 1886, 1887, 1888, 1889, 1890, 1891, 1892, 1893, 1894, 1895, 1896, 1897, 1898, 1899, 1900, 1901, 1902, 1903, 1904, 1905, 1906};local
resnet+1112;6300;11060;1;30;{1887, 1888, 1889, 1890, 1891, 1892, 1893, 1894, 1895, 1896, 1897, 1898, 1899, 1900, 1901, 1902, 1903, 1904, 1905, 1906, 1907, 1908, 1909, 1910, 1911, 1912, 1913, 1914, 1915, 1916};local
gromacs+1113;6300;7760;2;25;{1892, 1893, 1894, 1895, 1896, 1897, 1898, 1899, 1900, 1901, 1902, 1903, 1904, 1905, 1906, 1907, 1908, 1909, 1910, 1911, 1912, 1913, 1914, 1915, 1916};local
resnet+1114;6300;61070;3;25;{1920, 1921, 1922, 1923, 1924, 1925, 1926, 1927, 1928, 1929, 1930, 1931, 1907, 1908, 1909, 1910, 1911, 1912, 1913, 1914, 1915, 1916, 1917, 1918, 1919};local
gromacs+1116;6300;36760;0;18;{1920, 1921, 1922, 1923, 1924, 1925, 1908, 1909, 1910, 1911, 1912, 1913, 1914, 1915, 1916, 1917, 1918, 1919};local
resnet+1120;6300;63000;1;10;{1920, 1921, 1922, 1923, 1924, 1925, 1926, 1917, 1918, 1919};local
gromacs+1121;6300;9850;2;12;{1920, 1921, 1922, 1923, 1924, 1925, 1926, 1927, 1928, 1917, 1918, 1919};local
resnet+1127;6300;75970;0;15;{1926, 1927, 1928, 1929, 1930, 1931, 1932, 1933, 1934, 1935, 1936, 1937, 1938, 1939, 1940};local
gromacs+1135;6300;46740;1;14;{1927, 1928, 1929, 1930, 1931, 1932, 1933, 1934, 1935, 1936, 1937, 1938, 1939, 1940};local
resnet+1136;6300;101580;2;14;{1929, 1930, 1931, 1932, 1933, 1934, 1935, 1936, 1937, 1938, 1939, 1940, 1941, 1942};local
gromacs+1143;6300;23460;3;11;{1932, 1933, 1934, 1935, 1936, 1937, 1938, 1939, 1940, 1941, 1942};local
resnet+1145;6300;7920;0;12;{1952, 1941, 1942, 1943, 1944, 1945, 1946, 1947, 1948, 1949, 1950, 1951};local
gromacs+1146;6300;131440;1;11;{1941, 1942, 1943, 1944, 1945, 1946, 1947, 1948, 1949, 1950, 1951};local
resnet+1149;6300;7610;2;9;{1943, 1944, 1945, 1946, 1947, 1948, 1949, 1950, 1951};local
gromacs+1150;6300;37270;3;9;{1943, 1944, 1945, 1946, 1947, 1948, 1949, 1950, 1951};local
resnet+1159;6300;43690;1;10;{1952, 1953, 1954, 1955, 1956, 1957, 1958, 1959, 1960, 1961};local
gromacs+1160;6300;9810;2;12;{1952, 1953, 1954, 1955, 1956, 1957, 1958, 1959, 1960, 1961, 1962, 1963};local
resnet+1163;6300;14330;3;16;{1952, 1953, 1954, 1955, 1956, 1957, 1958, 1959, 1960, 1961, 1962, 1963, 1964, 1965, 1966, 1967};local
gromacs+1166;6300;9180;0;14;{1953, 1954, 1955, 1956, 1957, 1958, 1959, 1960, 1961, 1962, 1963, 1964, 1965, 1966};local
resnet+1168;6300;56700;1;14;{1962, 1963, 1964, 1965, 1966, 1967, 1968, 1969, 1970, 1971, 1972, 1973, 1974, 1975};local
gromacs+1170;6300;89660;2;16;{1964, 1965, 1966, 1967, 1968, 1969, 1970, 1971, 1972, 1973, 1974, 1975, 1976, 1977, 1978, 1979};local
resnet+1171;6300;7470;0;12;{1967, 1968, 1969, 1970, 1971, 1972, 1973, 1974, 1975, 1976, 1977, 1978};local
gromacs+1172;6300;31680;3;16;{1968, 1969, 1970, 1971, 1972, 1973, 1974, 1975, 1976, 1977, 1978, 1979, 1980, 1981, 1982, 1983};local
resnet+1176;6300;8740;1;10;{1984, 1985, 1976, 1977, 1978, 1979, 1980, 1981, 1982, 1983};local
gromacs+1184;6300;63030;0;8;{1984, 1985, 1986, 1979, 1980, 1981, 1982, 1983};local
resnet+1185;6300;28300;2;7;{1984, 1985, 1986, 1980, 1981, 1982, 1983};local
gromacs+1187;6300;148850;3;6;{1984, 1985, 1986, 1987, 1988, 1989};local
resnet+1188;6300;9670;1;7;{1986, 1987, 1988, 1989, 1990, 1991, 1992};local
gromacs+1189;6300;8210;0;5;{1987, 1988, 1989, 1990, 1991};local
resnet+1190;6300;8840;2;8;{1987, 1988, 1989, 1990, 1991, 1992, 1993, 1994};local
gromacs+1191;6300;27930;3;5;{1990, 1991, 1992, 1993, 1994};local
resnet+1193;6300;40500;0;7;{1992, 1993, 1994, 1995, 1996, 1997, 1998};local
gromacs+1194;6300;17670;1;5;{1993, 1994, 1995, 1996, 1997};local
resnet+1195;6300;7320;2;6;{1995, 1996, 1997, 1998, 1999, 2000};local
gromacs+1196;6300;175230;3;8;{1995, 1996, 1997, 1998, 1999, 2000, 2001, 2002};local
resnet+1197;6300;8610;1;7;{1998, 1999, 2000, 2001, 2002, 2003, 2004};local
gromacs+1199;6300;7540;0;8;{1999, 2000, 2001, 2002, 2003, 2004, 2005, 2006};local
resnet+1203;6300;21590;2;8;{2001, 2002, 2003, 2004, 2005, 2006, 2007, 2008};local
gromacs+1204;6300;8300;3;5;{2003, 2004, 2005, 2006, 2007};local
resnet+1208;6300;75910;1;8;{2005, 2006, 2007, 2008, 2009, 2010, 2011, 2012};local
gromacs+1213;6300;11210;0;6;{2007, 2008, 2009, 2010, 2011, 2012};local
resnet+1214;6300;9780;3;7;{2008, 2009, 2010, 2011, 2012, 2013, 2014};local
gromacs+1215;6300;8370;2;5;{2009, 2010, 2011, 2012, 2013};local
resnet+1216;6300;9710;0;8;{2016, 2017, 2018, 2019, 2020, 2013, 2014, 2015};local
gromacs+1217;6300;132420;1;8;{2016, 2017, 2018, 2019, 2020, 2013, 2014, 2015};local
resnet+1218;6300;34240;2;7;{2016, 2017, 2018, 2019, 2020, 2014, 2015};local
gromacs+1220;6300;60160;3;5;{2016, 2017, 2018, 2019, 2015};local
resnet+1221;6300;7720;3;8;{2020, 2021, 2022, 2023, 2024, 2025, 2026, 2027};local
gromacs+1223;6300;81960;0;5;{2021, 2022, 2023, 2024, 2025};local
resnet+1224;6300;72450;1;8;{2021, 2022, 2023, 2024, 2025, 2026, 2027, 2028};local
gromacs+1225;6300;42450;2;5;{2021, 2022, 2023, 2024, 2025};local
resnet+1229;6300;57710;0;5;{2026, 2027, 2028, 2029, 2030};local
gromacs+1236;6300;9170;2;6;{2026, 2027, 2028, 2029, 2030, 2031};local
resnet+1237;6300;9000;3;8;{2028, 2029, 2030, 2031, 2032, 2033, 2034, 2035};local
gromacs+1239;6300;7990;1;6;{2029, 2030, 2031, 2032, 2033, 2034};local
resnet+1240;6300;70930;0;6;{2031, 2032, 2033, 2034, 2035, 2036};local
gromacs+1241;6300;8000;2;7;{2032, 2033, 2034, 2035, 2036, 2037, 2038};local
resnet+1243;6300;18860;1;8;{2035, 2036, 2037, 2038, 2039, 2040, 2041, 2042};local
gromacs+1245;6300;150710;3;8;{2036, 2037, 2038, 2039, 2040, 2041, 2042, 2043};local
resnet+1249;6300;79680;0;4;{2040, 2037, 2038, 2039};local
gromacs+1250;6300;8810;2;4;{2040, 2041, 2042, 2039};local
resnet+1251;6300;43770;0;4;{2041, 2042, 2043, 2044};local
gromacs+1252;6300;115680;1;3;{2043, 2044, 2045};local
resnet+1253;6300;86010;2;3;{2043, 2044, 2045};local
gromacs+1254;6300;85600;3;4;{2044, 2045, 2046, 2047};local
resnet+1255;6300;7890;0;3;{2045, 2046, 2047};local
gromacs+1257;6300;9600;1;3;{2048, 2046, 2047};local
resnet+1260;6300;9890;2;3;{2048, 2046, 2047};local
gromacs+1261;6300;88450;0;3;{2048, 2049, 2050};local
resnet+1263;6300;87670;3;3;{2048, 2049, 2050};local
gromacs+1268;6300;68760;1;3;{2049, 2050, 2051};local
resnet+1269;6300;9520;2;3;{2049, 2050, 2051};local
gromacs+1272;6300;68710;0;3;{2051, 2052, 2053};local
resnet+1276;6300;56440;3;3;{2051, 2052, 2053};local
gromacs+1278;6300;41050;1;4;{2052, 2053, 2054, 2055};local
resnet+1279;6300;17250;2;4;{2052, 2053, 2054, 2055};local
gromacs+1280;6300;35600;0;4;{2056, 2057, 2054, 2055};local
resnet+1283;6300;7630;3;4;{2056, 2057, 2054, 2055};local
gromacs+1287;6300;35040;1;3;{2056, 2057, 2058};local
resnet+1288;6300;8140;2;3;{2056, 2057, 2058};local
gromacs+1291;6300;9570;0;3;{2058, 2059, 2060};local
resnet+1295;6300;8520;3;3;{2058, 2059, 2060};local
gromacs+1296;6300;58690;1;3;{2059, 2060, 2061};local
resnet+1299;6300;102400;2;3;{2059, 2060, 2061};local
gromacs+1300;6300;128500;0;4;{2064, 2061, 2062, 2063};local
resnet+1304;6300;8350;3;3;{2061, 2062, 2063};local
gromacs+1305;6300;8210;1;3;{2064, 2062, 2063};local
resnet+1307;6300;8410;2;4;{2064, 2065, 2062, 2063};local
gromacs+1309;6300;62850;3;3;{2064, 2065, 2066};local
resnet+1311;6300;9190;0;4;{2065, 2066, 2067, 2068};local
gromacs+1313;6300;90380;1;3;{2065, 2066, 2067};local
resnet+1320;6300;9220;2;4;{2066, 2067, 2068, 2069};local
gromacs+1322;6300;78280;3;4;{2067, 2068, 2069, 2070};local
resnet+1323;6300;77870;1;3;{2068, 2069, 2070};local
gromacs+1324;6300;165990;0;3;{2069, 2070, 2071};local
resnet+1333;6300;38980;2;4;{2072, 2073, 2070, 2071};local
gromacs+1339;6300;88150;1;4;{2072, 2073, 2074, 2071};local
resnet+1340;6300;149490;3;3;{2072, 2073, 2071};local
gromacs+1347;6300;127140;0;3;{2072, 2073, 2074};local
resnet+1348;6300;50400;2;3;{2074, 2075, 2076};local
gromacs+1350;6300;7310;3;4;{2074, 2075, 2076, 2077};local
resnet+1352;6300;9020;0;3;{2075, 2076, 2077};local
gromacs+1353;6300;29750;1;3;{2075, 2076, 2077};local
resnet+1355;6300;7250;2;3;{2077, 2078, 2079};local
gromacs+1356;6300;119860;0;4;{2080, 2081, 2078, 2079};local
resnet+1358;6300;167490;1;3;{2080, 2078, 2079};local
gromacs+1364;6300;85270;3;3;{2080, 2078, 2079};local
resnet+1368;6300;9340;2;3;{2080, 2081, 2082};local
gromacs+1373;6300;76790;1;4;{2081, 2082, 2083, 2084};local
resnet+1374;6300;80180;3;4;{2081, 2082, 2083, 2084};local
gromacs+1375;6300;102570;0;4;{2082, 2083, 2084, 2085};local
resnet+1378;6300;18400;2;4;{2083, 2084, 2085, 2086};local
gromacs+1379;6300;81650;1;3;{2085, 2086, 2087};local
resnet+1381;6300;7840;3;4;{2088, 2085, 2086, 2087};local
gromacs+1384;6300;7770;0;3;{2088, 2086, 2087};local
resnet+1385;6300;9340;2;3;{2088, 2089, 2087};local
gromacs+1390;6300;149040;1;3;{2088, 2089, 2090};local
resnet+1391;6300;113240;0;4;{2089, 2090, 2091, 2092};local
gromacs+1394;6300;21420;3;3;{2089, 2090, 2091};local
resnet+1397;6300;7200;2;4;{2090, 2091, 2092, 2093};local
gromacs+1399;6300;85560;1;3;{2091, 2092, 2093};local
resnet+1400;6300;8100;3;3;{2092, 2093, 2094};local
gromacs+1402;6300;9550;0;3;{2093, 2094, 2095};local
resnet+1407;6300;66060;1;2;{2094, 2095};local
gromacs+1409;6300;176600;2;2;{2094, 2095};local
resnet+1411;6300;8700;3;2;{2096, 2095};local
gromacs+1413;6300;30180;0;2;{2096, 2097};local
resnet+1418;6300;14660;1;2;{2096, 2097};local
gromacs+1419;6300;65830;2;2;{2096, 2097};local
resnet+1421;6300;161130;3;2;{2097, 2098};local
gromacs+1422;6300;8500;0;2;{2098, 2099};local
resnet+1423;6300;9600;1;2;{2098, 2099};local
gromacs+1424;6300;120450;2;2;{2098, 2099};local
resnet+1427;6300;84190;3;2;{2099, 2100};local
gromacs+1428;6300;22280;0;2;{2100, 2101};local
resnet+1434;6300;8070;1;2;{2100, 2101};local
gromacs+1435;6300;7550;2;2;{2100, 2101};local
resnet+1437;6300;79760;3;2;{2101, 2102};local
gromacs+1441;6300;22890;0;2;{2102, 2103};local
resnet+1443;6300;8090;1;2;{2102, 2103};local
gromacs+1445;6300;34330;2;2;{2102, 2103};local
resnet+1447;6300;9050;3;2;{2104, 2103};local
gromacs+1449;6300;8590;0;2;{2104, 2105};local
resnet+1450;6300;10340;1;2;{2104, 2105};local
gromacs+1451;6300;61970;2;2;{2104, 2105};local
resnet+1455;6300;8790;3;2;{2105, 2106};local
gromacs+1456;6300;8920;0;2;{2106, 2107};local
resnet+1459;6300;128640;1;2;{2106, 2107};local
gromacs+1460;6300;91460;2;2;{2106, 2107};local
resnet+1461;6300;8400;3;2;{2107, 2108};local
gromacs+1464;6300;17410;0;2;{2108, 2109};local
resnet+1466;6300;90480;1;2;{2108, 2109};local
gromacs+1468;6300;7370;2;2;{2108, 2109};local
resnet+1471;6300;49870;3;2;{2109, 2110};local
gromacs+1472;6300;8080;0;2;{2110, 2111};local
resnet+1475;6300;7810;1;2;{2110, 2111};local
gromacs+1476;6300;57160;2;2;{2110, 2111};local
resnet+1481;6300;17940;3;2;{2112, 2111};local
gromacs+1482;6300;127560;0;2;{2112, 2113};local
resnet+1483;6300;23790;1;2;{2112, 2113};local
gromacs+1485;6300;88180;2;2;{2112, 2113};local
resnet+1487;6300;8350;3;2;{2113, 2114};local
gromacs+1488;6300;8190;0;2;{2114, 2115};local
resnet+1490;6300;60960;1;2;{2114, 2115};local
gromacs+1492;6300;62390;2;2;{2114, 2115};local
resnet+1493;6300;61470;3;2;{2115, 2116};local
gromacs+1497;6300;87180;0;2;{2116, 2117};local
resnet+1501;6300;9410;1;2;{2116, 2117};local
gromacs+1503;6300;25460;2;2;{2116, 2117};local
resnet+1506;6300;9530;3;2;{2117, 2118};local
gromacs+1511;6300;8760;0;2;{2118, 2119};local
resnet+1512;6300;27920;1;2;{2118, 2119};local
gromacs+1515;6300;20160;2;2;{2118, 2119};local
resnet+1519;6300;77590;3;2;{2120, 2119};local
shufflenet+1520;6300;32590;0;1;{2120};local
openfoam+1521;6300;35580;1;1;{2120};local
shufflenet+1525;6300;131520;2;1;{2120};local
openfoam+1528;6300;8270;0;1;{2121};local
shufflenet+1530;6300;9720;1;1;{2121};local
openfoam+1531;6300;9720;2;1;{2121};local
shufflenet+1533;6300;83380;3;1;{2121};local
openfoam+1537;6300;8220;0;1;{2122};local
shufflenet+1539;6300;83910;1;1;{2122};local
openfoam+1540;6300;9610;2;1;{2122};local
shufflenet+1542;6300;11890;3;1;{2122};local
openfoam+1545;6300;106080;0;1;{2123};local
shufflenet+1546;6300;9560;1;1;{2123};local
openfoam+1547;6300;115040;2;1;{2123};local
shufflenet+1548;6300;15220;3;1;{2123};local
openfoam+1550;6300;51950;0;1;{2124};local
shufflenet+1557;6300;8170;1;1;{2124};local
openfoam+1561;6300;85440;2;1;{2124};local
shufflenet+1575;6300;46980;3;1;{2124};local
openfoam+1579;6300;75460;0;1;{2125};local
shufflenet+1580;6300;8490;1;1;{2125};local
openfoam+1581;6300;117630;2;1;{2125};local
shufflenet+1584;6300;8130;3;1;{2125};local
openfoam+1592;6300;41840;0;1;{2126};local
shufflenet+1596;6300;7230;1;1;{2126};local
openfoam+1597;6300;14450;2;1;{2126};local
shufflenet+1598;6300;9770;3;1;{2126};local
openfoam+1599;6300;119200;0;1;{2127};local
shufflenet+1600;6300;76260;1;1;{2127};local
openfoam+1603;6300;65840;2;1;{2127};local
shufflenet+1605;6300;9310;3;1;{2127};local
openfoam+1606;6300;9040;0;1;{2128};local
shufflenet+1608;6300;8150;1;1;{2128};local
openfoam+1610;6300;145200;2;1;{2128};local
shufflenet+1612;6300;134680;3;1;{2128};local
openfoam+1616;6300;58240;0;1;{2129};local
shufflenet+1618;6300;48190;1;1;{2129};local
openfoam+1619;6300;140900;2;1;{2129};local
shufflenet+1624;6300;29290;3;1;{2129};local
openfoam+1627;6300;108940;0;1;{2130};local
shufflenet+1629;6300;9280;1;1;{2130};local
openfoam+1631;6300;65090;2;1;{2130};local
shufflenet+1633;6300;22830;3;1;{2130};local
openfoam+1634;6300;8270;0;1;{2131};local
shufflenet+1635;6300;143310;1;1;{2131};local
openfoam+1639;6300;32770;2;1;{2131};local
shufflenet+1640;6300;35950;3;1;{2131};local
openfoam+1642;6300;60670;0;1;{2132};local
shufflenet+1643;6300;90420;1;1;{2132};local
openfoam+1647;6300;9020;2;1;{2132};local
shufflenet+1649;6300;73930;3;1;{2132};local
openfoam+1652;6300;7940;0;1;{2133};local
shufflenet+1653;6300;63610;1;1;{2133};local
openfoam+1659;6300;8050;2;1;{2133};local
shufflenet+1661;6300;41590;3;1;{2133};local
openfoam+1662;6300;164570;0;1;{2134};local
shufflenet+1663;6300;69260;1;1;{2134};local
openfoam+1669;6300;7350;2;1;{2134};local
shufflenet+1677;6300;142850;3;1;{2134};local
openfoam+1678;6300;91670;0;1;{2135};local
shufflenet+1682;6300;8350;1;1;{2135};local
openfoam+1686;6300;58700;2;1;{2135};local
shufflenet+1688;6300;38390;3;1;{2135};local
openfoam+1695;6300;79610;0;1;{2136};local
shufflenet+1696;6300;7820;1;1;{2136};local
openfoam+1700;6300;23250;2;1;{2136};local
shufflenet+1704;6300;54850;3;1;{2136};local
openfoam+1706;6300;55660;0;1;{2137};local
shufflenet+1709;6300;164200;1;1;{2137};local
openfoam+1710;6300;9250;2;1;{2137};local
shufflenet+1711;6300;82910;3;1;{2137};local
openfoam+1712;6300;76030;0;1;{2138};local
shufflenet+1715;6300;9400;1;1;{2138};local
openfoam+1718;6300;21830;2;1;{2138};local
shufflenet+1721;6300;55160;3;1;{2138};local
openfoam+1726;6300;48470;0;1;{2139};local
shufflenet+1727;6300;9330;1;1;{2139};local
openfoam+1728;6300;87630;2;1;{2139};local
shufflenet+1731;6300;107060;3;1;{2139};local
openfoam+1732;6300;86030;0;1;{2140};local
shufflenet+1733;6300;8150;1;1;{2140};local
openfoam+1735;6300;136060;2;1;{2140};local
shufflenet+1740;6300;7260;3;1;{2140};local
openfoam+1741;6300;15840;0;1;{2141};local
shufflenet+1744;6300;92860;1;1;{2141};local
openfoam+1747;6300;66630;2;1;{2141};local
shufflenet+1748;6300;37270;3;1;{2141};local
openfoam+1749;6300;36810;0;1;{2142};local
shufflenet+1753;6300;9440;1;1;{2142};local
openfoam+1755;6300;75230;2;1;{2142};local
shufflenet+1756;6300;86890;3;1;{2142};local
openfoam+1759;6300;31190;0;1;{2143};local
shufflenet+1760;6300;7540;1;1;{2143};local
openfoam+1761;6300;12750;2;1;{2143};local
shufflenet+1764;6300;7480;3;1;{2143};local
openfoam+1769;6300;8150;0;1;{2144};local
shufflenet+1774;6300;14240;1;1;{2144};local
openfoam+1776;6300;32150;2;1;{2144};local
shufflenet+1782;6300;53390;3;1;{2144};local
openfoam+1783;6300;128910;0;1;{2145};local
shufflenet+1786;6300;7310;1;1;{2145};local
openfoam+1787;6300;9460;2;1;{2145};local
shufflenet+1791;6300;7880;3;1;{2145};local
openfoam+1793;6300;11610;0;1;{2146};local
shufflenet+1795;6300;8700;1;1;{2146};local
openfoam+1798;6300;28540;2;1;{2146};local
shufflenet+1803;6300;8500;3;1;{2146};local
openfoam+1805;6300;8170;0;1;{2147};local
shufflenet+1807;6300;43420;1;1;{2147};local
openfoam+1808;6300;57770;2;1;{2147};local
shufflenet+1813;6300;9140;3;1;{2147};local
openfoam+1816;6300;120920;0;1;{2148};local
shufflenet+1818;6300;24680;1;1;{2148};local
openfoam+1820;6300;74090;2;1;{2148};local
shufflenet+1821;6300;8840;3;1;{2148};local
openfoam+1822;6300;35240;0;1;{2149};local
shufflenet+1823;6300;7530;1;1;{2149};local
openfoam+1824;6300;8830;2;1;{2149};local
shufflenet+1826;6300;49770;3;1;{2149};local
openfoam+1827;6300;23380;0;1;{2150};local
shufflenet+1828;6300;131350;1;1;{2150};local
openfoam+1829;6300;11990;2;1;{2150};local
shufflenet+1831;6300;9030;3;1;{2150};local
openfoam+1832;6300;9810;0;1;{2151};local
shufflenet+1836;6300;78960;1;1;{2151};local
openfoam+1841;6300;165770;2;1;{2151};local
shufflenet+1842;6300;33460;3;1;{2151};local
openfoam+1845;6300;8770;0;1;{2152};local
shufflenet+1846;6300;8340;1;1;{2152};local
openfoam+1848;6300;46100;2;1;{2152};local
shufflenet+1849;6300;54140;3;1;{2152};local
openfoam+1852;6300;74870;0;1;{2153};local
shufflenet+1854;6300;9080;1;1;{2153};local
openfoam+1855;6300;91610;2;1;{2153};local
shufflenet+1858;6300;70720;3;1;{2153};local
openfoam+1859;6300;28000;0;1;{2154};local
shufflenet+1860;6300;73570;1;1;{2154};local
openfoam+1861;6300;84600;2;1;{2154};local
shufflenet+1864;6300;23570;3;1;{2154};local
openfoam+1868;6300;163250;0;1;{2155};local
shufflenet+1869;6300;7480;1;1;{2155};local
openfoam+1871;6300;7750;2;1;{2155};local
shufflenet+1875;6300;113470;3;1;{2155};local
openfoam+1876;6300;65950;0;1;{2156};local
shufflenet+1878;6300;8390;1;1;{2156};local
openfoam+1880;6300;139740;2;1;{2156};local
shufflenet+1882;6300;41620;3;1;{2156};local
openfoam+1883;6300;8350;0;1;{2157};local
shufflenet+1884;6300;121230;1;1;{2157};local
openfoam+1886;6300;8570;2;1;{2157};local
shufflenet+1887;6300;137980;3;1;{2157};local
openfoam+1889;6300;121220;0;1;{2158};local
shufflenet+1891;6300;9740;1;1;{2158};local
openfoam+1893;6300;78360;2;1;{2158};local
shufflenet+1895;6300;92210;3;1;{2158};local
openfoam+1900;6300;83640;0;1;{2159};local
shufflenet+1902;6300;20880;1;1;{2159};local
openfoam+1903;6300;15970;2;1;{2159};local
shufflenet+1904;6300;9020;3;1;{2159};local
openfoam+1905;6300;9670;0;1;{2160};local
shufflenet+1908;6300;7220;1;1;{2160};local
openfoam+1911;6300;38100;2;1;{2160};local
shufflenet+1912;6300;8080;3;1;{2160};local
openfoam+1917;6300;8070;0;1;{2161};local
shufflenet+1920;6300;84280;1;1;{2161};local
openfoam+1923;6300;14180;2;1;{2161};local
shufflenet+1929;6300;9580;3;1;{2161};local
openfoam+1932;6300;16050;0;1;{2162};local
shufflenet+1933;6300;17490;1;1;{2162};local
openfoam+1935;6300;85180;2;1;{2162};local
shufflenet+1936;6300;126620;3;1;{2162};local
openfoam+1938;6300;59490;0;1;{2163};local
shufflenet+1939;6300;8970;1;1;{2163};local
openfoam+1940;6300;7890;2;1;{2163};local
shufflenet+1942;6300;89380;3;1;{2163};local
openfoam+1944;6300;8480;0;1;{2164};local
shufflenet+1949;6300;12320;1;1;{2164};local
openfoam+1952;6300;88570;2;1;{2164};local
shufflenet+1954;6300;9880;3;1;{2164};local
openfoam+1955;6300;21000;0;1;{2165};local
shufflenet+1956;6300;89520;1;1;{2165};local
openfoam+1959;6300;7520;2;1;{2165};local
shufflenet+1960;6300;9060;3;1;{2165};local
openfoam+1962;6300;8120;0;1;{2166};local
shufflenet+1964;6300;105470;1;1;{2166};local
openfoam+1966;6300;9170;2;1;{2166};local
shufflenet+1967;6300;94540;3;1;{2166};local
openfoam+1968;6300;9380;0;1;{2167};local
shufflenet+1970;6300;8850;1;1;{2167};local
openfoam+1972;6300;8860;2;1;{2167};local
shufflenet+1973;6300;7420;3;1;{2167};local
openfoam+1974;6300;7580;0;1;{2168};local
shufflenet+1978;6300;7280;1;1;{2168};local
openfoam+1979;6300;41920;2;1;{2168};local
shufflenet+1980;6300;18350;3;1;{2168};local
openfoam+1983;6300;8820;0;1;{2169};local
shufflenet+1989;6300;8590;1;1;{2169};local
openfoam+1990;6300;75380;2;1;{2169};local
shufflenet+1992;6300;58950;3;1;{2169};local
openfoam+1995;6300;10140;0;1;{2170};local
shufflenet+1996;6300;8720;1;1;{2170};local
openfoam+1997;6300;8220;2;1;{2170};local
gromacs+2004;6300;7770;3;299;{2170, 2171, 2172, 2173, 2174, 2175, 2176, 2177, 2178, 2179, 2180, 2181, 2182, 2183, 2184, 2185, 2186, 2187, 2188, 2189, 2190, 2191, 2192, 2193, 2194, 2195, 2196, 2197, 2198, 2199, 2200, 2201, 2202, 2203, 2204, 2205, 2206, 2207, 2208, 2209, 2210, 2211, 2212, 2213, 2214, 2215, 2216, 2217, 2218, 2219, 2220, 2221, 2222, 2223, 2224, 2225, 2226, 2227, 2228, 2229, 2230, 2231, 2232, 2233, 2234, 2235, 2236, 2237, 2238, 2239, 2240, 2241, 2242, 2243, 2244, 2245, 2246, 2247, 2248, 2249, 2250, 2251, 2252, 2253, 2254, 2255, 2256, 2257, 2258, 2259, 2260, 2261, 2262, 2263, 2264, 2265, 2266, 2267, 2268, 2269, 2270, 2271, 2272, 2273, 2274, 2275, 2276, 2277, 2278, 2279, 2280, 2281, 2282, 2283, 2284, 2285, 2286, 2287, 2288, 2289, 2290, 2291, 2292, 2293, 2294, 2295, 2296, 2297, 2298, 2299, 2300, 2301, 2302, 2303, 2304, 2305, 2306, 2307, 2308, 2309, 2310, 2311, 2312, 2313, 2314, 2315, 2316, 2317, 2318, 2319, 2320, 2321, 2322, 2323, 2324, 2325, 2326, 2327, 2328, 2329, 2330, 2331, 2332, 2333, 2334, 2335, 2336, 2337, 2338, 2339, 2340, 2341, 2342, 2343, 2344, 2345, 2346, 2347, 2348, 2349, 2350, 2351, 2352, 2353, 2354, 2355, 2356, 2357, 2358, 2359, 2360, 2361, 2362, 2363, 2364, 2365, 2366, 2367, 2368, 2369, 2370, 2371, 2372, 2373, 2374, 2375, 2376, 2377, 2378, 2379, 2380, 2381, 2382, 2383, 2384, 2385, 2386, 2387, 2388, 2389, 2390, 2391, 2392, 2393, 2394, 2395, 2396, 2397, 2398, 2399, 2400, 2401, 2402, 2403, 2404, 2405, 2406, 2407, 2408, 2409, 2410, 2411, 2412, 2413, 2414, 2415, 2416, 2417, 2418, 2419, 2420, 2421, 2422, 2423, 2424, 2425, 2426, 2427, 2428, 2429, 2430, 2431, 2432, 2433, 2434, 2435, 2436, 2437, 2438, 2439, 2440, 2441, 2442, 2443, 2444, 2445, 2446, 2447, 2448, 2449, 2450, 2451, 2452, 2453, 2454, 2455, 2456, 2457, 2458, 2459, 2460, 2461, 2462, 2463, 2464, 2465, 2466, 2467, 2468};local
resnet+2005;6300;9690;0;176;{2171, 2172, 2173, 2174, 2175, 2176, 2177, 2178, 2179, 2180, 2181, 2182, 2183, 2184, 2185, 2186, 2187, 2188, 2189, 2190, 2191, 2192, 2193, 2194, 2195, 2196, 2197, 2198, 2199, 2200, 2201, 2202, 2203, 2204, 2205, 2206, 2207, 2208, 2209, 2210, 2211, 2212, 2213, 2214, 2215, 2216, 2217, 2218, 2219, 2220, 2221, 2222, 2223, 2224, 2225, 2226, 2227, 2228, 2229, 2230, 2231, 2232, 2233, 2234, 2235, 2236, 2237, 2238, 2239, 2240, 2241, 2242, 2243, 2244, 2245, 2246, 2247, 2248, 2249, 2250, 2251, 2252, 2253, 2254, 2255, 2256, 2257, 2258, 2259, 2260, 2261, 2262, 2263, 2264, 2265, 2266, 2267, 2268, 2269, 2270, 2271, 2272, 2273, 2274, 2275, 2276, 2277, 2278, 2279, 2280, 2281, 2282, 2283, 2284, 2285, 2286, 2287, 2288, 2289, 2290, 2291, 2292, 2293, 2294, 2295, 2296, 2297, 2298, 2299, 2300, 2301, 2302, 2303, 2304, 2305, 2306, 2307, 2308, 2309, 2310, 2311, 2312, 2313, 2314, 2315, 2316, 2317, 2318, 2319, 2320, 2321, 2322, 2323, 2324, 2325, 2326, 2327, 2328, 2329, 2330, 2331, 2332, 2333, 2334, 2335, 2336, 2337, 2338, 2339, 2340, 2341, 2342, 2343, 2344, 2345, 2346};local
gromacs+2007;6300;7350;1;143;{2171, 2172, 2173, 2174, 2175, 2176, 2177, 2178, 2179, 2180, 2181, 2182, 2183, 2184, 2185, 2186, 2187, 2188, 2189, 2190, 2191, 2192, 2193, 2194, 2195, 2196, 2197, 2198, 2199, 2200, 2201, 2202, 2203, 2204, 2205, 2206, 2207, 2208, 2209, 2210, 2211, 2212, 2213, 2214, 2215, 2216, 2217, 2218, 2219, 2220, 2221, 2222, 2223, 2224, 2225, 2226, 2227, 2228, 2229, 2230, 2231, 2232, 2233, 2234, 2235, 2236, 2237, 2238, 2239, 2240, 2241, 2242, 2243, 2244, 2245, 2246, 2247, 2248, 2249, 2250, 2251, 2252, 2253, 2254, 2255, 2256, 2257, 2258, 2259, 2260, 2261, 2262, 2263, 2264, 2265, 2266, 2267, 2268, 2269, 2270, 2271, 2272, 2273, 2274, 2275, 2276, 2277, 2278, 2279, 2280, 2281, 2282, 2283, 2284, 2285, 2286, 2287, 2288, 2289, 2290, 2291, 2292, 2293, 2294, 2295, 2296, 2297, 2298, 2299, 2300, 2301, 2302, 2303, 2304, 2305, 2306, 2307, 2308, 2309, 2310, 2311, 2312, 2313};local
resnet+2009;6300;51590;2;230;{2171, 2172, 2173, 2174, 2175, 2176, 2177, 2178, 2179, 2180, 2181, 2182, 2183, 2184, 2185, 2186, 2187, 2188, 2189, 2190, 2191, 2192, 2193, 2194, 2195, 2196, 2197, 2198, 2199, 2200, 2201, 2202, 2203, 2204, 2205, 2206, 2207, 2208, 2209, 2210, 2211, 2212, 2213, 2214, 2215, 2216, 2217, 2218, 2219, 2220, 2221, 2222, 2223, 2224, 2225, 2226, 2227, 2228, 2229, 2230, 2231, 2232, 2233, 2234, 2235, 2236, 2237, 2238, 2239, 2240, 2241, 2242, 2243, 2244, 2245, 2246, 2247, 2248, 2249, 2250, 2251, 2252, 2253, 2254, 2255, 2256, 2257, 2258, 2259, 2260, 2261, 2262, 2263, 2264, 2265, 2266, 2267, 2268, 2269, 2270, 2271, 2272, 2273, 2274, 2275, 2276, 2277, 2278, 2279, 2280, 2281, 2282, 2283, 2284, 2285, 2286, 2287, 2288, 2289, 2290, 2291, 2292, 2293, 2294, 2295, 2296, 2297, 2298, 2299, 2300, 2301, 2302, 2303, 2304, 2305, 2306, 2307, 2308, 2309, 2310, 2311, 2312, 2313, 2314, 2315, 2316, 2317, 2318, 2319, 2320, 2321, 2322, 2323, 2324, 2325, 2326, 2327, 2328, 2329, 2330, 2331, 2332, 2333, 2334, 2335, 2336, 2337, 2338, 2339, 2340, 2341, 2342, 2343, 2344, 2345, 2346, 2347, 2348, 2349, 2350, 2351, 2352, 2353, 2354, 2355, 2356, 2357, 2358, 2359, 2360, 2361, 2362, 2363, 2364, 2365, 2366, 2367, 2368, 2369, 2370, 2371, 2372, 2373, 2374, 2375, 2376, 2377, 2378, 2379, 2380, 2381, 2382, 2383, 2384, 2385, 2386, 2387, 2388, 2389, 2390, 2391, 2392, 2393, 2394, 2395, 2396, 2397, 2398, 2399, 2400};local
gromacs+2011;6300;57510;1;250;{2314, 2315, 2316, 2317, 2318, 2319, 2320, 2321, 2322, 2323, 2324, 2325, 2326, 2327, 2328, 2329, 2330, 2331, 2332, 2333, 2334, 2335, 2336, 2337, 2338, 2339, 2340, 2341, 2342, 2343, 2344, 2345, 2346, 2347, 2348, 2349, 2350, 2351, 2352, 2353, 2354, 2355, 2356, 2357, 2358, 2359, 2360, 2361, 2362, 2363, 2364, 2365, 2366, 2367, 2368, 2369, 2370, 2371, 2372, 2373, 2374, 2375, 2376, 2377, 2378, 2379, 2380, 2381, 2382, 2383, 2384, 2385, 2386, 2387, 2388, 2389, 2390, 2391, 2392, 2393, 2394, 2395, 2396, 2397, 2398, 2399, 2400, 2401, 2402, 2403, 2404, 2405, 2406, 2407, 2408, 2409, 2410, 2411, 2412, 2413, 2414, 2415, 2416, 2417, 2418, 2419, 2420, 2421, 2422, 2423, 2424, 2425, 2426, 2427, 2428, 2429, 2430, 2431, 2432, 2433, 2434, 2435, 2436, 2437, 2438, 2439, 2440, 2441, 2442, 2443, 2444, 2445, 2446, 2447, 2448, 2449, 2450, 2451, 2452, 2453, 2454, 2455, 2456, 2457, 2458, 2459, 2460, 2461, 2462, 2463, 2464, 2465, 2466, 2467, 2468, 2469, 2470, 2471, 2472, 2473, 2474, 2475, 2476, 2477, 2478, 2479, 2480, 2481, 2482, 2483, 2484, 2485, 2486, 2487, 2488, 2489, 2490, 2491, 2492, 2493, 2494, 2495, 2496, 2497, 2498, 2499};global
gromacs+2011;6300;57510;0;250;{2347, 2348, 2349, 2350, 2351, 2352, 2353, 2354, 2355, 2356, 2357, 2358, 2359, 2360, 2361, 2362, 2363, 2364, 2365, 2366, 2367, 2368, 2369, 2370, 2371, 2372, 2373, 2374, 2375, 2376, 2377, 2378, 2379, 2380, 2381, 2382, 2383, 2384, 2385, 2386, 2387, 2388, 2389, 2390, 2391, 2392, 2393, 2394, 2395, 2396, 2397, 2398, 2399, 2400, 2401, 2402, 2403, 2404, 2405, 2406, 2407, 2408, 2409, 2410};global
resnet+2016;6300;108630;2;155;{2401, 2402, 2403, 2404, 2405, 2406, 2407, 2408, 2409, 2410, 2411, 2412, 2413, 2414, 2415, 2416, 2417, 2418, 2419, 2420, 2421, 2422, 2423, 2424, 2425, 2426, 2427, 2428, 2429, 2430, 2431, 2432, 2433, 2434, 2435, 2436, 2437, 2438, 2439, 2440, 2441, 2442, 2443, 2444, 2445, 2446, 2447, 2448, 2449, 2450, 2451, 2452, 2453, 2454, 2455, 2456, 2457, 2458, 2459, 2460, 2461, 2462, 2463, 2464, 2465, 2466, 2467, 2468, 2469, 2470, 2471, 2472, 2473, 2474, 2475, 2476, 2477, 2478, 2479, 2480, 2481, 2482, 2483, 2484, 2485, 2486, 2487, 2488, 2489, 2490, 2491, 2492, 2493, 2494, 2495, 2496, 2497, 2498, 2499};global
resnet+2016;6300;108630;0;155;{2432, 2433, 2434, 2435, 2436, 2437, 2438, 2439, 2440, 2441, 2442, 2443, 2444, 2445, 2446, 2447, 2448, 2449, 2450, 2451, 2452, 2453, 2454, 2455, 2456, 2457, 2458, 2459, 2460, 2461, 2462, 2463, 2464, 2465, 2466, 2411, 2412, 2413, 2414, 2415, 2416, 2417, 2418, 2419, 2420, 2421, 2422, 2423, 2424, 2425, 2426, 2427, 2428, 2429, 2430, 2431};global
gromacs+2022;6300;117190;0;38;{2467, 2468, 2469, 2470, 2471, 2472, 2473, 2474, 2475, 2476, 2477, 2478, 2479, 2480, 2481, 2482, 2483, 2484, 2485, 2486, 2487, 2488, 2489, 2490, 2491, 2492, 2493, 2494, 2495, 2496, 2497, 2498, 2499};global
gromacs+2022;6300;117190;3;38;{2469, 2470, 2471, 2472, 2473};global
resnet+2027;6300;9290;3;18;{2474, 2475, 2476, 2477, 2478, 2479, 2480, 2481, 2482, 2483, 2484, 2485, 2486, 2487, 2488, 2489, 2490, 2491};local
gromacs+2057;6300;79870;3;7;{2496, 2497, 2498, 2492, 2493, 2494, 2495};local
shufflenet+2075;6300;7460;3;1;{2499};local